date,spx,spx_timestamp,spx_n_bars,vix,vix_timestamp,vix_n_bars,vix3m,vix3m_timestamp,vix3m_n_bars,vix6m,vix6m_timestamp,vix6m_n_bars
2014-06-04,1927.74,2014-06-04 16:00:00,391,12.09,2014-06-04 16:00:00,390,13.78,2014-06-04 16:00:00,390,15.59,2014-06-04 16:00:00,390
2014-06-05,1940.29,2014-06-05 16:00:00,391,11.71,2014-06-05 16:00:00,390,13.45,2014-06-05 16:00:00,390,15.33,2014-06-05 16:00:00,390
2014-06-06,1949.31,2014-06-06 16:00:00,391,10.79,2014-06-06 16:00:00,390,12.78,2014-06-06 16:00:00,390,14.83,2014-06-06 16:00:00,390
2014-06-09,1951.25,2014-06-09 16:00:00,391,11.07,2014-06-09 16:00:00,390,12.99,2014-06-09 16:00:00,390,15.02,2014-06-09 16:00:00,390
2014-06-10,1950.86,2014-06-10 16:00:00,391,11.05,2014-06-10 16:00:00,390,13.02,2014-06-10 16:00:00,390,14.98,2014-06-10 16:00:00,390
2014-06-11,1943.99,2014-06-11 16:00:00,391,11.63,2014-06-11 16:00:00,390,13.28,2014-06-11 16:00:00,390,15.16,2014-06-11 16:00:00,390
2014-06-12,1930.05,2014-06-12 16:00:00,391,12.58,2014-06-12 16:00:00,390,14.04,2014-06-12 16:00:00,390,15.69,2014-06-12 16:00:00,390
2014-06-13,1935.97,2014-06-13 16:00:00,391,12.04,2014-06-13 16:00:00,390,13.82,2014-06-13 16:00:00,390,15.56,2014-06-13 16:00:00,390
2014-06-16,1937.78,2014-06-16 16:00:00,391,12.64,2014-06-16 16:00:00,390,13.93,2014-06-16 16:00:00,390,15.7,2014-06-16 16:00:00,390
2014-06-17,1942.09,2014-06-17 16:00:00,391,12.2,2014-06-17 15:59:00,389,13.66,2014-06-17 16:00:00,390,15.5,2014-06-17 16:00:00,390
2014-06-18,1956.98,2014-06-18 16:00:00,391,10.59,2014-06-18 16:00:00,388,12.64,2014-06-18 16:00:00,390,14.87,2014-06-18 16:00:00,390
2014-06-19,1959.36,2014-06-19 16:00:00,391,10.71,2014-06-19 16:00:00,390,12.57,2014-06-19 16:00:00,390,14.7,2014-06-19 16:00:00,390
2014-06-20,1963.02,2014-06-20 16:00:00,391,10.71,2014-06-20 16:00:00,390,12.82,2014-06-20 16:00:00,390,14.83,2014-06-20 16:00:00,390
2014-06-23,1962.55,2014-06-23 16:00:00,391,10.99,2014-06-23 16:00:00,390,12.88,2014-06-23 16:00:00,390,14.89,2014-06-23 16:00:00,390
2014-06-24,1950.04,2014-06-24 16:00:00,391,12.06,2014-06-24 16:00:00,390,13.37,2014-06-24 16:00:00,390,15.2,2014-06-24 16:00:00,390
2014-06-25,1959.49,2014-06-25 16:00:00,391,11.43,2014-06-25 16:00:00,390,13.08,2014-06-25 16:00:00,390,14.93,2014-06-25 16:00:00,390
2014-06-26,1957.23,2014-06-26 16:00:00,391,11.53,2014-06-26 16:00:00,390,13.06,2014-06-26 16:00:00,390,14.89,2014-06-26 16:00:00,390
2014-06-27,1960.98,2014-06-27 16:00:00,391,11.28,2014-06-27 16:00:00,390,12.77,2014-06-27 16:00:00,390,14.68,2014-06-27 16:00:00,390
2014-06-30,1960.02,2014-06-30 16:00:00,391,11.67,2014-06-30 16:00:00,390,12.95,2014-06-30 16:00:00,390,14.71,2014-06-30 16:00:00,390
2014-07-01,1973.23,2014-07-01 16:00:00,391,11.04,2014-07-01 16:00:00,390,12.67,2014-07-01 16:00:00,390,14.48,2014-07-01 16:00:00,390
2014-07-02,1974.57,2014-07-02 16:00:00,391,10.88,2014-07-02 16:00:00,390,12.48,2014-07-02 16:00:00,390,14.22,2014-07-02 16:00:00,390
2014-07-03,1985.44,2014-07-03 13:46:00,231,10.32,2014-07-03 13:14:00,224,12.24,2014-07-03 13:14:00,224,14.04,2014-07-03 13:14:00,224
2014-07-07,1977.56,2014-07-07 16:00:00,391,11.34,2014-07-07 16:00:00,390,12.85,2014-07-07 16:00:00,390,14.46,2014-07-07 16:00:00,390
2014-07-08,1963.87,2014-07-08 16:00:00,391,12.13,2014-07-08 16:00:00,390,13.27,2014-07-08 16:00:00,390,14.83,2014-07-08 16:00:00,390
2014-07-09,1972.8,2014-07-09 16:00:00,391,11.6,2014-07-09 16:00:00,390,12.96,2014-07-09 16:00:00,390,14.6,2014-07-09 16:00:00,390
2014-07-10,1964.7,2014-07-10 16:00:00,391,12.58,2014-07-10 16:00:00,390,13.56,2014-07-10 16:00:00,390,15.05,2014-07-10 16:00:00,390
2014-07-11,1967.53,2014-07-11 16:00:00,391,12.12,2014-07-11 16:00:00,390,13.28,2014-07-11 16:00:00,390,14.84,2014-07-11 16:00:00,390
2014-07-14,1977.11,2014-07-14 16:00:00,391,11.82,2014-07-14 16:00:00,390,12.93,2014-07-14 16:00:00,390,14.5,2014-07-14 16:00:00,390
2014-07-15,1973.38,2014-07-15 16:00:00,391,12.11,2014-07-15 16:00:00,390,13.14,2014-07-15 16:00:00,390,14.69,2014-07-15 16:00:00,390
2014-07-16,1981.41,2014-07-16 16:00:00,391,10.81,2014-07-16 16:00:00,389,12.65,2014-07-16 16:00:00,390,14.38,2014-07-16 16:00:00,390
2014-07-17,1958.15,2014-07-17 16:00:00,391,14.88,2014-07-17 16:00:00,390,12.63,2014-07-17 16:00:00,390,15.64,2014-07-17 16:00:00,390
2014-07-18,1978.13,2014-07-18 16:00:00,391,12.3,2014-07-18 16:00:00,390,13.36,2014-07-18 16:00:00,390,14.67,2014-07-18 16:00:00,390
2014-07-21,1973.66,2014-07-21 16:00:00,391,12.48,2014-07-21 16:00:00,390,13.72,2014-07-21 16:00:00,390,14.91,2014-07-21 16:00:00,390
2014-07-22,1983.49,2014-07-22 16:00:00,391,11.84,2014-07-22 16:00:00,390,13.42,2014-07-22 16:00:00,390,14.71,2014-07-22 16:00:00,390
2014-07-23,1987.15,2014-07-23 16:00:00,391,11.54,2014-07-23 16:00:00,390,13.4,2014-07-23 16:00:00,390,14.79,2014-07-23 16:00:00,390
2014-07-24,1987.88,2014-07-24 16:00:00,391,11.89,2014-07-24 16:00:00,390,13.44,2014-07-24 16:00:00,390,14.99,2014-07-24 16:00:00,390
2014-07-25,1978.29,2014-07-25 16:00:00,391,12.55,2014-07-25 16:00:00,390,13.91,2014-07-25 16:00:00,390,15.31,2014-07-25 16:00:00,390
2014-07-28,1978.82,2014-07-28 16:00:00,391,12.65,2014-07-28 16:00:00,390,13.92,2014-07-28 16:00:00,390,15.34,2014-07-28 16:00:00,390
2014-07-29,1970.14,2014-07-29 16:00:00,391,13.26,2014-07-29 16:00:00,390,14.18,2014-07-29 16:00:00,390,15.56,2014-07-29 16:00:00,390
2014-07-30,1970.17,2014-07-30 16:00:00,391,13.42,2014-07-30 16:00:00,390,14.23,2014-07-30 16:00:00,390,15.55,2014-07-30 16:00:00,390
2014-07-31,1930.76,2014-07-31 16:00:00,391,17.09,2014-07-31 16:00:00,390,16.48,2014-07-31 16:00:00,390,17.17,2014-07-31 16:00:00,390
2014-08-01,1925.31,2014-08-01 16:00:00,391,17.02,2014-08-01 16:00:00,390,16.75,2014-08-01 16:00:00,390,17.48,2014-08-01 16:00:00,390
2014-08-04,1939.09,2014-08-04 16:00:00,391,15.0,2014-08-04 16:00:00,390,15.73,2014-08-04 16:00:00,390,16.88,2014-08-04 16:00:00,390
2014-08-05,1920.1,2014-08-05 16:00:00,391,16.59,2014-08-05 16:00:00,390,16.98,2014-08-05 16:00:00,390,17.84,2014-08-05 16:00:00,390
2014-08-06,1920.17,2014-08-06 16:00:00,391,16.3,2014-08-06 16:00:00,390,16.87,2014-08-06 16:00:00,390,17.94,2014-08-06 16:00:00,390
2014-08-07,1909.56,2014-08-07 16:00:00,391,16.7,2014-08-07 16:00:00,390,17.25,2014-08-07 16:00:00,390,18.16,2014-08-07 16:00:00,390
2014-08-08,1931.45,2014-08-08 16:00:00,391,15.75,2014-08-08 16:00:00,390,16.57,2014-08-08 16:00:00,390,17.64,2014-08-08 16:00:00,390
2014-08-11,1936.84,2014-08-11 16:00:00,391,14.17,2014-08-11 16:00:00,390,15.66,2014-08-11 16:00:00,390,17.11,2014-08-11 16:00:00,390
2014-08-12,1933.78,2014-08-12 16:00:00,391,14.15,2014-08-12 16:00:00,390,15.71,2014-08-12 16:00:00,390,17.13,2014-08-12 16:00:00,390
2014-08-13,1946.7,2014-08-13 16:00:00,391,12.99,2014-08-13 16:00:00,390,14.78,2014-08-13 16:00:00,390,16.51,2014-08-13 16:00:00,390
2014-08-14,1955.16,2014-08-14 16:00:00,391,12.54,2014-08-14 16:00:00,390,14.17,2014-08-14 16:00:00,390,16.14,2014-08-14 16:00:00,390
2014-08-15,1955.11,2014-08-15 16:00:00,391,13.37,2014-08-15 16:00:00,390,14.35,2014-08-15 16:00:00,390,16.23,2014-08-15 16:00:00,390
2014-08-18,1971.62,2014-08-18 16:00:00,391,12.35,2014-08-18 16:00:00,390,13.96,2014-08-18 16:00:00,390,15.71,2014-08-18 16:00:00,390
2014-08-19,1981.55,2014-08-19 16:00:00,391,12.16,2014-08-19 16:00:00,390,13.77,2014-08-19 16:00:00,390,15.61,2014-08-19 16:00:00,390
2014-08-20,1986.53,2014-08-20 16:00:00,391,11.79,2014-08-20 16:00:00,390,13.75,2014-08-20 16:00:00,390,15.57,2014-08-20 16:00:00,390
2014-08-21,1992.35,2014-08-21 16:00:00,391,11.73,2014-08-21 16:00:00,390,13.54,2014-08-21 16:00:00,390,15.48,2014-08-21 16:00:00,390
2014-08-22,1988.38,2014-08-22 16:00:00,391,11.59,2014-08-22 16:00:00,390,13.58,2014-08-22 16:00:00,390,15.52,2014-08-22 16:00:00,390
2014-08-25,1998.16,2014-08-25 16:00:00,391,11.66,2014-08-25 16:00:00,390,13.56,2014-08-25 16:00:00,390,15.44,2014-08-25 16:00:00,390
2014-08-26,2000.07,2014-08-26 16:00:00,391,11.62,2014-08-26 16:00:00,390,13.76,2014-08-26 16:00:00,390,15.62,2014-08-26 16:00:00,390
2014-08-27,1999.98,2014-08-27 16:00:00,391,11.79,2014-08-27 16:00:00,390,13.94,2014-08-27 16:00:00,390,15.74,2014-08-27 16:00:00,390
2014-08-28,1996.87,2014-08-28 16:00:00,391,12.11,2014-08-28 16:00:00,390,14.17,2014-08-28 16:00:00,390,15.92,2014-08-28 16:00:00,390
2014-08-29,2003.29,2014-08-29 16:00:00,391,12.15,2014-08-29 16:00:00,390,14.26,2014-08-29 16:00:00,390,16.0,2014-08-29 16:00:00,390
2014-09-02,2002.15,2014-09-02 16:00:00,391,12.27,2014-09-02 16:00:00,390,14.48,2014-09-02 16:00:00,390,16.14,2014-09-02 16:00:00,390
2014-09-03,2000.76,2014-09-03 16:00:00,391,12.35,2014-09-03 16:00:00,390,14.47,2014-09-03 16:00:00,390,16.25,2014-09-03 16:00:00,390
2014-09-04,1997.67,2014-09-04 16:00:00,391,12.68,2014-09-04 16:00:00,390,14.63,2014-09-04 16:00:00,390,16.29,2014-09-04 16:00:00,390
2014-09-05,2007.55,2014-09-05 16:00:00,391,12.14,2014-09-05 16:00:00,390,14.09,2014-09-05 16:00:00,390,15.97,2014-09-05 16:00:00,390
2014-09-08,2001.48,2014-09-08 16:00:00,391,12.72,2014-09-08 16:00:00,390,14.4,2014-09-08 16:00:00,390,16.18,2014-09-08 16:00:00,390
2014-09-09,1988.44,2014-09-09 16:00:00,391,13.62,2014-09-09 16:00:00,390,14.85,2014-09-09 16:00:00,390,16.43,2014-09-09 16:00:00,390
2014-09-10,1995.75,2014-09-10 16:00:00,391,12.89,2014-09-10 16:00:00,390,14.64,2014-09-10 16:00:00,390,16.3,2014-09-10 16:00:00,390
2014-09-11,1997.37,2014-09-11 16:00:00,391,12.67,2014-09-11 16:00:00,390,14.59,2014-09-11 16:00:00,390,16.26,2014-09-11 16:00:00,390
2014-09-12,1985.55,2014-09-12 16:00:00,391,13.37,2014-09-12 16:00:00,390,15.02,2014-09-12 16:00:00,390,16.52,2014-09-12 16:00:00,390
2014-09-15,1984.1,2014-09-15 16:00:00,391,14.07,2014-09-15 16:00:00,390,15.53,2014-09-15 16:00:00,390,16.86,2014-09-15 16:00:00,390
2014-09-16,1999.0,2014-09-16 16:00:00,391,12.94,2014-09-16 16:00:00,390,14.91,2014-09-16 16:00:00,390,16.39,2014-09-16 16:00:00,390
2014-09-17,2001.57,2014-09-17 16:00:00,391,12.62,2014-09-17 16:00:00,390,14.47,2014-09-17 16:00:00,390,16.18,2014-09-17 16:00:00,390
2014-09-18,2011.44,2014-09-18 16:00:00,391,12.02,2014-09-18 16:00:00,390,14.24,2014-09-18 16:00:00,390,15.98,2014-09-18 16:00:00,390
2014-09-19,2010.56,2014-09-19 16:00:00,391,12.2,2014-09-19 16:00:00,390,14.43,2014-09-19 16:00:00,390,16.07,2014-09-19 16:00:00,390
2014-09-22,1994.37,2014-09-22 16:00:00,391,13.68,2014-09-22 16:00:00,390,15.28,2014-09-22 16:00:00,390,16.88,2014-09-22 16:00:00,390
2014-09-23,1982.86,2014-09-23 16:00:00,391,14.73,2014-09-23 16:00:00,390,15.9,2014-09-23 16:00:00,390,17.22,2014-09-23 16:00:00,390
2014-09-24,1998.42,2014-09-24 16:00:00,391,13.25,2014-09-24 16:00:00,390,15.22,2014-09-24 16:00:00,390,16.85,2014-09-24 16:00:00,390
2014-09-25,1966.19,2014-09-25 16:00:00,391,15.91,2014-09-25 16:00:00,390,16.71,2014-09-25 16:00:00,390,17.8,2014-09-25 16:00:00,390
2014-09-26,1982.7,2014-09-26 16:00:00,391,14.82,2014-09-26 16:00:00,390,15.97,2014-09-26 16:00:00,390,17.34,2014-09-26 16:00:00,390
2014-09-29,1977.85,2014-09-29 16:00:00,391,15.94,2014-09-29 16:00:00,390,16.8,2014-09-29 16:00:00,390,17.97,2014-09-29 16:00:00,390
2014-09-30,1972.44,2014-09-30 16:00:00,391,16.2,2014-09-30 16:00:00,390,17.04,2014-09-30 16:00:00,390,18.21,2014-09-30 16:00:00,390
2014-10-01,1946.16,2014-10-01 16:00:00,391,16.8,2014-10-01 16:00:00,390,17.72,2014-10-01 16:00:00,390,18.72,2014-10-01 16:00:00,390
2014-10-02,1946.11,2014-10-02 16:00:00,391,16.26,2014-10-02 16:00:00,390,17.3,2014-10-02 16:00:00,390,18.46,2014-10-02 16:00:00,390
2014-10-03,1967.75,2014-10-03 16:00:00,391,14.68,2014-10-03 16:00:00,390,16.23,2014-10-03 16:00:00,390,17.64,2014-10-03 16:00:00,390
2014-10-06,1964.93,2014-10-06 16:00:00,391,15.29,2014-10-06 16:00:00,390,16.48,2014-10-06 16:00:00,390,17.86,2014-10-06 16:00:00,390
2014-10-07,1934.96,2014-10-07 16:00:00,391,17.43,2014-10-07 16:00:00,390,17.92,2014-10-07 16:00:00,390,18.89,2014-10-07 16:00:00,390
2014-10-08,1968.66,2014-10-08 16:00:00,391,15.11,2014-10-08 16:00:00,390,16.3,2014-10-08 16:00:00,390,17.75,2014-10-08 16:00:00,390
2014-10-09,1928.36,2014-10-09 16:00:00,391,18.98,2014-10-09 16:00:00,390,18.3,2014-10-09 16:00:00,390,19.19,2014-10-09 16:00:00,390
2014-10-10,1906.09,2014-10-10 16:00:00,391,21.24,2014-10-10 16:00:00,390,19.96,2014-10-10 16:00:00,390,20.58,2014-10-10 16:00:00,390
2014-10-13,1874.81,2014-10-13 16:00:00,391,24.28,2014-10-13 16:00:00,390,21.98,2014-10-13 16:00:00,390,22.14,2014-10-13 16:00:00,390
2014-10-14,1877.77,2014-10-14 16:00:00,391,23.42,2014-10-14 16:00:00,390,21.71,2014-10-14 16:00:00,390,22.28,2014-10-14 16:00:00,390
2014-10-15,1862.56,2014-10-15 16:00:00,391,24.89,2014-10-15 16:00:00,390,22.47,2014-10-15 16:00:00,390,22.67,2014-10-15 16:00:00,390
2014-10-16,1862.39,2014-10-16 16:00:00,391,25.25,2014-10-16 16:00:00,390,22.96,2014-10-16 16:00:00,390,23.07,2014-10-16 16:00:00,390
2014-10-17,1886.64,2014-10-17 16:00:00,391,22.13,2014-10-17 16:00:00,390,21.25,2014-10-17 16:00:00,390,21.61,2014-10-17 16:00:00,390
2014-10-20,1903.95,2014-10-20 16:00:00,391,18.75,2014-10-20 16:00:00,390,19.69,2014-10-20 16:00:00,390,20.66,2014-10-20 16:00:00,390
2014-10-21,1941.15,2014-10-21 16:00:00,391,16.34,2014-10-21 16:00:00,390,17.96,2014-10-21 16:00:00,390,19.36,2014-10-21 16:00:00,390
2014-10-22,1927.24,2014-10-22 16:00:00,391,18.26,2014-10-22 16:00:00,388,19.2,2014-10-22 16:00:00,390,20.23,2014-10-22 16:00:00,390
2014-10-23,1950.65,2014-10-23 16:00:00,391,16.63,2014-10-23 16:00:00,390,18.23,2014-10-23 16:00:00,390,19.54,2014-10-23 16:00:00,390
2014-10-24,1964.48,2014-10-24 16:00:00,391,16.36,2014-10-24 16:00:00,390,18.05,2014-10-24 16:00:00,390,19.26,2014-10-24 16:00:00,390
2014-10-27,1961.55,2014-10-27 16:00:00,391,16.18,2014-10-27 16:00:00,390,17.93,2014-10-27 16:00:00,390,19.18,2014-10-27 16:00:00,390
2014-10-28,1984.83,2014-10-28 16:00:00,391,14.53,2014-10-28 16:00:00,390,16.5,2014-10-28 16:00:00,390,18.3,2014-10-28 16:00:00,390
2014-10-29,1982.27,2014-10-29 16:00:00,391,14.94,2014-10-29 16:00:00,390,16.89,2014-10-29 16:00:00,390,18.62,2014-10-29 16:00:00,390
2014-10-30,1994.61,2014-10-30 16:00:00,391,14.52,2014-10-30 16:00:00,390,16.66,2014-10-30 16:00:00,390,18.44,2014-10-30 16:00:00,390
2014-10-31,2017.56,2014-10-31 16:00:00,391,14.03,2014-10-31 16:00:00,390,16.46,2014-10-31 16:00:00,390,18.14,2014-10-31 16:00:00,390
2014-11-03,2017.64,2014-11-03 16:00:00,391,14.73,2014-11-03 16:00:00,390,16.79,2014-11-03 16:00:00,390,18.32,2014-11-03 16:00:00,390
2014-11-04,2011.92,2014-11-04 16:00:00,391,15.0,2014-11-04 16:00:00,390,16.95,2014-11-04 16:00:00,390,18.57,2014-11-04 16:00:00,390
2014-11-05,2023.36,2014-11-05 16:00:00,391,14.29,2014-11-05 16:00:00,390,16.59,2014-11-05 16:00:00,390,18.34,2014-11-05 16:00:00,390
2014-11-06,2031.03,2014-11-06 16:00:00,391,13.96,2014-11-06 16:00:00,390,16.23,2014-11-06 16:00:00,390,18.05,2014-11-06 16:00:00,390
2014-11-07,2031.8,2014-11-07 16:00:00,391,13.04,2014-11-07 16:00:00,390,15.78,2014-11-07 16:00:00,390,17.75,2014-11-07 16:00:00,390
2014-11-10,2038.23,2014-11-10 16:00:00,391,12.64,2014-11-10 16:00:00,390,15.44,2014-11-10 16:00:00,390,17.34,2014-11-10 16:00:00,390
2014-11-11,2039.73,2014-11-11 16:00:00,391,12.92,2014-11-11 16:00:00,390,15.38,2014-11-11 16:00:00,390,17.36,2014-11-11 16:00:00,390
2014-11-12,2038.2,2014-11-12 16:00:00,391,13.14,2014-11-12 16:00:00,390,15.95,2014-11-12 16:00:00,390,17.62,2014-11-12 16:00:00,390
2014-11-13,2039.28,2014-11-13 16:00:00,391,13.69,2014-11-13 16:00:00,390,15.86,2014-11-13 16:00:00,390,17.75,2014-11-13 16:00:00,390
2014-11-14,2039.92,2014-11-14 16:00:00,391,13.44,2014-11-14 16:00:00,390,15.99,2014-11-14 16:00:00,390,17.75,2014-11-14 16:00:00,390
2014-11-17,2041.22,2014-11-17 16:00:00,391,14.04,2014-11-17 16:00:00,390,15.93,2014-11-17 16:00:00,390,17.82,2014-11-17 16:00:00,390
2014-11-18,2051.96,2014-11-18 16:00:00,391,13.88,2014-11-18 16:00:00,390,15.72,2014-11-18 16:00:00,390,17.51,2014-11-18 16:00:00,390
2014-11-19,2048.67,2014-11-19 16:00:00,391,14.05,2014-11-19 16:00:00,389,16.04,2014-11-19 16:00:00,390,17.89,2014-11-19 16:00:00,390
2014-11-20,2052.69,2014-11-20 16:00:00,391,13.73,2014-11-20 16:00:00,390,15.99,2014-11-20 16:00:00,390,17.93,2014-11-20 16:00:00,390
2014-11-21,2063.34,2014-11-21 16:00:00,391,13.01,2014-11-21 16:00:00,390,15.79,2014-11-21 16:00:00,390,17.78,2014-11-21 16:00:00,390
2014-11-24,2069.46,2014-11-24 16:00:00,391,12.65,2014-11-24 16:00:00,390,15.57,2014-11-24 16:00:00,390,17.64,2014-11-24 16:00:00,390
2014-11-25,2067.44,2014-11-25 16:00:00,391,12.29,2014-11-25 16:00:00,390,15.44,2014-11-25 16:00:00,390,17.63,2014-11-25 16:00:00,390
2014-11-26,2072.77,2014-11-26 16:00:00,391,12.21,2014-11-26 16:00:00,390,15.4,2014-11-26 16:00:00,390,17.57,2014-11-26 16:00:00,390
2014-11-28,2067.56,2014-11-28 13:47:00,231,13.33,2014-11-28 13:14:00,224,15.93,2014-11-28 13:14:00,224,17.94,2014-11-28 13:14:00,224
2014-12-01,2053.48,2014-12-01 16:00:00,391,14.13,2014-12-01 16:00:00,390,16.64,2014-12-01 16:00:00,390,18.28,2014-12-01 16:00:00,390
2014-12-02,2066.5,2014-12-02 16:00:00,391,12.97,2014-12-02 16:00:00,390,15.91,2014-12-02 16:00:00,390,17.8,2014-12-02 16:00:00,390
2014-12-03,2074.19,2014-12-03 16:00:00,391,12.39,2014-12-03 16:00:00,390,15.51,2014-12-03 16:00:00,390,17.55,2014-12-03 16:00:00,390
2014-12-04,2071.65,2014-12-04 16:00:00,391,12.5,2014-12-04 16:00:00,390,15.71,2014-12-04 16:00:00,390,17.62,2014-12-04 16:00:00,390
2014-12-05,2075.25,2014-12-05 16:00:00,391,11.96,2014-12-05 16:00:00,390,15.32,2014-12-05 16:00:00,390,17.32,2014-12-05 16:00:00,390
2014-12-08,2060.46,2014-12-08 16:00:00,391,14.13,2014-12-08 16:00:00,390,16.46,2014-12-08 16:00:00,390,18.14,2014-12-08 16:00:00,390
2014-12-09,2059.73,2014-12-09 16:00:00,391,14.96,2014-12-09 16:00:00,390,16.78,2014-12-09 16:00:00,390,18.39,2014-12-09 16:00:00,390
2014-12-10,2026.29,2014-12-10 16:00:00,391,18.53,2014-12-10 16:00:00,390,19.11,2014-12-10 16:00:00,390,20.14,2014-12-10 16:00:00,390
2014-12-11,2035.28,2014-12-11 16:00:00,391,19.34,2014-12-11 16:00:00,390,20.03,2014-12-11 16:00:00,390,20.87,2014-12-11 16:00:00,390
2014-12-12,2002.76,2014-12-12 16:00:00,391,21.92,2014-12-12 16:00:00,390,21.93,2014-12-12 16:00:00,390,22.39,2014-12-12 16:00:00,390
2014-12-15,1989.43,2014-12-15 16:00:00,391,20.7,2014-12-15 16:00:00,390,21.38,2014-12-15 16:00:00,390,22.19,2014-12-15 16:00:00,390
2014-12-16,1972.98,2014-12-16 16:00:00,391,23.35,2014-12-16 16:00:00,390,22.97,2014-12-16 16:00:00,390,23.22,2014-12-16 16:00:00,390
2014-12-17,2012.84,2014-12-17 16:00:00,391,19.42,2014-12-17 16:00:00,389,20.45,2014-12-17 16:00:00,390,21.3,2014-12-17 16:00:00,390
2014-12-18,2061.14,2014-12-18 16:00:00,391,16.82,2014-12-18 16:00:00,390,18.53,2014-12-18 16:00:00,390,19.88,2014-12-18 16:00:00,390
2014-12-19,2070.59,2014-12-19 16:00:00,391,16.89,2014-12-19 16:00:00,390,18.54,2014-12-19 16:00:00,390,19.67,2014-12-19 16:00:00,390
2014-12-22,2078.61,2014-12-22 16:00:00,391,15.03,2014-12-22 16:00:00,390,17.48,2014-12-22 16:00:00,390,19.2,2014-12-22 16:00:00,390
2014-12-23,2082.21,2014-12-23 16:00:00,391,14.85,2014-12-23 16:00:00,390,17.78,2014-12-23 16:00:00,390,19.19,2014-12-23 16:00:00,390
2014-12-24,2081.88,2014-12-24 13:52:00,231,14.37,2014-12-24 13:14:00,224,17.26,2014-12-24 13:14:00,224,19.18,2014-12-24 13:14:00,224
2014-12-26,2088.79,2014-12-26 16:00:00,391,14.79,2014-12-26 16:00:00,390,17.23,2014-12-26 16:00:00,390,19.05,2014-12-26 16:00:00,390
2014-12-29,2090.71,2014-12-29 16:00:00,391,15.24,2014-12-29 16:00:00,390,17.28,2014-12-29 16:00:00,390,18.75,2014-12-29 16:00:00,390
2014-12-30,2080.34,2014-12-30 16:00:00,391,16.12,2014-12-30 16:00:00,390,18.04,2014-12-30 16:00:00,390,19.43,2014-12-30 16:00:00,390
2014-12-31,2058.9,2014-12-31 16:00:00,391,19.17,2014-12-31 16:00:00,390,20.16,2014-12-31 16:00:00,390,20.71,2014-12-31 16:00:00,390
2015-01-02,2058.15,2015-01-02 16:00:00,391,17.84,2015-01-02 16:00:00,390,19.48,2015-01-02 16:00:00,390,20.32,2015-01-02 16:00:00,390
2015-01-05,2020.9,2015-01-05 16:00:00,391,20.17,2015-01-05 16:00:00,390,20.94,2015-01-05 16:00:00,390,21.52,2015-01-05 16:00:00,390
2015-01-06,2002.44,2015-01-06 16:00:00,391,21.47,2015-01-06 16:00:00,390,21.58,2015-01-06 16:00:00,390,21.82,2015-01-06 16:00:00,390
2015-01-07,2025.85,2015-01-07 16:00:00,391,19.48,2015-01-07 16:00:00,390,20.02,2015-01-07 16:00:00,390,20.84,2015-01-07 16:00:00,390
2015-01-08,2062.03,2015-01-08 16:00:00,391,17.0,2015-01-08 16:00:00,390,18.38,2015-01-08 16:00:00,390,19.54,2015-01-08 16:00:00,390
2015-01-09,2044.99,2015-01-09 16:00:00,391,17.82,2015-01-09 16:00:00,390,19.39,2015-01-09 16:00:00,390,20.16,2015-01-09 16:00:00,390
2015-01-12,2028.46,2015-01-12 16:00:00,391,19.53,2015-01-12 16:00:00,390,20.48,2015-01-12 16:00:00,390,20.89,2015-01-12 16:00:00,390
2015-01-13,2023.01,2015-01-13 16:00:00,391,20.44,2015-01-13 16:00:00,390,21.31,2015-01-13 16:00:00,390,21.34,2015-01-13 16:00:00,390
2015-01-14,2011.2,2015-01-14 16:00:00,391,21.84,2015-01-14 16:00:00,390,21.79,2015-01-14 16:00:00,390,21.69,2015-01-14 16:00:00,390
2015-01-15,1992.73,2015-01-15 16:00:00,391,22.84,2015-01-15 16:00:00,390,22.16,2015-01-15 16:00:00,390,21.98,2015-01-15 16:00:00,390
2015-01-16,2019.28,2015-01-16 16:00:00,391,21.32,2015-01-16 16:00:00,390,21.15,2015-01-16 16:00:00,390,21.52,2015-01-16 16:00:00,390
2015-01-20,2022.53,2015-01-20 16:00:00,391,20.01,2015-01-20 16:00:00,390,20.8,2015-01-20 16:00:00,390,21.11,2015-01-20 16:00:00,390
2015-01-21,2032.34,2015-01-21 16:00:00,391,18.93,2015-01-21 16:00:00,390,20.14,2015-01-21 16:00:00,390,20.71,2015-01-21 16:00:00,390
2015-01-22,2063.31,2015-01-22 16:00:00,391,16.39,2015-01-22 16:00:00,390,18.54,2015-01-22 16:00:00,390,19.5,2015-01-22 16:00:00,390
2015-01-23,2051.79,2015-01-23 16:00:00,391,16.64,2015-01-23 16:00:00,390,18.94,2015-01-23 16:00:00,390,19.77,2015-01-23 16:00:00,390
2015-01-26,2056.96,2015-01-26 16:00:00,391,15.76,2015-01-26 16:00:00,390,18.2,2015-01-26 16:00:00,390,19.47,2015-01-26 16:00:00,390
2015-01-27,2029.62,2015-01-27 16:00:00,391,17.93,2015-01-27 16:00:00,390,19.46,2015-01-27 16:00:00,390,20.3,2015-01-27 16:00:00,390
2015-01-28,2002.35,2015-01-28 16:00:00,391,19.97,2015-01-28 16:00:00,390,20.96,2015-01-28 16:00:00,390,21.44,2015-01-28 16:00:00,390
2015-01-29,2021.39,2015-01-29 16:00:00,391,19.03,2015-01-29 16:00:00,390,20.12,2015-01-29 16:00:00,390,20.78,2015-01-29 16:00:00,390
2015-01-30,1995.24,2015-01-30 16:00:00,391,22.01,2015-01-30 16:00:00,390,22.54,2015-01-30 16:00:00,390,22.17,2015-01-30 16:00:00,390
2015-02-02,2020.86,2015-02-02 16:00:00,391,19.59,2015-02-02 16:00:00,390,21.06,2015-02-02 16:00:00,390,21.31,2015-02-02 16:00:00,390
2015-02-03,2049.85,2015-02-03 16:00:00,391,17.29,2015-02-03 16:00:00,390,19.25,2015-02-03 16:00:00,390,20.32,2015-02-03 16:00:00,390
2015-02-04,2041.42,2015-02-04 16:00:00,391,18.14,2015-02-04 16:00:00,390,19.89,2015-02-04 16:00:00,390,20.78,2015-02-04 16:00:00,390
2015-02-05,2062.35,2015-02-05 16:00:00,391,16.96,2015-02-05 16:00:00,390,19.13,2015-02-05 16:00:00,390,20.28,2015-02-05 16:00:00,390
2015-02-06,2055.46,2015-02-06 16:00:00,391,18.11,2015-02-06 16:00:00,390,20.2,2015-02-06 16:00:00,390,21.09,2015-02-06 16:00:00,390
2015-02-09,2046.65,2015-02-09 16:00:00,391,18.63,2015-02-09 16:00:00,390,20.72,2015-02-09 16:00:00,390,21.44,2015-02-09 16:00:00,390
2015-02-10,2068.46,2015-02-10 16:00:00,391,17.2,2015-02-10 16:00:00,390,19.73,2015-02-10 16:00:00,390,20.73,2015-02-10 16:00:00,390
2015-02-11,2068.4,2015-02-11 16:00:00,391,17.18,2015-02-11 16:00:00,390,19.6,2015-02-11 16:00:00,390,20.7,2015-02-11 16:00:00,390
2015-02-12,2088.29,2015-02-12 16:00:00,391,15.3,2015-02-12 16:00:00,390,18.3,2015-02-12 16:00:00,390,19.67,2015-02-12 16:00:00,390
2015-02-13,2096.89,2015-02-13 16:00:00,391,14.8,2015-02-13 16:00:00,390,18.0,2015-02-13 16:00:00,390,19.42,2015-02-13 16:00:00,390
2015-02-17,2099.96,2015-02-17 16:00:00,391,15.8,2015-02-17 16:00:00,390,18.28,2015-02-17 16:00:00,390,19.59,2015-02-17 16:00:00,390
2015-02-18,2099.61,2015-02-18 16:00:00,391,15.46,2015-02-18 16:00:00,390,18.67,2015-02-18 16:00:00,390,19.6,2015-02-18 16:00:00,390
2015-02-19,2097.48,2015-02-19 16:00:00,391,15.29,2015-02-19 16:00:00,390,17.98,2015-02-19 16:00:00,390,19.55,2015-02-19 16:00:00,390
2015-02-20,2110.23,2015-02-20 16:00:00,391,14.33,2015-02-20 16:00:00,390,17.29,2015-02-20 16:00:00,390,19.02,2015-02-20 16:00:00,390
2015-02-23,2109.61,2015-02-23 16:00:00,391,14.53,2015-02-23 16:00:00,390,17.67,2015-02-23 16:00:00,390,18.97,2015-02-23 16:00:00,390
2015-02-24,2115.57,2015-02-24 16:00:00,391,13.66,2015-02-24 16:00:00,390,16.67,2015-02-24 16:00:00,390,18.35,2015-02-24 16:00:00,390
2015-02-25,2113.76,2015-02-25 16:00:00,391,13.82,2015-02-25 16:00:00,390,16.79,2015-02-25 16:00:00,390,18.35,2015-02-25 16:00:00,390
2015-02-26,2110.77,2015-02-26 16:00:00,391,14.0,2015-02-26 16:00:00,390,16.88,2015-02-26 16:00:00,390,18.39,2015-02-26 16:00:00,390
2015-02-27,2104.48,2015-02-27 16:00:00,391,13.5,2015-02-27 16:00:00,390,17.05,2015-02-27 16:00:00,390,18.44,2015-02-27 16:00:00,390
2015-03-02,2117.23,2015-03-02 16:00:00,391,12.92,2015-03-02 16:00:00,390,16.14,2015-03-02 16:00:00,390,17.75,2015-03-02 16:00:00,390
2015-03-03,2107.78,2015-03-03 16:00:00,391,13.78,2015-03-03 16:00:00,390,16.55,2015-03-03 16:00:00,390,18.12,2015-03-03 16:00:00,390
2015-03-04,2098.59,2015-03-04 16:00:00,391,14.28,2015-03-04 16:00:00,390,16.88,2015-03-04 16:00:00,390,18.38,2015-03-04 16:00:00,390
2015-03-05,2101.08,2015-03-05 16:00:00,391,14.09,2015-03-05 16:00:00,390,16.66,2015-03-05 16:00:00,390,18.12,2015-03-05 16:00:00,390
2015-03-06,2071.26,2015-03-06 16:00:00,391,15.49,2015-03-06 16:00:00,390,17.66,2015-03-06 16:00:00,390,18.8,2015-03-06 16:00:00,390
2015-03-09,2079.39,2015-03-09 16:00:00,391,15.06,2015-03-09 16:00:00,390,17.27,2015-03-09 16:00:00,390,18.55,2015-03-09 16:00:00,390
2015-03-10,2044.65,2015-03-10 16:00:00,391,16.59,2015-03-10 16:00:00,390,18.21,2015-03-10 16:00:00,390,19.36,2015-03-10 16:00:00,390
2015-03-11,2040.38,2015-03-11 16:00:00,391,17.03,2015-03-11 16:00:00,390,18.69,2015-03-11 16:00:00,390,19.69,2015-03-11 16:00:00,390
2015-03-12,2065.86,2015-03-12 16:00:00,391,15.37,2015-03-12 16:00:00,390,17.32,2015-03-12 16:00:00,390,18.67,2015-03-12 16:00:00,390
2015-03-13,2053.38,2015-03-13 16:00:00,391,15.93,2015-03-13 16:00:00,390,17.76,2015-03-13 16:00:00,390,18.98,2015-03-13 16:00:00,390
2015-03-16,2081.02,2015-03-16 16:00:00,391,15.39,2015-03-16 16:00:00,390,17.21,2015-03-16 16:00:00,390,18.48,2015-03-16 16:00:00,390
2015-03-17,2074.17,2015-03-17 16:00:00,391,15.98,2015-03-17 16:00:00,390,17.47,2015-03-17 16:00:00,390,18.82,2015-03-17 16:00:00,390
2015-03-18,2099.32,2015-03-18 16:00:00,391,13.99,2015-03-18 16:00:00,390,16.42,2015-03-18 16:00:00,390,17.95,2015-03-18 16:00:00,390
2015-03-19,2089.38,2015-03-19 16:00:00,391,14.14,2015-03-19 16:00:00,390,16.98,2015-03-19 16:00:00,390,18.39,2015-03-19 16:00:00,390
2015-03-20,2108.17,2015-03-20 16:00:00,391,13.1,2015-03-20 16:00:00,390,16.35,2015-03-20 16:00:00,390,18.11,2015-03-20 16:00:00,390
2015-03-23,2104.46,2015-03-23 16:00:00,391,13.3,2015-03-23 16:00:00,390,16.25,2015-03-23 16:00:00,390,18.13,2015-03-23 16:00:00,390
2015-03-24,2091.58,2015-03-24 16:00:00,391,13.66,2015-03-24 16:00:00,390,16.46,2015-03-24 16:00:00,390,18.23,2015-03-24 16:00:00,390
2015-03-25,2061.15,2015-03-25 16:00:00,391,15.5,2015-03-25 16:00:00,390,17.55,2015-03-25 16:00:00,390,19.1,2015-03-25 16:00:00,390
2015-03-26,2056.23,2015-03-26 16:00:00,391,15.71,2015-03-26 16:00:00,390,17.51,2015-03-26 16:00:00,390,19.01,2015-03-26 16:00:00,390
2015-03-27,2060.85,2015-03-27 16:00:00,391,15.0,2015-03-27 16:00:00,390,17.28,2015-03-27 16:00:00,390,18.82,2015-03-27 16:00:00,390
2015-03-30,2086.19,2015-03-30 16:00:00,391,14.27,2015-03-30 16:00:00,390,16.7,2015-03-30 16:00:00,390,18.37,2015-03-30 16:00:00,390
2015-03-31,2068.03,2015-03-31 16:00:00,391,15.44,2015-03-31 16:00:00,390,17.59,2015-03-31 16:00:00,390,19.13,2015-03-31 16:00:00,390
2015-04-01,2059.77,2015-04-01 16:00:00,391,15.23,2015-04-01 16:00:00,390,17.43,2015-04-01 16:00:00,390,19.16,2015-04-01 16:00:00,390
2015-04-02,2066.86,2015-04-02 16:00:00,391,14.51,2015-04-02 16:00:00,390,17.05,2015-04-02 16:00:00,390,18.87,2015-04-02 16:00:00,390
2015-04-06,2080.73,2015-04-06 16:00:00,391,14.72,2015-04-06 16:00:00,390,16.8,2015-04-06 16:00:00,390,18.63,2015-04-06 16:00:00,390
2015-04-07,2076.21,2015-04-07 16:00:00,391,14.81,2015-04-07 16:00:00,390,16.79,2015-04-07 16:00:00,390,18.63,2015-04-07 16:00:00,390
2015-04-08,2081.86,2015-04-08 16:00:00,391,14.02,2015-04-08 16:00:00,390,16.42,2015-04-08 16:00:00,390,18.32,2015-04-08 16:00:00,390
2015-04-09,2091.1,2015-04-09 16:00:00,391,13.17,2015-04-09 16:00:00,390,15.82,2015-04-09 16:00:00,390,17.97,2015-04-09 16:00:00,390
2015-04-10,2102.1,2015-04-10 16:00:00,391,12.59,2015-04-10 16:00:00,390,15.39,2015-04-10 16:00:00,390,17.59,2015-04-10 16:00:00,390
2015-04-13,2092.56,2015-04-13 16:00:00,391,14.06,2015-04-13 16:00:00,390,16.29,2015-04-13 16:00:00,390,18.13,2015-04-13 16:00:00,390
2015-04-14,2096.01,2015-04-14 16:00:00,391,13.85,2015-04-14 16:00:00,390,15.9,2015-04-14 16:00:00,390,17.95,2015-04-14 16:00:00,390
2015-04-15,2106.41,2015-04-15 16:00:00,391,12.89,2015-04-15 16:00:00,389,15.47,2015-04-15 16:00:00,390,17.68,2015-04-15 16:00:00,390
2015-04-16,2105.02,2015-04-16 16:00:00,391,12.77,2015-04-16 16:00:00,390,15.42,2015-04-16 16:00:00,390,17.66,2015-04-16 16:00:00,390
2015-04-17,2081.07,2015-04-17 16:00:00,391,14.01,2015-04-17 16:00:00,390,16.23,2015-04-17 16:00:00,390,18.17,2015-04-17 16:00:00,390
2015-04-20,2100.35,2015-04-20 16:00:00,391,13.21,2015-04-20 16:00:00,390,15.53,2015-04-20 16:00:00,390,17.68,2015-04-20 16:00:00,390
2015-04-21,2097.36,2015-04-21 16:00:00,391,13.24,2015-04-21 16:00:00,390,15.5,2015-04-21 16:00:00,390,17.71,2015-04-21 16:00:00,390
2015-04-22,2107.92,2015-04-22 16:00:00,391,12.61,2015-04-22 16:00:00,390,15.23,2015-04-22 16:00:00,390,17.43,2015-04-22 16:00:00,390
2015-04-23,2112.92,2015-04-23 16:00:00,391,12.61,2015-04-23 16:00:00,390,15.19,2015-04-23 16:00:00,390,17.42,2015-04-23 16:00:00,390
2015-04-24,2117.76,2015-04-24 16:00:00,391,12.31,2015-04-24 16:00:00,390,15.26,2015-04-24 16:00:00,390,17.44,2015-04-24 16:00:00,390
2015-04-27,2108.96,2015-04-27 16:00:00,391,13.19,2015-04-27 16:00:00,390,15.88,2015-04-27 16:00:00,390,17.77,2015-04-27 16:00:00,390
2015-04-28,2114.87,2015-04-28 16:00:00,391,12.5,2015-04-28 16:00:00,390,15.44,2015-04-28 16:00:00,390,17.48,2015-04-28 16:00:00,390
2015-04-29,2106.8,2015-04-29 16:00:00,391,13.19,2015-04-29 16:00:00,390,15.9,2015-04-29 16:00:00,390,17.79,2015-04-29 16:00:00,390
2015-04-30,2085.48,2015-04-30 16:00:00,391,14.62,2015-04-30 16:00:00,390,16.51,2015-04-30 16:00:00,390,18.3,2015-04-30 16:00:00,390
2015-05-01,2108.09,2015-05-01 16:00:00,391,12.75,2015-05-01 16:00:00,390,15.37,2015-05-01 16:00:00,390,17.51,2015-05-01 16:00:00,390
2015-05-04,2114.44,2015-05-04 16:00:00,391,12.96,2015-05-04 16:00:00,390,15.46,2015-05-04 16:00:00,390,17.61,2015-05-04 16:00:00,390
2015-05-05,2089.46,2015-05-05 16:00:00,391,14.3,2015-05-05 16:00:00,390,16.32,2015-05-05 16:00:00,390,18.14,2015-05-05 16:00:00,390
2015-05-06,2080.23,2015-05-06 16:00:00,391,15.04,2015-05-06 16:00:00,390,16.67,2015-05-06 16:00:00,390,18.46,2015-05-06 16:00:00,390
2015-05-07,2088.04,2015-05-07 16:00:00,391,15.24,2015-05-07 16:00:00,390,16.8,2015-05-07 16:00:00,390,18.42,2015-05-07 16:00:00,390
2015-05-08,2116.0,2015-05-08 16:00:00,391,12.9,2015-05-08 16:00:00,390,15.54,2015-05-08 16:00:00,390,17.54,2015-05-08 16:00:00,390
2015-05-11,2105.32,2015-05-11 16:00:00,391,13.61,2015-05-11 16:00:00,390,16.0,2015-05-11 16:00:00,390,17.91,2015-05-11 16:00:00,390
2015-05-12,2099.08,2015-05-12 16:00:00,391,13.97,2015-05-12 16:00:00,390,16.48,2015-05-12 16:00:00,390,18.05,2015-05-12 16:00:00,390
2015-05-13,2098.46,2015-05-13 16:00:00,391,13.76,2015-05-13 16:00:00,390,16.38,2015-05-13 16:00:00,390,17.89,2015-05-13 16:00:00,390
2015-05-14,2120.86,2015-05-14 16:00:00,391,12.77,2015-05-14 16:00:00,390,15.92,2015-05-14 16:00:00,390,17.59,2015-05-14 16:00:00,390
2015-05-15,2122.71,2015-05-15 16:00:00,391,12.36,2015-05-15 16:00:00,390,15.65,2015-05-15 16:00:00,390,17.42,2015-05-15 16:00:00,390
2015-05-18,2129.06,2015-05-18 16:00:00,391,12.74,2015-05-18 16:00:00,390,15.24,2015-05-18 16:00:00,390,17.22,2015-05-18 16:00:00,390
2015-05-19,2127.86,2015-05-19 16:00:00,391,12.85,2015-05-19 16:00:00,390,15.38,2015-05-19 16:00:00,390,17.05,2015-05-19 16:00:00,390
2015-05-20,2125.79,2015-05-20 16:00:00,391,12.88,2015-05-20 16:00:00,390,15.14,2015-05-20 16:00:00,390,16.98,2015-05-20 16:00:00,390
2015-05-21,2130.98,2015-05-21 16:00:00,391,12.22,2015-05-21 16:00:00,390,14.59,2015-05-21 16:00:00,390,16.64,2015-05-21 16:00:00,390
2015-05-22,2126.21,2015-05-22 16:00:00,391,12.21,2015-05-22 16:00:00,390,14.47,2015-05-22 16:00:00,390,16.73,2015-05-22 16:00:00,390
2015-05-26,2104.3,2015-05-26 16:00:00,391,14.25,2015-05-26 16:00:00,390,15.57,2015-05-26 16:00:00,390,17.42,2015-05-26 16:00:00,390
2015-05-27,2123.48,2015-05-27 16:00:00,391,13.27,2015-05-27 16:00:00,390,14.98,2015-05-27 16:00:00,390,16.92,2015-05-27 16:00:00,390
2015-05-28,2120.88,2015-05-28 16:00:00,391,13.5,2015-05-28 16:00:00,390,15.07,2015-05-28 16:00:00,390,17.07,2015-05-28 16:00:00,390
2015-05-29,2107.44,2015-05-29 16:00:00,391,14.15,2015-05-29 16:00:00,390,15.5,2015-05-29 16:00:00,390,17.43,2015-05-29 16:00:00,390
2015-06-01,2111.76,2015-06-01 16:00:00,391,14.07,2015-06-01 16:00:00,390,15.41,2015-06-01 16:00:00,390,17.32,2015-06-01 16:00:00,390
2015-06-02,2109.57,2015-06-02 16:00:00,391,14.29,2015-06-02 16:00:00,390,15.68,2015-06-02 16:00:00,390,17.46,2015-06-02 16:00:00,390
2015-06-03,2114.23,2015-06-03 16:00:00,391,13.7,2015-06-03 16:00:00,390,15.34,2015-06-03 16:00:00,390,17.32,2015-06-03 16:00:00,390
2015-06-04,2096.16,2015-06-04 16:00:00,391,14.92,2015-06-04 16:00:00,390,16.32,2015-06-04 16:00:00,390,17.89,2015-06-04 16:00:00,390
2015-06-05,2092.77,2015-06-05 16:00:00,391,14.31,2015-06-05 16:00:00,390,15.96,2015-06-05 16:00:00,390,17.78,2015-06-05 16:00:00,390
2015-06-08,2079.33,2015-06-08 16:00:00,391,15.19,2015-06-08 16:00:00,390,16.54,2015-06-08 16:00:00,390,18.16,2015-06-08 16:00:00,390
2015-06-09,2080.04,2015-06-09 16:00:00,391,14.79,2015-06-09 16:00:00,390,16.34,2015-06-09 16:00:00,390,18.05,2015-06-09 16:00:00,390
2015-06-10,2104.88,2015-06-10 16:00:00,391,13.5,2015-06-10 16:00:00,390,15.45,2015-06-10 16:00:00,390,17.11,2015-06-10 16:00:00,390
2015-06-11,2109.14,2015-06-11 16:00:00,391,12.69,2015-06-11 16:00:00,390,15.01,2015-06-11 16:00:00,390,16.76,2015-06-11 16:00:00,390
2015-06-12,2094.13,2015-06-12 16:00:00,391,13.88,2015-06-12 16:00:00,390,15.63,2015-06-12 16:00:00,390,17.17,2015-06-12 16:00:00,390
2015-06-15,2084.56,2015-06-15 16:00:00,391,15.39,2015-06-15 16:00:00,390,16.52,2015-06-15 16:00:00,390,17.98,2015-06-15 16:00:00,390
2015-06-16,2096.31,2015-06-16 16:00:00,391,14.86,2015-06-16 16:00:00,390,16.22,2015-06-16 16:00:00,390,17.8,2015-06-16 16:00:00,390
2015-06-17,2100.37,2015-06-17 16:00:00,391,14.39,2015-06-17 16:00:00,390,16.11,2015-06-17 16:00:00,390,17.63,2015-06-17 16:00:00,390
2015-06-18,2121.03,2015-06-18 16:00:00,391,13.22,2015-06-18 16:00:00,390,15.45,2015-06-18 16:00:00,390,17.2,2015-06-18 16:00:00,390
2015-06-19,2109.46,2015-06-19 16:00:00,387,13.98,2015-06-19 16:00:00,390,15.89,2015-06-19 16:00:00,390,17.57,2015-06-19 16:00:00,390
2015-06-22,2122.94,2015-06-22 16:00:00,391,12.7,2015-06-22 16:00:00,390,14.93,2015-06-22 16:00:00,390,16.84,2015-06-22 16:00:00,390
2015-06-23,2124.31,2015-06-23 16:00:00,391,12.16,2015-06-23 16:00:00,390,14.54,2015-06-23 16:00:00,390,16.51,2015-06-23 16:00:00,390
2015-06-24,2108.79,2015-06-24 16:00:00,372,13.23,2015-06-24 16:00:00,390,15.12,2015-06-24 16:00:00,390,16.88,2015-06-24 16:00:00,390
2015-06-25,2102.42,2015-06-25 16:00:00,391,14.12,2015-06-25 16:00:00,390,15.49,2015-06-25 16:00:00,390,16.98,2015-06-25 16:00:00,390
2015-06-26,2101.73,2015-06-26 16:00:00,391,14.19,2015-06-26 16:00:00,390,15.59,2015-06-26 16:00:00,390,16.96,2015-06-26 16:00:00,390
2015-06-29,2057.69,2015-06-29 16:00:00,391,19.2,2015-06-29 16:00:00,390,18.85,2015-06-29 16:00:00,390,19.14,2015-06-29 16:00:00,390
2015-06-30,2062.9,2015-06-30 16:00:00,391,18.55,2015-06-30 16:00:00,390,18.39,2015-06-30 16:00:00,390,19.02,2015-06-30 16:00:00,390
2015-07-01,2077.67,2015-07-01 16:00:00,391,16.11,2015-07-01 16:00:00,390,16.89,2015-07-01 16:00:00,390,17.92,2015-07-01 16:00:00,390
2015-07-02,2076.46,2015-07-02 16:00:00,391,17.01,2015-07-02 16:00:00,390,17.89,2015-07-02 16:00:00,390,18.45,2015-07-02 16:00:00,390
2015-07-06,2068.78,2015-07-06 16:00:00,391,17.37,2015-07-06 16:00:00,390,18.19,2015-07-06 16:00:00,390,18.64,2015-07-06 16:00:00,390
2015-07-07,2081.54,2015-07-07 16:00:00,391,16.1,2015-07-07 16:00:00,390,16.98,2015-07-07 16:00:00,390,17.8,2015-07-07 16:00:00,390
2015-07-08,2046.87,2015-07-08 16:00:00,391,19.73,2015-07-08 16:00:00,390,19.3,2015-07-08 16:00:00,390,19.43,2015-07-08 16:00:00,390
2015-07-09,2051.31,2015-07-09 16:00:00,391,19.62,2015-07-09 16:00:00,390,19.52,2015-07-09 16:00:00,390,19.57,2015-07-09 16:00:00,390
2015-07-10,2076.54,2015-07-10 16:00:00,391,16.73,2015-07-10 16:00:00,390,17.72,2015-07-10 16:00:00,390,18.55,2015-07-10 16:00:00,390
2015-07-13,2099.53,2015-07-13 16:00:00,391,13.94,2015-07-13 16:00:00,390,15.75,2015-07-13 16:00:00,390,17.02,2015-07-13 16:00:00,390
2015-07-14,2108.87,2015-07-14 16:00:00,391,13.33,2015-07-14 16:00:00,390,15.47,2015-07-14 16:00:00,390,16.82,2015-07-14 16:00:00,390
2015-07-15,2107.59,2015-07-15 16:00:00,391,13.7,2015-07-15 16:00:00,390,15.89,2015-07-15 16:00:00,390,16.95,2015-07-15 16:00:00,390
2015-07-16,2124.23,2015-07-16 16:00:00,391,12.12,2015-07-16 16:00:00,390,14.73,2015-07-16 16:00:00,390,16.36,2015-07-16 16:00:00,390
2015-07-17,2126.56,2015-07-17 16:00:00,391,12.05,2015-07-17 16:00:00,390,14.62,2015-07-17 16:00:00,390,16.12,2015-07-17 16:00:00,390
2015-07-20,2128.14,2015-07-20 16:00:00,391,12.37,2015-07-20 16:00:00,390,14.92,2015-07-20 16:00:00,390,16.32,2015-07-20 16:00:00,390
2015-07-21,2119.21,2015-07-21 16:00:00,391,12.34,2015-07-21 16:00:00,390,14.88,2015-07-21 16:00:00,390,16.45,2015-07-21 16:00:00,390
2015-07-22,2114.07,2015-07-22 16:00:00,391,12.18,2015-07-22 16:00:00,390,14.86,2015-07-22 16:00:00,390,16.39,2015-07-22 16:00:00,390
2015-07-23,2102.19,2015-07-23 16:00:00,391,12.84,2015-07-23 16:00:00,390,15.07,2015-07-23 16:00:00,390,16.69,2015-07-23 16:00:00,390
2015-07-24,2079.82,2015-07-24 16:00:00,391,13.92,2015-07-24 16:00:00,390,15.79,2015-07-24 16:00:00,390,17.18,2015-07-24 16:00:00,390
2015-07-27,2067.8,2015-07-27 16:00:00,391,15.86,2015-07-27 16:00:00,390,16.93,2015-07-27 16:00:00,390,17.82,2015-07-27 16:00:00,390
2015-07-28,2093.26,2015-07-28 16:00:00,391,13.44,2015-07-28 16:00:00,390,15.5,2015-07-28 16:00:00,390,16.78,2015-07-28 16:00:00,390
2015-07-29,2108.48,2015-07-29 16:00:00,391,12.47,2015-07-29 16:00:00,390,14.98,2015-07-29 16:00:00,390,16.53,2015-07-29 16:00:00,390
2015-07-30,2108.75,2015-07-30 16:00:00,391,12.22,2015-07-30 16:00:00,390,14.82,2015-07-30 16:00:00,390,16.42,2015-07-30 16:00:00,390
2015-07-31,2104.36,2015-07-31 16:00:00,391,12.18,2015-07-31 16:00:00,390,14.91,2015-07-31 16:00:00,390,16.42,2015-07-31 16:00:00,390
2015-08-03,2097.96,2015-08-03 16:00:00,391,12.59,2015-08-03 16:00:00,390,14.86,2015-08-03 16:00:00,390,16.39,2015-08-03 16:00:00,390
2015-08-04,2093.36,2015-08-04 16:00:00,391,12.84,2015-08-04 16:00:00,390,14.98,2015-08-04 16:00:00,390,16.5,2015-08-04 16:00:00,390
2015-08-05,2099.88,2015-08-05 16:00:00,391,12.4,2015-08-05 16:00:00,390,14.78,2015-08-05 16:00:00,390,16.38,2015-08-05 16:00:00,390
2015-08-06,2083.76,2015-08-06 16:00:00,391,13.98,2015-08-06 16:00:00,390,15.69,2015-08-06 16:00:00,390,16.94,2015-08-06 16:00:00,390
2015-08-07,2077.73,2015-08-07 16:00:00,391,13.29,2015-08-07 16:00:00,390,15.45,2015-08-07 16:00:00,390,16.84,2015-08-07 16:00:00,390
2015-08-10,2104.12,2015-08-10 16:00:00,391,12.22,2015-08-10 16:00:00,390,15.03,2015-08-10 16:00:00,390,16.46,2015-08-10 16:00:00,390
2015-08-11,2084.33,2015-08-11 16:00:00,391,13.79,2015-08-11 16:00:00,390,15.94,2015-08-11 16:00:00,390,17.14,2015-08-11 16:00:00,390
2015-08-12,2086.17,2015-08-12 16:00:00,391,13.82,2015-08-12 16:00:00,390,15.95,2015-08-12 16:00:00,390,17.36,2015-08-12 16:00:00,390
2015-08-13,2083.46,2015-08-13 16:00:00,391,13.53,2015-08-13 16:00:00,390,15.76,2015-08-13 16:00:00,390,17.1,2015-08-13 16:00:00,390
2015-08-14,2091.65,2015-08-14 16:00:00,391,12.95,2015-08-14 16:00:00,390,15.56,2015-08-14 16:00:00,390,16.97,2015-08-14 16:00:00,390
2015-08-17,2102.48,2015-08-17 16:00:00,391,13.05,2015-08-17 16:00:00,390,15.24,2015-08-17 16:00:00,390,16.7,2015-08-17 16:00:00,390
2015-08-18,2096.9,2015-08-18 16:00:00,391,13.85,2015-08-18 15:59:00,389,15.66,2015-08-18 16:00:00,390,17.04,2015-08-18 16:00:00,390
2015-08-19,2079.78,2015-08-19 16:00:00,391,15.09,2015-08-19 16:00:00,390,16.38,2015-08-19 16:00:00,390,17.45,2015-08-19 16:00:00,390
2015-08-20,2035.97,2015-08-20 16:00:00,391,18.89,2015-08-20 16:00:00,390,18.55,2015-08-20 16:00:00,390,18.93,2015-08-20 16:00:00,390
2015-08-21,1971.27,2015-08-21 16:00:00,391,27.68,2015-08-21 16:00:00,390,23.4,2015-08-21 16:00:00,390,22.1,2015-08-21 16:00:00,390
2015-08-24,1893.43,2015-08-24 16:00:00,391,39.65,2015-08-24 16:00:00,387,30.42,2015-08-24 16:00:00,390,26.46,2015-08-24 16:00:00,390
2015-08-25,1867.8,2015-08-25 16:00:00,391,37.42,2015-08-25 16:00:00,390,29.24,2015-08-25 16:00:00,390,26.77,2015-08-25 16:00:00,390
2015-08-26,1940.51,2015-08-26 16:00:00,391,29.88,2015-08-26 16:00:00,390,24.77,2015-08-26 16:00:00,390,24.19,2015-08-26 16:00:00,390
2015-08-27,1987.73,2015-08-27 16:00:00,391,26.18,2015-08-27 16:00:00,390,24.77,2015-08-27 16:00:00,390,23.28,2015-08-27 16:00:00,390
2015-08-28,1988.59,2015-08-28 16:00:00,391,27.07,2015-08-28 16:00:00,390,25.95,2015-08-28 16:00:00,390,24.5,2015-08-28 16:00:00,390
2015-08-31,1972.19,2015-08-31 16:00:00,391,28.41,2015-08-31 16:00:00,390,26.42,2015-08-31 16:00:00,390,25.27,2015-08-31 16:00:00,390
2015-09-01,1914.02,2015-09-01 16:00:00,391,32.31,2015-09-01 16:00:00,390,30.1,2015-09-01 16:00:00,390,27.84,2015-09-01 16:00:00,390
2015-09-02,1948.9,2015-09-02 16:00:00,391,26.17,2015-09-02 16:00:00,390,26.21,2015-09-02 16:00:00,390,25.39,2015-09-02 16:00:00,390
2015-09-03,1950.96,2015-09-03 16:00:00,391,25.52,2015-09-03 16:00:00,390,26.24,2015-09-03 16:00:00,390,25.52,2015-09-03 16:00:00,390
2015-09-04,1921.24,2015-09-04 16:00:00,391,27.87,2015-09-04 16:00:00,390,26.77,2015-09-04 16:00:00,390,26.66,2015-09-04 16:00:00,390
2015-09-08,1969.32,2015-09-08 16:00:00,391,24.77,2015-09-08 16:00:00,390,25.61,2015-09-08 16:00:00,390,24.96,2015-09-08 16:00:00,390
2015-09-09,1942.15,2015-09-09 16:00:00,391,26.49,2015-09-09 16:00:00,390,25.64,2015-09-09 16:00:00,390,26.16,2015-09-09 16:00:00,390
2015-09-10,1952.25,2015-09-10 16:00:00,391,24.98,2015-09-10 16:00:00,390,25.74,2015-09-10 16:00:00,390,25.0,2015-09-10 16:00:00,390
2015-09-11,1960.81,2015-09-11 16:00:00,391,23.48,2015-09-11 16:00:00,390,24.59,2015-09-11 16:00:00,390,24.9,2015-09-11 16:00:00,390
2015-09-14,1953.01,2015-09-14 16:00:00,391,24.25,2015-09-14 16:00:00,390,24.96,2015-09-14 16:00:00,390,24.3,2015-09-14 16:00:00,390
2015-09-15,1978.1,2015-09-15 16:00:00,391,22.55,2015-09-15 16:00:00,390,23.14,2015-09-15 16:00:00,390,22.78,2015-09-15 16:00:00,390
2015-09-16,1995.18,2015-09-16 16:00:00,391,21.78,2015-09-16 16:00:00,390,22.28,2015-09-16 16:00:00,390,21.82,2015-09-16 16:00:00,390
2015-09-17,1990.19,2015-09-17 16:00:00,391,21.42,2015-09-17 16:00:00,390,20.91,2015-09-17 16:00:00,390,21.49,2015-09-17 16:00:00,390
2015-09-18,1958.13,2015-09-18 16:00:00,391,23.22,2015-09-18 16:00:00,390,23.6,2015-09-18 16:00:00,390,23.26,2015-09-18 16:00:00,390
2015-09-21,1967.08,2015-09-21 16:00:00,391,20.43,2015-09-21 16:00:00,390,20.73,2015-09-21 16:00:00,390,21.95,2015-09-21 16:00:00,390
2015-09-22,1942.63,2015-09-22 16:00:00,391,22.81,2015-09-22 16:00:00,390,23.26,2015-09-22 16:00:00,390,23.11,2015-09-22 16:00:00,390
2015-09-23,1938.75,2015-09-23 16:00:00,391,22.02,2015-09-23 16:00:00,390,22.86,2015-09-23 16:00:00,390,22.76,2015-09-23 16:00:00,390
2015-09-24,1932.39,2015-09-24 16:00:00,391,23.14,2015-09-24 16:00:00,390,23.32,2015-09-24 16:00:00,390,23.08,2015-09-24 16:00:00,390
2015-09-25,1931.49,2015-09-25 16:00:00,391,23.24,2015-09-25 16:00:00,390,24.42,2015-09-25 16:00:00,390,23.54,2015-09-25 16:00:00,390
2015-09-28,1881.85,2015-09-28 16:00:00,391,27.52,2015-09-28 16:00:00,390,26.41,2015-09-28 16:00:00,390,25.38,2015-09-28 16:00:00,390
2015-09-29,1883.96,2015-09-29 16:00:00,391,26.69,2015-09-29 16:00:00,390,26.08,2015-09-29 16:00:00,390,25.01,2015-09-29 16:00:00,390
2015-09-30,1919.59,2015-09-30 16:00:00,391,24.34,2015-09-30 16:00:00,390,24.62,2015-09-30 16:00:00,390,24.0,2015-09-30 16:00:00,390
2015-10-01,1923.77,2015-10-01 16:00:00,391,22.75,2015-10-01 16:00:00,390,24.02,2015-10-01 16:00:00,390,23.68,2015-10-01 16:00:00,390
2015-10-02,1951.3,2015-10-02 16:00:00,391,20.96,2015-10-02 16:00:00,390,22.64,2015-10-02 16:00:00,390,23.14,2015-10-02 16:00:00,390
2015-10-05,1986.94,2015-10-05 16:00:00,391,19.27,2015-10-05 16:00:00,390,21.22,2015-10-05 16:00:00,390,21.73,2015-10-05 16:00:00,390
2015-10-06,1979.94,2015-10-06 16:00:00,391,19.39,2015-10-06 16:00:00,390,21.53,2015-10-06 16:00:00,390,21.95,2015-10-06 16:00:00,390
2015-10-07,1995.8,2015-10-07 16:00:00,391,18.39,2015-10-07 16:00:00,390,20.86,2015-10-07 16:00:00,390,21.44,2015-10-07 16:00:00,390
2015-10-08,2013.38,2015-10-08 16:00:00,391,17.68,2015-10-08 16:00:00,390,20.11,2015-10-08 16:00:00,390,21.1,2015-10-08 16:00:00,390
2015-10-09,2014.94,2015-10-09 16:00:00,391,17.07,2015-10-09 16:00:00,390,19.88,2015-10-09 16:00:00,390,20.52,2015-10-09 16:00:00,390
2015-10-12,2017.33,2015-10-12 16:00:00,391,16.29,2015-10-12 16:00:00,390,18.89,2015-10-12 16:00:00,390,20.14,2015-10-12 16:00:00,390
2015-10-13,2003.76,2015-10-13 16:00:00,391,17.54,2015-10-13 16:00:00,390,20.39,2015-10-13 16:00:00,390,20.93,2015-10-13 16:00:00,390
2015-10-14,1994.17,2015-10-14 16:00:00,391,17.8,2015-10-14 16:00:00,390,20.74,2015-10-14 16:00:00,390,21.3,2015-10-14 16:00:00,390
2015-10-15,2023.92,2015-10-15 16:00:00,391,16.3,2015-10-15 16:00:00,390,19.72,2015-10-15 16:00:00,390,19.98,2015-10-15 16:00:00,390
2015-10-16,2033.02,2015-10-16 16:00:00,391,15.3,2015-10-16 16:00:00,390,18.95,2015-10-16 16:00:00,390,20.13,2015-10-16 16:00:00,390
2015-10-19,2033.87,2015-10-19 16:00:00,391,14.9,2015-10-19 16:00:00,390,17.84,2015-10-19 16:00:00,390,19.37,2015-10-19 16:00:00,390
2015-10-20,2031.04,2015-10-20 16:00:00,391,15.5,2015-10-20 16:00:00,390,18.3,2015-10-20 16:00:00,390,19.8,2015-10-20 16:00:00,390
2015-10-21,2018.97,2015-10-21 16:00:00,391,16.34,2015-10-21 16:00:00,390,19.18,2015-10-21 16:00:00,390,20.7,2015-10-21 16:00:00,390
2015-10-22,2052.53,2015-10-22 16:00:00,391,14.87,2015-10-22 16:00:00,390,17.45,2015-10-22 16:00:00,390,19.3,2015-10-22 16:00:00,390
2015-10-23,2075.17,2015-10-23 16:00:00,391,14.38,2015-10-23 16:00:00,390,17.42,2015-10-23 16:00:00,390,19.13,2015-10-23 16:00:00,390
2015-10-26,2071.07,2015-10-26 16:00:00,391,15.26,2015-10-26 16:00:00,390,17.89,2015-10-26 16:00:00,390,19.75,2015-10-26 16:00:00,390
2015-10-27,2065.94,2015-10-27 16:00:00,391,15.5,2015-10-27 16:00:00,390,18.21,2015-10-27 16:00:00,390,19.77,2015-10-27 16:00:00,390
2015-10-28,2090.27,2015-10-28 16:00:00,391,14.2,2015-10-28 16:00:00,390,17.52,2015-10-28 16:00:00,390,19.26,2015-10-28 16:00:00,390
2015-10-29,2089.37,2015-10-29 16:00:00,391,14.74,2015-10-29 16:00:00,390,17.85,2015-10-29 16:00:00,390,19.43,2015-10-29 16:00:00,390
2015-10-30,2079.44,2015-10-30 16:00:00,391,15.25,2015-10-30 16:00:00,390,18.26,2015-10-30 16:00:00,390,19.92,2015-10-30 16:00:00,390
2015-11-02,2103.94,2015-11-02 16:00:00,391,14.14,2015-11-02 16:00:00,390,17.32,2015-11-02 16:00:00,390,19.13,2015-11-02 16:00:00,390
2015-11-03,2109.78,2015-11-03 16:00:00,391,14.66,2015-11-03 16:00:00,390,17.53,2015-11-03 16:00:00,390,19.26,2015-11-03 16:00:00,390
2015-11-04,2102.42,2015-11-04 16:00:00,391,15.41,2015-11-04 16:00:00,390,18.22,2015-11-04 16:00:00,390,19.57,2015-11-04 16:00:00,390
2015-11-05,2100.02,2015-11-05 16:00:00,391,15.19,2015-11-05 16:00:00,390,17.88,2015-11-05 16:00:00,390,19.69,2015-11-05 16:00:00,390
2015-11-06,2099.21,2015-11-06 16:00:00,391,14.37,2015-11-06 16:00:00,390,17.62,2015-11-06 16:00:00,390,19.16,2015-11-06 16:00:00,390
2015-11-09,2078.71,2015-11-09 16:00:00,391,16.28,2015-11-09 16:00:00,390,18.73,2015-11-09 16:00:00,390,19.94,2015-11-09 16:00:00,390
2015-11-10,2081.87,2015-11-10 16:00:00,391,15.39,2015-11-10 16:00:00,390,18.07,2015-11-10 16:00:00,390,19.73,2015-11-10 16:00:00,390
2015-11-11,2074.94,2015-11-11 16:00:00,391,16.04,2015-11-11 16:00:00,390,18.45,2015-11-11 16:00:00,390,19.73,2015-11-11 16:00:00,390
2015-11-12,2046.01,2015-11-12 16:00:00,391,18.18,2015-11-12 16:00:00,390,20.1,2015-11-12 16:00:00,390,20.95,2015-11-12 16:00:00,390
2015-11-13,2023.19,2015-11-13 16:00:00,391,20.35,2015-11-13 16:00:00,390,21.72,2015-11-13 16:00:00,390,22.38,2015-11-13 16:00:00,390
2015-11-16,2053.13,2015-11-16 16:00:00,391,17.97,2015-11-16 16:00:00,390,18.63,2015-11-16 16:00:00,390,20.3,2015-11-16 16:00:00,390
2015-11-17,2050.41,2015-11-17 16:00:00,391,18.92,2015-11-17 16:00:00,390,20.47,2015-11-17 16:00:00,390,21.05,2015-11-17 16:00:00,390
2015-11-18,2083.53,2015-11-18 16:00:00,391,16.85,2015-11-18 16:00:00,390,19.19,2015-11-18 16:00:00,390,20.1,2015-11-18 16:00:00,390
2015-11-19,2081.27,2015-11-19 16:00:00,391,17.07,2015-11-19 16:00:00,390,19.64,2015-11-19 16:00:00,390,20.65,2015-11-19 16:00:00,390
2015-11-20,2089.19,2015-11-20 16:00:00,391,15.81,2015-11-20 16:00:00,390,19.02,2015-11-20 16:00:00,390,20.83,2015-11-20 16:00:00,390
2015-11-23,2086.66,2015-11-23 16:00:00,391,15.69,2015-11-23 16:00:00,390,18.69,2015-11-23 16:00:00,390,20.17,2015-11-23 16:00:00,390
2015-11-24,2089.27,2015-11-24 16:00:00,391,15.7,2015-11-24 16:00:00,390,18.63,2015-11-24 16:00:00,390,20.27,2015-11-24 16:00:00,390
2015-11-25,2088.92,2015-11-25 16:00:00,391,15.18,2015-11-25 16:00:00,390,18.23,2015-11-25 16:00:00,390,19.98,2015-11-25 16:00:00,390
2015-11-27,2090.11,2015-11-27 13:57:00,232,15.12,2015-11-27 13:14:00,224,17.35,2015-11-27 13:14:00,224,19.51,2015-11-27 13:14:00,224
2015-11-30,2080.84,2015-11-30 16:00:00,391,16.23,2015-11-30 16:00:00,390,18.59,2015-11-30 16:00:00,390,20.17,2015-11-30 16:00:00,390
2015-12-01,2102.53,2015-12-01 16:00:00,391,14.71,2015-12-01 16:00:00,390,17.59,2015-12-01 16:00:00,390,19.79,2015-12-01 16:00:00,390
2015-12-02,2079.63,2015-12-02 16:00:00,391,16.05,2015-12-02 16:00:00,390,18.5,2015-12-02 16:00:00,390,20.07,2015-12-02 16:00:00,390
2015-12-03,2049.81,2015-12-03 16:00:00,391,18.35,2015-12-03 16:00:00,390,20.21,2015-12-03 16:00:00,390,21.36,2015-12-03 16:00:00,390
2015-12-04,2091.32,2015-12-04 16:00:00,391,14.97,2015-12-04 16:00:00,390,18.21,2015-12-04 16:00:00,390,19.64,2015-12-04 16:00:00,390
2015-12-07,2077.14,2015-12-07 16:00:00,391,16.14,2015-12-07 16:00:00,390,18.84,2015-12-07 16:00:00,390,20.09,2015-12-07 16:00:00,390
2015-12-08,2063.73,2015-12-08 16:00:00,391,17.45,2015-12-08 16:00:00,390,19.96,2015-12-08 16:00:00,390,20.73,2015-12-08 16:00:00,390
2015-12-09,2047.7,2015-12-09 16:00:00,391,19.23,2015-12-09 16:00:00,390,20.61,2015-12-09 16:00:00,390,21.42,2015-12-09 16:00:00,390
2015-12-10,2052.25,2015-12-10 16:00:00,391,19.28,2015-12-10 16:00:00,390,20.73,2015-12-10 16:00:00,390,21.71,2015-12-10 16:00:00,390
2015-12-11,2012.31,2015-12-11 16:00:00,391,24.59,2015-12-11 16:00:00,390,24.4,2015-12-11 16:00:00,390,24.51,2015-12-11 16:00:00,390
2015-12-14,2022.13,2015-12-14 16:00:00,391,22.34,2015-12-14 16:00:00,389,23.02,2015-12-14 16:00:00,389,23.21,2015-12-14 16:00:00,389
2015-12-15,2043.41,2015-12-15 16:00:00,391,21.08,2015-12-15 16:00:00,390,21.86,2015-12-15 16:00:00,390,22.33,2015-12-15 16:00:00,390
2015-12-16,2072.96,2015-12-16 16:00:00,391,17.75,2015-12-16 16:00:00,390,19.45,2015-12-16 16:00:00,390,20.6,2015-12-16 16:00:00,390
2015-12-17,2041.95,2015-12-17 16:00:00,391,18.72,2015-12-17 16:00:00,390,19.55,2015-12-17 16:00:00,390,21.56,2015-12-17 16:00:00,390
2015-12-18,2005.51,2015-12-18 16:00:00,391,20.58,2015-12-18 16:00:00,390,22.57,2015-12-18 16:00:00,390,22.91,2015-12-18 16:00:00,390
2015-12-21,2021.22,2015-12-21 16:00:00,391,18.88,2015-12-21 16:00:00,390,21.47,2015-12-21 16:00:00,390,22.03,2015-12-21 16:00:00,390
2015-12-22,2039.08,2015-12-22 16:00:00,391,16.85,2015-12-22 16:00:00,390,20.05,2015-12-22 16:00:00,390,21.14,2015-12-22 16:00:00,390
2015-12-23,2064.27,2015-12-23 16:00:00,391,15.35,2015-12-23 16:00:00,390,19.18,2015-12-23 16:00:00,390,20.49,2015-12-23 16:00:00,390
2015-12-24,2060.98,2015-12-24 13:54:00,232,15.74,2015-12-24 13:14:00,224,19.69,2015-12-24 13:14:00,224,20.75,2015-12-24 13:14:00,224
2015-12-28,2056.55,2015-12-28 16:00:00,391,17.03,2015-12-28 16:00:00,390,19.7,2015-12-28 16:00:00,390,20.71,2015-12-28 16:00:00,390
2015-12-29,2078.23,2015-12-29 16:00:00,391,16.13,2015-12-29 16:00:00,390,19.11,2015-12-29 16:00:00,390,20.23,2015-12-29 16:00:00,390
2015-12-30,2063.3,2015-12-30 16:00:00,391,17.32,2015-12-30 16:00:00,390,19.55,2015-12-30 16:00:00,390,20.37,2015-12-30 16:00:00,390
2015-12-31,2043.76,2015-12-31 16:00:00,391,18.59,2015-12-31 16:00:00,390,20.19,2015-12-31 16:00:00,390,21.14,2015-12-31 16:00:00,390
2016-01-04,2012.98,2016-01-04 16:00:00,391,21.01,2016-01-04 16:00:00,390,22.18,2016-01-04 16:00:00,390,22.3,2016-01-04 16:00:00,390
2016-01-05,2016.84,2016-01-05 16:00:00,391,19.37,2016-01-05 16:00:00,390,20.57,2016-01-05 16:00:00,390,21.27,2016-01-05 16:00:00,390
2016-01-06,1990.48,2016-01-06 16:00:00,391,20.44,2016-01-06 16:00:00,390,21.22,2016-01-06 16:00:00,390,22.09,2016-01-06 16:00:00,390
2016-01-07,1943.09,2016-01-07 16:00:00,391,24.81,2016-01-07 16:00:00,390,24.47,2016-01-07 16:00:00,390,24.0,2016-01-07 16:00:00,390
2016-01-08,1921.85,2016-01-08 16:00:00,391,26.76,2016-01-08 16:00:00,390,26.04,2016-01-08 16:00:00,390,25.34,2016-01-08 16:00:00,390
2016-01-11,1923.54,2016-01-11 16:00:00,391,24.28,2016-01-11 16:00:00,390,24.81,2016-01-11 16:00:00,390,23.76,2016-01-11 16:00:00,390
2016-01-12,1938.78,2016-01-12 16:00:00,391,22.14,2016-01-12 16:00:00,390,22.28,2016-01-12 16:00:00,390,23.2,2016-01-12 16:00:00,390
2016-01-13,1890.25,2016-01-13 16:00:00,391,25.21,2016-01-13 16:00:00,390,24.65,2016-01-13 16:00:00,390,24.79,2016-01-13 16:00:00,390
2016-01-14,1921.61,2016-01-14 16:00:00,391,23.92,2016-01-14 16:00:00,390,23.48,2016-01-14 16:00:00,390,24.08,2016-01-14 16:00:00,390
2016-01-15,1880.25,2016-01-15 16:00:00,391,27.17,2016-01-15 16:00:00,390,26.82,2016-01-15 16:00:00,390,26.11,2016-01-15 16:00:00,390
2016-01-19,1881.38,2016-01-19 16:00:00,391,25.96,2016-01-19 16:00:00,390,26.36,2016-01-19 16:00:00,390,25.57,2016-01-19 16:00:00,390
2016-01-20,1859.43,2016-01-20 16:00:00,391,27.65,2016-01-20 16:00:00,390,27.95,2016-01-20 16:00:00,390,26.8,2016-01-20 16:00:00,390
2016-01-21,1868.86,2016-01-21 16:00:00,391,26.84,2016-01-21 16:00:00,390,26.78,2016-01-21 16:00:00,390,26.58,2016-01-21 16:00:00,390
2016-01-22,1906.89,2016-01-22 16:00:00,391,22.31,2016-01-22 16:00:00,390,24.33,2016-01-22 16:00:00,390,24.53,2016-01-22 16:00:00,390
2016-01-25,1877.33,2016-01-25 16:00:00,391,24.19,2016-01-25 16:00:00,390,25.17,2016-01-25 16:00:00,390,25.46,2016-01-25 16:00:00,390
2016-01-26,1903.62,2016-01-26 16:00:00,391,22.51,2016-01-26 16:00:00,390,23.33,2016-01-26 16:00:00,390,24.37,2016-01-26 16:00:00,390
2016-01-27,1883.0,2016-01-27 16:00:00,391,23.3,2016-01-27 16:00:00,390,24.52,2016-01-27 16:00:00,390,24.86,2016-01-27 16:00:00,390
2016-01-28,1893.18,2016-01-28 16:00:00,391,22.1,2016-01-28 16:00:00,390,23.76,2016-01-28 16:00:00,390,24.37,2016-01-28 16:00:00,390
2016-01-29,1939.46,2016-01-29 16:00:00,391,20.18,2016-01-29 16:00:00,390,22.23,2016-01-29 16:00:00,390,22.85,2016-01-29 16:00:00,390
2016-02-01,1939.18,2016-02-01 16:00:00,391,19.97,2016-02-01 16:00:00,390,22.01,2016-02-01 16:00:00,390,22.74,2016-02-01 16:00:00,390
2016-02-02,1903.06,2016-02-02 16:00:00,391,21.98,2016-02-02 16:00:00,390,23.32,2016-02-02 16:00:00,390,23.77,2016-02-02 16:00:00,390
2016-02-03,1912.59,2016-02-03 16:00:00,391,21.68,2016-02-03 16:00:00,390,23.25,2016-02-03 16:00:00,390,23.72,2016-02-03 16:00:00,390
2016-02-04,1915.43,2016-02-04 16:00:00,391,21.88,2016-02-04 16:00:00,390,23.67,2016-02-04 16:00:00,390,24.21,2016-02-04 16:00:00,390
2016-02-05,1879.92,2016-02-05 16:00:00,391,23.45,2016-02-05 16:00:00,390,24.59,2016-02-05 16:00:00,390,25.42,2016-02-05 16:00:00,390
2016-02-08,1853.54,2016-02-08 16:00:00,391,26.18,2016-02-08 16:00:00,390,26.16,2016-02-08 16:00:00,390,26.4,2016-02-08 16:00:00,390
2016-02-09,1852.36,2016-02-09 16:00:00,391,26.48,2016-02-09 16:00:00,390,26.76,2016-02-09 16:00:00,390,26.62,2016-02-09 16:00:00,390
2016-02-10,1851.79,2016-02-10 16:00:00,391,26.34,2016-02-10 16:00:00,390,26.7,2016-02-10 16:00:00,390,26.61,2016-02-10 16:00:00,390
2016-02-11,1828.88,2016-02-11 16:00:00,391,28.35,2016-02-11 16:00:00,390,27.83,2016-02-11 16:00:00,390,27.89,2016-02-11 16:00:00,390
2016-02-12,1864.61,2016-02-12 16:00:00,391,25.29,2016-02-12 16:00:00,390,26.23,2016-02-12 16:00:00,390,26.95,2016-02-12 16:00:00,390
2016-02-16,1895.42,2016-02-16 16:00:00,391,23.97,2016-02-16 16:00:00,390,24.89,2016-02-16 16:00:00,390,25.85,2016-02-16 16:00:00,390
2016-02-17,1926.62,2016-02-17 16:00:00,391,22.35,2016-02-17 16:00:00,390,23.56,2016-02-17 16:00:00,390,24.77,2016-02-17 16:00:00,390
2016-02-18,1917.77,2016-02-18 16:00:00,391,21.64,2016-02-18 16:00:00,390,23.2,2016-02-18 16:00:00,390,24.42,2016-02-18 16:00:00,390
2016-02-19,1917.63,2016-02-19 16:00:00,391,20.59,2016-02-19 16:00:00,390,22.74,2016-02-19 16:00:00,390,24.09,2016-02-19 16:00:00,390
2016-02-22,1945.37,2016-02-22 16:00:00,391,19.28,2016-02-22 16:00:00,390,21.54,2016-02-22 16:00:00,390,23.19,2016-02-22 16:00:00,390
2016-02-23,1921.26,2016-02-23 16:00:00,391,20.91,2016-02-23 16:00:00,390,22.59,2016-02-23 16:00:00,390,23.91,2016-02-23 16:00:00,390
2016-02-24,1929.64,2016-02-24 16:00:00,391,20.85,2016-02-24 16:00:00,390,22.42,2016-02-24 16:00:00,390,23.68,2016-02-24 16:00:00,390
2016-02-25,1951.73,2016-02-25 16:00:00,391,19.22,2016-02-25 16:00:00,390,21.34,2016-02-25 16:00:00,390,22.9,2016-02-25 16:00:00,390
2016-02-26,1947.99,2016-02-26 16:00:00,391,19.69,2016-02-26 16:00:00,390,21.79,2016-02-26 16:00:00,390,23.06,2016-02-26 16:00:00,390
2016-02-29,1932.03,2016-02-29 16:00:00,391,20.63,2016-02-29 16:00:00,390,22.44,2016-02-29 16:00:00,390,22.93,2016-02-29 16:00:00,390
2016-03-01,1978.12,2016-03-01 16:00:00,391,17.77,2016-03-01 16:00:00,390,20.35,2016-03-01 16:00:00,390,22.01,2016-03-01 16:00:00,390
2016-03-02,1986.33,2016-03-02 16:00:00,391,16.82,2016-03-02 16:00:00,390,19.84,2016-03-02 16:00:00,390,21.46,2016-03-02 16:00:00,390
2016-03-03,1993.4,2016-03-03 16:00:00,391,16.64,2016-03-03 16:00:00,390,19.46,2016-03-03 16:00:00,390,21.09,2016-03-03 16:00:00,390
2016-03-04,1999.82,2016-03-04 16:00:00,391,16.73,2016-03-04 16:00:00,390,19.57,2016-03-04 16:00:00,390,21.09,2016-03-04 16:00:00,390
2016-03-07,2001.64,2016-03-07 16:00:00,391,17.22,2016-03-07 16:00:00,390,19.85,2016-03-07 16:00:00,390,21.51,2016-03-07 16:00:00,390
2016-03-08,1979.29,2016-03-08 16:00:00,391,18.61,2016-03-08 16:00:00,390,20.96,2016-03-08 16:00:00,390,22.39,2016-03-08 16:00:00,390
2016-03-09,1989.12,2016-03-09 16:00:00,391,18.38,2016-03-09 16:00:00,390,20.81,2016-03-09 16:00:00,390,22.24,2016-03-09 16:00:00,390
2016-03-10,1989.62,2016-03-10 16:00:00,391,18.05,2016-03-10 16:00:00,390,20.7,2016-03-10 16:00:00,390,22.1,2016-03-10 16:00:00,390
2016-03-11,2022.06,2016-03-11 16:00:00,391,16.55,2016-03-11 16:00:00,390,19.53,2016-03-11 16:00:00,390,21.31,2016-03-11 16:00:00,390
2016-03-14,2019.57,2016-03-14 16:00:00,391,16.88,2016-03-14 16:00:00,390,19.34,2016-03-14 16:00:00,390,20.97,2016-03-14 16:00:00,390
2016-03-15,2015.91,2016-03-15 16:00:00,391,17.01,2016-03-15 16:00:00,390,19.41,2016-03-15 16:00:00,390,20.96,2016-03-15 16:00:00,390
2016-03-16,2027.44,2016-03-16 16:00:00,391,15.03,2016-03-16 16:00:00,382,18.48,2016-03-16 16:00:00,390,20.18,2016-03-16 16:00:00,390
2016-03-17,2040.55,2016-03-17 16:00:00,391,14.4,2016-03-17 16:00:00,390,18.05,2016-03-17 16:00:00,390,19.72,2016-03-17 16:00:00,390
2016-03-18,2049.26,2016-03-18 16:00:00,391,13.96,2016-03-18 16:00:00,390,17.84,2016-03-18 16:00:00,390,19.7,2016-03-18 16:00:00,390
2016-03-21,2051.55,2016-03-21 16:00:00,391,13.89,2016-03-21 16:00:00,390,17.69,2016-03-21 16:00:00,390,19.63,2016-03-21 16:00:00,390
2016-03-22,2049.92,2016-03-22 16:00:00,391,14.25,2016-03-22 16:00:00,390,17.76,2016-03-22 16:00:00,390,19.6,2016-03-22 16:00:00,390
2016-03-23,2036.7,2016-03-23 16:00:00,391,14.89,2016-03-23 16:00:00,390,18.25,2016-03-23 16:00:00,390,20.09,2016-03-23 16:00:00,390
2016-03-24,2036.02,2016-03-24 16:00:00,391,14.82,2016-03-24 16:00:00,390,18.32,2016-03-24 16:00:00,390,20.09,2016-03-24 16:00:00,390
2016-03-28,2037.06,2016-03-28 16:00:00,391,15.23,2016-03-28 16:00:00,390,18.3,2016-03-28 16:00:00,390,20.09,2016-03-28 16:00:00,390
2016-03-29,2055.1,2016-03-29 16:00:00,391,13.86,2016-03-29 16:00:00,390,17.27,2016-03-29 16:00:00,390,19.21,2016-03-29 16:00:00,390
2016-03-30,2064.03,2016-03-30 16:00:00,391,13.49,2016-03-30 16:00:00,390,16.89,2016-03-30 16:00:00,390,18.93,2016-03-30 16:00:00,390
2016-03-31,2059.73,2016-03-31 16:00:00,391,14.04,2016-03-31 16:00:00,390,17.13,2016-03-31 16:00:00,390,19.05,2016-03-31 16:00:00,390
2016-04-01,2072.89,2016-04-01 16:00:00,391,13.11,2016-04-01 16:00:00,390,16.52,2016-04-01 16:00:00,390,18.59,2016-04-01 16:00:00,390
2016-04-04,2066.08,2016-04-04 16:00:00,391,14.07,2016-04-04 16:00:00,390,17.21,2016-04-04 16:00:00,390,19.13,2016-04-04 16:00:00,390
2016-04-05,2045.25,2016-04-05 16:00:00,391,15.5,2016-04-05 16:00:00,390,18.39,2016-04-05 16:00:00,390,20.05,2016-04-05 16:00:00,390
2016-04-06,2066.73,2016-04-06 16:00:00,391,14.08,2016-04-06 16:00:00,390,17.32,2016-04-06 16:00:00,390,19.29,2016-04-06 16:00:00,390
2016-04-07,2042.03,2016-04-07 16:00:00,391,16.17,2016-04-07 16:00:00,390,18.88,2016-04-07 16:00:00,390,20.62,2016-04-07 16:00:00,390
2016-04-08,2047.62,2016-04-08 16:00:00,391,15.38,2016-04-08 16:00:00,390,18.32,2016-04-08 16:00:00,390,20.26,2016-04-08 16:00:00,390
2016-04-11,2042.04,2016-04-11 16:00:00,391,16.07,2016-04-11 16:00:00,390,18.77,2016-04-11 16:00:00,390,20.58,2016-04-11 16:00:00,390
2016-04-12,2061.73,2016-04-12 16:00:00,391,14.98,2016-04-12 16:00:00,390,18.1,2016-04-12 16:00:00,390,20.04,2016-04-12 16:00:00,390
2016-04-13,2082.44,2016-04-13 16:00:00,391,13.82,2016-04-13 16:00:00,390,17.25,2016-04-13 16:00:00,390,19.38,2016-04-13 16:00:00,390
2016-04-14,2082.66,2016-04-14 16:00:00,391,13.73,2016-04-14 16:00:00,390,17.26,2016-04-14 16:00:00,390,19.42,2016-04-14 16:00:00,390
2016-04-15,2080.6,2016-04-15 16:00:00,391,13.7,2016-04-15 16:00:00,750,17.2,2016-04-15 16:00:00,390,19.35,2016-04-15 16:00:00,390
2016-04-18,2094.35,2016-04-18 16:00:00,391,13.36,2016-04-18 16:00:00,750,16.48,2016-04-18 16:00:00,390,18.71,2016-04-18 16:00:00,390
2016-04-19,2100.75,2016-04-19 16:00:00,391,13.26,2016-04-19 16:00:00,750,16.45,2016-04-19 16:00:00,390,18.62,2016-04-19 16:00:00,390
2016-04-20,2102.41,2016-04-20 16:00:00,391,13.26,2016-04-20 16:00:00,750,16.57,2016-04-20 16:00:00,390,18.72,2016-04-20 16:00:00,390
2016-04-21,2091.54,2016-04-21 16:00:00,391,13.67,2016-04-21 16:00:00,750,16.88,2016-04-21 16:00:00,390,19.1,2016-04-21 16:00:00,390
2016-04-22,2091.63,2016-04-22 16:00:00,391,13.26,2016-04-22 16:00:00,750,16.66,2016-04-22 16:00:00,390,18.98,2016-04-22 16:00:00,390
2016-04-25,2087.81,2016-04-25 16:00:00,391,14.1,2016-04-25 16:00:00,750,17.27,2016-04-25 16:00:00,390,19.37,2016-04-25 16:00:00,390
2016-04-26,2091.58,2016-04-26 16:00:00,391,13.92,2016-04-26 16:00:00,750,16.98,2016-04-26 16:00:00,390,19.17,2016-04-26 16:00:00,390
2016-04-27,2095.35,2016-04-27 16:00:00,391,13.9,2016-04-27 16:00:00,677,16.86,2016-04-27 16:00:00,390,19.07,2016-04-27 16:00:00,390
2016-04-28,2075.98,2016-04-28 16:00:00,391,15.42,2016-04-28 16:00:00,750,17.86,2016-04-28 16:00:00,390,19.8,2016-04-28 16:00:00,390
2016-04-29,2065.42,2016-04-29 16:00:00,391,15.67,2016-04-29 16:00:00,750,18.47,2016-04-29 16:00:00,390,20.26,2016-04-29 16:00:00,390
2016-05-02,2081.39,2016-05-02 16:00:00,391,14.64,2016-05-02 16:00:00,751,17.77,2016-05-02 16:00:00,390,19.82,2016-05-02 16:00:00,390
2016-05-03,2063.42,2016-05-03 16:00:00,391,15.53,2016-05-03 16:00:00,750,18.57,2016-05-03 16:00:00,390,20.45,2016-05-03 16:00:00,390
2016-05-04,2051.17,2016-05-04 16:00:00,391,16.14,2016-05-04 16:00:00,676,18.93,2016-05-04 16:00:00,390,20.76,2016-05-04 16:00:00,390
2016-05-05,2050.58,2016-05-05 16:00:00,391,15.95,2016-05-05 16:00:00,750,19.01,2016-05-05 16:00:00,390,20.89,2016-05-05 16:00:00,390
2016-05-06,2057.19,2016-05-06 16:00:00,391,14.74,2016-05-06 16:00:00,750,18.3,2016-05-06 16:00:00,390,20.39,2016-05-06 16:00:00,390
2016-05-09,2058.77,2016-05-09 16:00:00,391,14.56,2016-05-09 16:00:00,750,18.02,2016-05-09 16:00:00,390,20.17,2016-05-09 16:00:00,390
2016-05-10,2084.37,2016-05-10 16:00:00,391,13.61,2016-05-10 16:00:00,750,17.2,2016-05-10 16:00:00,390,19.55,2016-05-10 16:00:00,390
2016-05-11,2064.54,2016-05-11 16:00:00,391,14.57,2016-05-11 16:00:00,710,17.95,2016-05-11 16:00:00,390,20.04,2016-05-11 16:00:00,390
2016-05-12,2064.3,2016-05-12 16:00:00,391,14.36,2016-05-12 16:00:00,750,17.75,2016-05-12 16:00:00,390,19.89,2016-05-12 16:00:00,390
2016-05-13,2046.53,2016-05-13 16:00:00,391,15.08,2016-05-13 16:00:00,750,18.32,2016-05-13 16:00:00,390,20.32,2016-05-13 16:00:00,390
2016-05-16,2066.62,2016-05-16 16:00:00,391,14.62,2016-05-16 16:00:00,750,17.7,2016-05-16 16:00:00,390,19.87,2016-05-16 16:00:00,390
2016-05-17,2047.06,2016-05-17 16:00:00,391,15.66,2016-05-17 16:00:00,750,18.46,2016-05-17 16:00:00,390,20.43,2016-05-17 16:00:00,390
2016-05-18,2047.53,2016-05-18 16:00:00,391,15.9,2016-05-18 16:00:00,675,18.54,2016-05-18 16:00:00,390,20.5,2016-05-18 16:00:00,390
2016-05-19,2039.98,2016-05-19 16:00:00,391,16.45,2016-05-19 16:00:00,750,18.84,2016-05-19 16:00:00,390,20.8,2016-05-19 16:00:00,390
2016-05-20,2052.21,2016-05-20 16:00:00,391,15.2,2016-05-20 16:00:00,750,18.01,2016-05-20 16:00:00,390,20.32,2016-05-20 16:00:00,390
2016-05-23,2048.3,2016-05-23 16:00:00,391,15.71,2016-05-23 16:00:00,750,18.07,2016-05-23 16:00:00,390,20.29,2016-05-23 16:00:00,390
2016-05-24,2076.02,2016-05-24 16:00:00,391,14.54,2016-05-24 16:00:00,750,17.16,2016-05-24 16:00:00,390,19.43,2016-05-24 16:00:00,390
2016-05-25,2090.35,2016-05-25 16:00:00,391,13.96,2016-05-25 16:00:00,675,16.79,2016-05-25 16:00:00,390,19.12,2016-05-25 16:00:00,390
2016-05-26,2090.08,2016-05-26 16:00:00,391,13.58,2016-05-26 16:00:00,750,16.66,2016-05-26 16:00:00,390,18.98,2016-05-26 16:00:00,390
2016-05-27,2098.9,2016-05-27 16:00:00,391,13.09,2016-05-27 16:00:00,750,16.25,2016-05-27 16:00:00,390,18.71,2016-05-27 16:00:00,390
2016-05-31,2096.98,2016-05-31 16:00:00,391,14.51,2016-05-31 16:00:00,750,16.77,2016-05-31 16:00:00,390,19.11,2016-05-31 16:00:00,390
2016-06-01,2099.25,2016-06-01 16:00:00,391,14.24,2016-06-01 16:00:00,676,16.72,2016-06-01 16:00:00,390,19.0,2016-06-01 16:00:00,390
2016-06-02,2105.09,2016-06-02 16:00:00,391,13.63,2016-06-02 16:00:00,750,16.38,2016-06-02 16:00:00,390,18.79,2016-06-02 16:00:00,390
2016-06-03,2099.12,2016-06-03 16:00:00,391,13.38,2016-06-03 16:00:00,750,16.47,2016-06-03 16:00:00,390,18.98,2016-06-03 16:00:00,390
2016-06-06,2109.36,2016-06-06 16:00:00,391,13.63,2016-06-06 16:00:00,750,16.44,2016-06-06 16:00:00,390,18.88,2016-06-06 16:00:00,390
2016-06-07,2112.25,2016-06-07 16:00:00,391,13.91,2016-06-07 16:00:00,750,16.53,2016-06-07 16:00:00,390,18.98,2016-06-07 16:00:00,390
2016-06-08,2119.12,2016-06-08 16:00:00,391,14.06,2016-06-08 16:00:00,675,16.78,2016-06-08 16:00:00,390,19.04,2016-06-08 16:00:00,390
2016-06-09,2115.54,2016-06-09 16:00:00,391,14.55,2016-06-09 16:00:00,750,17.27,2016-06-09 16:00:00,390,19.48,2016-06-09 16:00:00,390
2016-06-10,2096.14,2016-06-10 16:00:00,391,16.96,2016-06-10 16:00:00,750,18.94,2016-06-10 16:00:00,390,20.72,2016-06-10 16:00:00,390
2016-06-13,2079.1,2016-06-13 16:00:00,391,20.88,2016-06-13 16:00:00,750,21.81,2016-06-13 16:00:00,390,22.85,2016-06-13 16:00:00,390
2016-06-14,2075.34,2016-06-14 16:00:00,391,20.49,2016-06-14 16:00:00,750,21.94,2016-06-14 16:00:00,390,22.64,2016-06-14 16:00:00,390
2016-06-15,2071.73,2016-06-15 16:00:00,391,20.11,2016-06-15 16:00:00,702,21.75,2016-06-15 16:00:00,390,22.25,2016-06-15 16:00:00,390
2016-06-16,2078.07,2016-06-16 16:00:00,391,19.43,2016-06-16 16:00:00,750,21.33,2016-06-16 16:00:00,390,21.81,2016-06-16 16:00:00,390
2016-06-17,2071.19,2016-06-17 16:00:00,391,19.16,2016-06-17 16:00:00,750,21.21,2016-06-17 16:00:00,390,21.91,2016-06-17 16:00:00,390
2016-06-20,2083.34,2016-06-20 16:00:00,391,18.26,2016-06-20 16:00:00,750,19.71,2016-06-20 16:00:00,390,20.81,2016-06-20 16:00:00,390
2016-06-21,2088.86,2016-06-21 16:00:00,391,18.51,2016-06-21 16:00:00,750,19.69,2016-06-21 16:00:00,390,20.76,2016-06-21 16:00:00,390
2016-06-22,2085.42,2016-06-22 16:00:00,391,21.04,2016-06-22 16:00:00,675,21.02,2016-06-22 16:00:00,390,21.35,2016-06-22 16:00:00,390
2016-06-23,2113.17,2016-06-23 16:00:00,391,17.51,2016-06-23 16:00:00,750,18.64,2016-06-23 16:00:00,390,19.69,2016-06-23 16:00:00,390
2016-06-24,2037.34,2016-06-24 16:00:00,391,24.6,2016-06-24 16:00:00,750,23.31,2016-06-24 16:00:00,390,23.09,2016-06-24 16:00:00,390
2016-06-27,2000.58,2016-06-27 16:00:00,391,23.46,2016-06-27 16:00:00,750,23.35,2016-06-27 16:00:00,390,23.4,2016-06-27 16:00:00,390
2016-06-28,2036.03,2016-06-28 16:00:00,391,18.87,2016-06-28 16:00:00,750,20.14,2016-06-28 16:00:00,390,21.38,2016-06-28 16:00:00,390
2016-06-29,2070.63,2016-06-29 16:00:00,391,16.96,2016-06-29 16:00:00,676,18.95,2016-06-29 16:00:00,390,20.32,2016-06-29 16:00:00,390
2016-06-30,2098.87,2016-06-30 16:00:00,391,16.01,2016-06-30 16:00:00,750,18.14,2016-06-30 16:00:00,390,19.91,2016-06-30 16:00:00,390
2016-07-01,2102.73,2016-07-01 16:00:00,391,14.78,2016-07-01 16:00:00,750,17.68,2016-07-01 16:00:00,390,19.57,2016-07-01 16:00:00,390
2016-07-05,2088.34,2016-07-05 16:00:00,391,15.77,2016-07-05 16:00:00,750,18.48,2016-07-05 16:00:00,390,20.12,2016-07-05 16:00:00,390
2016-07-06,2099.69,2016-07-06 16:00:00,391,15.19,2016-07-06 16:00:00,676,18.05,2016-07-06 16:00:00,390,19.92,2016-07-06 16:00:00,390
2016-07-07,2097.83,2016-07-07 16:00:00,391,14.98,2016-07-07 16:00:00,750,17.95,2016-07-07 16:00:00,390,19.73,2016-07-07 16:00:00,390
2016-07-08,2129.63,2016-07-08 16:00:00,390,13.27,2016-07-08 16:00:00,749,16.55,2016-07-08 16:00:00,389,18.75,2016-07-08 16:00:00,389
2016-07-11,2137.04,2016-07-11 16:00:00,391,13.64,2016-07-11 16:00:00,750,16.48,2016-07-11 16:00:00,390,18.57,2016-07-11 16:00:00,390
2016-07-12,2152.06,2016-07-12 16:00:00,391,13.5,2016-07-12 16:00:00,750,16.21,2016-07-12 16:00:00,390,18.29,2016-07-12 16:00:00,390
2016-07-13,2152.31,2016-07-13 16:00:00,391,12.99,2016-07-13 16:00:00,676,15.89,2016-07-13 16:00:00,390,18.03,2016-07-13 16:00:00,390
2016-07-14,2163.64,2016-07-14 16:00:00,391,12.9,2016-07-14 16:00:00,750,15.87,2016-07-14 16:00:00,390,18.09,2016-07-14 16:00:00,390
2016-07-15,2161.53,2016-07-15 16:00:00,391,12.45,2016-07-15 16:00:00,750,15.78,2016-07-15 16:00:00,390,18.0,2016-07-15 16:00:00,390
2016-07-18,2166.82,2016-07-18 16:00:00,391,12.42,2016-07-18 16:00:00,750,15.72,2016-07-18 16:00:00,390,17.97,2016-07-18 16:00:00,390
2016-07-19,2163.79,2016-07-19 16:00:00,391,12.18,2016-07-19 16:00:00,750,15.84,2016-07-19 16:00:00,390,18.03,2016-07-19 16:00:00,390
2016-07-20,2173.01,2016-07-20 16:00:00,391,11.72,2016-07-20 16:00:00,675,15.45,2016-07-20 16:00:00,390,17.87,2016-07-20 16:00:00,390
2016-07-21,2165.04,2016-07-21 16:00:00,391,12.73,2016-07-21 16:00:00,750,16.11,2016-07-21 16:00:00,390,18.46,2016-07-21 16:00:00,390
2016-07-22,2174.92,2016-07-22 16:00:00,391,11.99,2016-07-22 16:00:00,750,15.79,2016-07-22 16:00:00,390,18.2,2016-07-22 16:00:00,390
2016-07-25,2168.48,2016-07-25 16:00:00,391,12.9,2016-07-25 16:00:00,750,16.29,2016-07-25 16:00:00,390,18.48,2016-07-25 16:00:00,390
2016-07-26,2169.16,2016-07-26 16:00:00,391,12.97,2016-07-26 16:00:00,735,16.32,2016-07-26 16:00:00,390,18.45,2016-07-26 16:00:00,390
2016-07-27,2166.73,2016-07-27 16:00:00,391,12.73,2016-07-27 16:00:00,676,16.05,2016-07-27 16:00:00,390,18.36,2016-07-27 16:00:00,390
2016-07-28,2170.04,2016-07-28 16:00:00,391,12.73,2016-07-28 16:00:00,750,15.97,2016-07-28 16:00:00,390,18.3,2016-07-28 16:00:00,390
2016-07-29,2173.48,2016-07-29 16:00:00,391,12.03,2016-07-29 16:00:00,750,15.49,2016-07-29 16:00:00,390,17.92,2016-07-29 16:00:00,390
2016-08-01,2170.79,2016-08-01 16:00:00,391,12.44,2016-08-01 16:00:00,750,15.72,2016-08-01 16:00:00,390,18.09,2016-08-01 16:00:00,390
2016-08-02,2157.04,2016-08-02 16:00:00,391,13.32,2016-08-02 16:00:00,750,16.43,2016-08-02 16:00:00,390,18.64,2016-08-02 16:00:00,390
2016-08-03,2163.53,2016-08-03 16:00:00,391,12.86,2016-08-03 16:00:00,675,16.06,2016-08-03 16:00:00,390,18.35,2016-08-03 16:00:00,390
2016-08-04,2164.29,2016-08-04 16:00:00,391,12.36,2016-08-04 16:00:00,750,15.72,2016-08-04 16:00:00,390,18.02,2016-08-04 16:00:00,390
2016-08-05,2182.64,2016-08-05 16:00:00,391,11.26,2016-08-05 16:00:00,750,15.12,2016-08-05 16:00:00,390,17.6,2016-08-05 16:00:00,390
2016-08-08,2180.8,2016-08-08 16:00:00,391,11.46,2016-08-08 16:00:00,750,15.15,2016-08-08 16:00:00,390,17.53,2016-08-08 16:00:00,390
2016-08-09,2181.72,2016-08-09 16:00:00,391,11.64,2016-08-09 16:00:00,750,15.11,2016-08-09 16:00:00,390,17.4,2016-08-09 16:00:00,390
2016-08-10,2175.5,2016-08-10 16:00:00,391,12.06,2016-08-10 16:00:00,676,15.46,2016-08-10 16:00:00,390,17.63,2016-08-10 16:00:00,390
2016-08-11,2185.78,2016-08-11 16:00:00,391,11.74,2016-08-11 16:00:00,750,15.3,2016-08-11 16:00:00,390,17.57,2016-08-11 16:00:00,390
2016-08-12,2183.89,2016-08-12 16:00:00,391,11.49,2016-08-12 16:00:00,750,15.26,2016-08-12 16:00:00,390,17.61,2016-08-12 16:00:00,390
2016-08-15,2190.11,2016-08-15 16:00:00,391,11.82,2016-08-15 16:00:00,750,15.36,2016-08-15 16:00:00,390,17.71,2016-08-15 16:00:00,390
2016-08-16,2178.19,2016-08-16 16:00:00,391,12.63,2016-08-16 16:00:00,750,16.03,2016-08-16 16:00:00,390,18.19,2016-08-16 16:00:00,390
2016-08-17,2182.03,2016-08-17 16:00:00,391,12.18,2016-08-17 16:00:00,750,15.54,2016-08-17 16:00:00,390,17.89,2016-08-17 16:00:00,390
2016-08-18,2186.9,2016-08-18 16:00:00,391,11.44,2016-08-18 16:00:00,750,15.17,2016-08-18 16:00:00,390,17.72,2016-08-18 16:00:00,390
2016-08-19,2183.77,2016-08-19 16:00:00,391,11.46,2016-08-19 16:00:00,750,15.19,2016-08-19 16:00:00,390,17.74,2016-08-19 16:00:00,390
2016-08-22,2182.7,2016-08-22 16:00:00,391,12.26,2016-08-22 16:00:00,750,15.51,2016-08-22 16:00:00,390,17.91,2016-08-22 16:00:00,390
2016-08-23,2186.9,2016-08-23 16:00:00,391,12.39,2016-08-23 16:00:00,750,15.41,2016-08-23 16:00:00,390,17.91,2016-08-23 16:00:00,390
2016-08-24,2175.67,2016-08-24 16:00:00,391,13.48,2016-08-24 16:00:00,750,16.0,2016-08-24 16:00:00,390,18.28,2016-08-24 16:00:00,390
2016-08-25,2172.62,2016-08-25 16:00:00,391,13.7,2016-08-25 16:00:00,750,16.18,2016-08-25 16:00:00,390,18.31,2016-08-25 16:00:00,390
2016-08-26,2169.23,2016-08-26 16:00:00,391,13.73,2016-08-26 16:00:00,750,16.29,2016-08-26 16:00:00,390,18.44,2016-08-26 16:00:00,390
2016-08-29,2180.41,2016-08-29 16:00:00,391,13.06,2016-08-29 16:00:00,750,15.98,2016-08-29 16:00:00,390,18.24,2016-08-29 16:00:00,390
2016-08-30,2176.15,2016-08-30 16:00:00,391,13.07,2016-08-30 16:00:00,750,16.02,2016-08-30 16:00:00,390,18.28,2016-08-30 16:00:00,390
2016-08-31,2170.84,2016-08-31 16:00:00,391,13.48,2016-08-31 16:00:00,750,16.18,2016-08-31 16:00:00,390,18.53,2016-08-31 16:00:00,390
2016-09-01,2170.74,2016-09-01 16:00:00,391,13.51,2016-09-01 16:00:00,749,16.3,2016-09-01 16:00:00,390,18.57,2016-09-01 16:00:00,390
2016-09-02,2179.95,2016-09-02 16:00:00,391,11.92,2016-09-02 16:00:00,750,15.64,2016-09-02 16:00:00,390,18.17,2016-09-02 16:00:00,390
2016-09-06,2186.49,2016-09-06 16:00:00,391,11.96,2016-09-06 16:00:00,750,15.54,2016-09-06 16:00:00,390,18.02,2016-09-06 16:00:00,390
2016-09-07,2186.16,2016-09-07 16:00:00,391,11.91,2016-09-07 16:00:00,750,15.51,2016-09-07 16:00:00,390,18.03,2016-09-07 16:00:00,390
2016-09-08,2181.22,2016-09-08 16:00:00,391,12.28,2016-09-08 16:00:00,750,15.7,2016-09-08 16:00:00,390,18.24,2016-09-08 16:00:00,390
2016-09-09,2128.01,2016-09-09 16:00:00,391,17.17,2016-09-09 16:00:00,750,18.67,2016-09-09 16:00:00,390,20.19,2016-09-09 16:00:00,390
2016-09-12,2159.0,2016-09-12 16:00:00,391,15.13,2016-09-12 16:00:00,750,17.12,2016-09-12 16:00:00,390,19.1,2016-09-12 16:00:00,390
2016-09-13,2127.04,2016-09-13 16:00:00,391,18.13,2016-09-13 16:00:00,750,19.15,2016-09-13 16:00:00,390,20.42,2016-09-13 16:00:00,390
2016-09-14,2125.83,2016-09-14 16:00:00,391,17.66,2016-09-14 16:00:00,750,19.09,2016-09-14 16:00:00,390,20.56,2016-09-14 16:00:00,390
2016-09-15,2147.29,2016-09-15 16:00:00,391,16.13,2016-09-15 16:00:00,750,18.09,2016-09-15 16:00:00,390,19.84,2016-09-15 16:00:00,390
2016-09-16,2139.05,2016-09-16 16:00:00,391,15.47,2016-09-16 16:00:00,750,17.91,2016-09-16 16:00:00,390,19.62,2016-09-16 16:00:00,390
2016-09-19,2139.14,2016-09-19 16:00:00,391,15.56,2016-09-19 16:00:00,750,17.82,2016-09-19 16:00:00,390,19.54,2016-09-19 16:00:00,390
2016-09-20,2139.67,2016-09-20 16:00:00,391,15.82,2016-09-20 16:00:00,750,17.91,2016-09-20 16:00:00,390,19.57,2016-09-20 16:00:00,390
2016-09-21,2163.09,2016-09-21 16:00:00,391,13.18,2016-09-21 16:00:00,750,16.58,2016-09-21 16:00:00,390,18.67,2016-09-21 16:00:00,390
2016-09-22,2177.03,2016-09-22 16:00:00,391,11.99,2016-09-22 16:00:00,750,15.82,2016-09-22 16:00:00,390,18.14,2016-09-22 16:00:00,390
2016-09-23,2164.79,2016-09-23 16:00:00,391,12.16,2016-09-23 16:00:00,750,16.0,2016-09-23 16:00:00,390,18.2,2016-09-23 16:00:00,390
2016-09-26,2146.31,2016-09-26 16:00:00,391,14.47,2016-09-26 16:00:00,750,17.29,2016-09-26 16:00:00,390,19.01,2016-09-26 16:00:00,390
2016-09-27,2159.9,2016-09-27 16:00:00,391,13.04,2016-09-27 16:00:00,750,16.45,2016-09-27 16:00:00,390,18.39,2016-09-27 16:00:00,390
2016-09-28,2171.26,2016-09-28 16:00:00,391,12.42,2016-09-28 16:00:00,750,16.0,2016-09-28 16:00:00,390,18.11,2016-09-28 16:00:00,390
2016-09-29,2151.12,2016-09-29 16:00:00,391,14.33,2016-09-29 16:00:00,750,17.02,2016-09-29 16:00:00,390,18.94,2016-09-29 16:00:00,390
2016-09-30,2168.09,2016-09-30 16:00:00,391,13.23,2016-09-30 16:00:00,750,16.33,2016-09-30 16:00:00,390,18.45,2016-09-30 16:00:00,390
2016-10-03,2161.03,2016-10-03 16:00:00,391,13.5,2016-10-03 16:00:00,750,16.36,2016-10-03 16:00:00,390,18.27,2016-10-03 16:00:00,390
2016-10-04,2150.53,2016-10-04 16:00:00,391,13.79,2016-10-04 16:00:00,750,16.59,2016-10-04 16:00:00,390,18.44,2016-10-04 16:00:00,390
2016-10-05,2159.67,2016-10-05 16:00:00,391,13.06,2016-10-05 16:00:00,750,16.25,2016-10-05 16:00:00,390,18.16,2016-10-05 16:00:00,390
2016-10-06,2160.84,2016-10-06 16:00:00,391,12.91,2016-10-06 16:00:00,750,16.12,2016-10-06 16:00:00,390,18.07,2016-10-06 16:00:00,390
2016-10-07,2153.74,2016-10-07 16:00:00,391,13.42,2016-10-07 16:00:00,750,16.39,2016-10-07 16:00:00,390,18.34,2016-10-07 16:00:00,390
2016-10-10,2163.66,2016-10-10 16:00:00,391,13.49,2016-10-10 16:00:00,750,16.0,2016-10-10 16:00:00,390,18.08,2016-10-10 16:00:00,390
2016-10-11,2136.85,2016-10-11 16:00:00,391,15.45,2016-10-11 16:00:00,750,17.0,2016-10-11 16:00:00,390,18.79,2016-10-11 16:00:00,390
2016-10-12,2139.27,2016-10-12 16:00:00,391,15.78,2016-10-12 16:00:00,750,16.93,2016-10-12 16:00:00,390,18.82,2016-10-12 16:00:00,390
2016-10-13,2132.64,2016-10-13 16:00:00,391,16.56,2016-10-13 16:00:00,750,17.53,2016-10-13 16:00:00,390,19.22,2016-10-13 16:00:00,390
2016-10-14,2133.08,2016-10-14 16:00:00,391,16.0,2016-10-14 16:00:00,750,17.35,2016-10-14 16:00:00,390,19.1,2016-10-14 16:00:00,390
2016-10-17,2126.48,2016-10-17 16:00:00,391,16.24,2016-10-17 16:00:00,750,17.51,2016-10-17 16:00:00,390,19.23,2016-10-17 16:00:00,390
2016-10-18,2139.55,2016-10-18 16:00:00,391,15.2,2016-10-18 16:00:00,750,16.85,2016-10-18 16:00:00,390,18.81,2016-10-18 16:00:00,390
2016-10-19,2144.33,2016-10-19 16:00:00,391,14.38,2016-10-19 16:00:00,750,16.41,2016-10-19 16:00:00,390,18.49,2016-10-19 16:00:00,390
2016-10-20,2141.26,2016-10-20 16:00:00,391,13.83,2016-10-20 16:00:00,750,16.29,2016-10-20 16:00:00,390,18.4,2016-10-20 16:00:00,390
2016-10-21,2141.16,2016-10-21 16:00:00,391,13.39,2016-10-21 16:00:00,750,16.08,2016-10-21 16:00:00,390,18.27,2016-10-21 16:00:00,390
2016-10-24,2151.19,2016-10-24 16:00:00,391,13.06,2016-10-24 16:00:00,750,15.65,2016-10-24 16:00:00,390,17.99,2016-10-24 16:00:00,390
2016-10-25,2143.24,2016-10-25 16:00:00,391,13.59,2016-10-25 16:00:00,750,15.85,2016-10-25 16:00:00,390,18.08,2016-10-25 16:00:00,390
2016-10-26,2139.44,2016-10-26 16:00:00,391,14.3,2016-10-26 16:00:00,750,16.26,2016-10-26 16:00:00,390,18.35,2016-10-26 16:00:00,390
2016-10-27,2133.09,2016-10-27 16:00:00,391,15.05,2016-10-27 16:00:00,750,16.73,2016-10-27 16:00:00,390,18.66,2016-10-27 16:00:00,390
2016-10-28,2126.47,2016-10-28 16:00:00,391,16.17,2016-10-28 16:00:00,750,17.38,2016-10-28 16:00:00,390,19.03,2016-10-28 16:00:00,390
2016-10-31,2126.23,2016-10-31 16:00:00,391,17.24,2016-10-31 16:00:00,750,17.92,2016-10-31 16:00:00,390,19.35,2016-10-31 16:00:00,390
2016-11-01,2111.75,2016-11-01 16:00:00,391,18.35,2016-11-01 16:00:00,750,18.6,2016-11-01 16:00:00,390,19.74,2016-11-01 16:00:00,390
2016-11-02,2098.0,2016-11-02 16:00:00,391,19.25,2016-11-02 16:00:00,750,19.15,2016-11-02 16:00:00,390,20.11,2016-11-02 16:00:00,390
2016-11-03,2088.68,2016-11-03 16:00:00,391,22.15,2016-11-03 16:00:00,750,20.76,2016-11-03 16:00:00,390,21.02,2016-11-03 16:00:00,390
2016-11-04,2085.27,2016-11-04 16:00:00,391,22.84,2016-11-04 16:00:00,750,21.18,2016-11-04 16:00:00,390,21.44,2016-11-04 16:00:00,390
2016-11-07,2131.47,2016-11-07 16:00:00,391,18.8,2016-11-07 16:00:00,750,18.28,2016-11-07 16:00:00,390,19.42,2016-11-07 16:00:00,390
2016-11-08,2139.52,2016-11-08 16:00:00,391,18.27,2016-11-08 16:00:00,750,17.94,2016-11-08 16:00:00,390,19.19,2016-11-08 16:00:00,390
2016-11-09,2163.09,2016-11-09 16:00:00,391,14.72,2016-11-09 16:00:00,750,16.51,2016-11-09 16:00:00,390,18.23,2016-11-09 16:00:00,390
2016-11-10,2167.59,2016-11-10 16:00:00,391,15.03,2016-11-10 16:00:00,750,16.89,2016-11-10 16:00:00,390,18.67,2016-11-10 16:00:00,390
2016-11-11,2164.29,2016-11-11 16:00:00,391,14.29,2016-11-11 16:00:00,750,16.57,2016-11-11 16:00:00,390,18.48,2016-11-11 16:00:00,390
2016-11-14,2164.3,2016-11-14 16:00:00,391,14.54,2016-11-14 16:00:00,750,16.7,2016-11-14 16:00:00,390,18.66,2016-11-14 16:00:00,390
2016-11-15,2180.4,2016-11-15 16:00:00,391,13.47,2016-11-15 16:00:00,750,15.85,2016-11-15 16:00:00,390,18.07,2016-11-15 16:00:00,390
2016-11-16,2176.95,2016-11-16 16:00:00,391,13.74,2016-11-16 16:00:00,750,16.03,2016-11-16 16:00:00,390,18.23,2016-11-16 16:00:00,390
2016-11-17,2187.1,2016-11-17 16:00:00,391,13.33,2016-11-17 16:00:00,750,15.64,2016-11-17 16:00:00,390,17.97,2016-11-17 16:00:00,390
2016-11-18,2182.0,2016-11-18 16:00:00,391,12.94,2016-11-18 16:00:00,750,15.57,2016-11-18 16:00:00,390,18.06,2016-11-18 16:00:00,390
2016-11-21,2198.18,2016-11-21 16:00:00,391,12.21,2016-11-21 16:00:00,750,15.2,2016-11-21 16:00:00,390,17.73,2016-11-21 16:00:00,390
2016-11-22,2202.89,2016-11-22 16:00:00,391,12.31,2016-11-22 16:00:00,750,15.27,2016-11-22 16:00:00,390,17.77,2016-11-22 16:00:00,390
2016-11-23,2204.61,2016-11-23 16:00:00,391,12.39,2016-11-23 16:00:00,750,15.42,2016-11-23 16:00:00,390,17.84,2016-11-23 16:00:00,390
2016-11-25,2213.35,2016-11-25 14:03:00,232,12.34,2016-11-25 15:36:00,726,15.51,2016-11-25 15:36:00,309,17.93,2016-11-25 15:36:00,309
2016-11-28,2201.81,2016-11-28 16:00:00,391,13.09,2016-11-28 16:00:00,750,16.02,2016-11-28 16:00:00,390,18.21,2016-11-28 16:00:00,390
2016-11-29,2204.76,2016-11-29 16:00:00,391,12.89,2016-11-29 16:00:00,750,15.92,2016-11-29 16:00:00,390,18.14,2016-11-29 16:00:00,390
2016-11-30,2199.08,2016-11-30 16:00:00,391,13.35,2016-11-30 16:00:00,750,16.06,2016-11-30 16:00:00,390,18.22,2016-11-30 16:00:00,390
2016-12-01,2191.09,2016-12-01 16:00:00,391,14.18,2016-12-01 16:00:00,750,16.76,2016-12-01 16:00:00,390,18.69,2016-12-01 16:00:00,390
2016-12-02,2192.02,2016-12-02 16:00:00,391,14.07,2016-12-02 16:00:00,750,16.76,2016-12-02 16:00:00,390,18.73,2016-12-02 16:00:00,390
2016-12-05,2204.71,2016-12-05 16:00:00,391,12.21,2016-12-05 16:00:00,750,15.85,2016-12-05 16:00:00,390,18.1,2016-12-05 16:00:00,390
2016-12-06,2212.24,2016-12-06 16:00:00,391,11.75,2016-12-06 16:00:00,750,15.47,2016-12-06 16:00:00,390,17.82,2016-12-06 16:00:00,390
2016-12-07,2241.04,2016-12-07 16:00:00,391,12.12,2016-12-07 16:00:00,750,15.48,2016-12-07 16:00:00,390,17.73,2016-12-07 16:00:00,390
2016-12-08,2246.11,2016-12-08 16:00:00,391,12.4,2016-12-08 16:00:00,750,15.68,2016-12-08 16:00:00,390,17.94,2016-12-08 16:00:00,390
2016-12-09,2259.53,2016-12-09 16:00:00,391,11.72,2016-12-09 16:00:00,750,15.16,2016-12-09 16:00:00,390,17.58,2016-12-09 16:00:00,390
2016-12-12,2256.9,2016-12-12 16:00:00,391,12.62,2016-12-12 16:00:00,750,15.7,2016-12-12 16:00:00,390,17.79,2016-12-12 16:00:00,390
2016-12-13,2271.66,2016-12-13 16:00:00,391,12.77,2016-12-13 16:00:00,750,15.75,2016-12-13 16:00:00,390,17.87,2016-12-13 16:00:00,390
2016-12-14,2253.32,2016-12-14 16:00:00,391,13.23,2016-12-14 16:00:00,750,15.91,2016-12-14 16:00:00,390,17.99,2016-12-14 16:00:00,390
2016-12-15,2262.02,2016-12-15 16:00:00,391,12.79,2016-12-15 16:00:00,750,15.76,2016-12-15 16:00:00,390,17.88,2016-12-15 16:00:00,390
2016-12-16,2258.0,2016-12-16 16:00:00,391,12.19,2016-12-16 16:00:00,750,15.64,2016-12-16 16:00:00,390,17.89,2016-12-16 16:00:00,390
2016-12-19,2262.58,2016-12-19 16:00:00,391,11.72,2016-12-19 16:00:00,750,15.32,2016-12-19 16:00:00,390,17.57,2016-12-19 16:00:00,390
2016-12-20,2270.72,2016-12-20 16:00:00,391,11.47,2016-12-20 16:00:00,750,15.15,2016-12-20 16:00:00,390,17.51,2016-12-20 16:00:00,390
2016-12-21,2265.27,2016-12-21 16:00:00,391,11.26,2016-12-21 16:00:00,750,15.1,2016-12-21 16:00:00,390,17.52,2016-12-21 16:00:00,390
2016-12-22,2260.96,2016-12-22 16:00:00,391,11.47,2016-12-22 16:00:00,750,15.31,2016-12-22 16:00:00,390,17.72,2016-12-22 16:00:00,390
2016-12-23,2263.69,2016-12-23 16:00:00,391,11.45,2016-12-23 16:00:00,750,15.25,2016-12-23 16:00:00,390,17.64,2016-12-23 16:00:00,390
2016-12-27,2268.87,2016-12-27 16:00:00,391,11.93,2016-12-27 16:00:00,750,15.31,2016-12-27 16:00:00,390,17.62,2016-12-27 16:00:00,390
2016-12-28,2249.95,2016-12-28 16:00:00,391,12.9,2016-12-28 16:00:00,750,15.94,2016-12-28 16:00:00,390,18.03,2016-12-28 16:00:00,390
2016-12-29,2249.37,2016-12-29 16:00:00,391,13.41,2016-12-29 16:00:00,750,16.19,2016-12-29 16:00:00,390,18.25,2016-12-29 16:00:00,390
2016-12-30,2239.2,2016-12-30 16:00:00,391,14.15,2016-12-30 16:00:00,750,16.6,2016-12-30 16:00:00,390,18.61,2016-12-30 16:00:00,390
2017-01-03,2257.68,2017-01-03 16:00:00,391,12.96,2017-01-03 16:00:00,750,15.6,2017-01-03 16:00:00,390,17.79,2017-01-03 16:00:00,390
2017-01-04,2270.7,2017-01-04 16:00:00,391,11.83,2017-01-04 16:00:00,750,14.79,2017-01-04 16:00:00,390,17.1,2017-01-04 16:00:00,390
2017-01-05,2269.01,2017-01-05 16:00:00,391,11.69,2017-01-05 16:00:00,750,14.73,2017-01-05 16:00:00,390,17.05,2017-01-05 16:00:00,390
2017-01-06,2277.16,2017-01-06 16:00:00,391,11.37,2017-01-06 16:00:00,750,14.58,2017-01-06 16:00:00,390,16.94,2017-01-06 16:00:00,390
2017-01-09,2269.08,2017-01-09 16:00:00,391,11.62,2017-01-09 16:00:00,750,14.68,2017-01-09 16:00:00,390,17.07,2017-01-09 16:00:00,390
2017-01-10,2268.94,2017-01-10 16:00:00,391,11.5,2017-01-10 16:00:00,750,14.67,2017-01-10 16:00:00,390,17.1,2017-01-10 16:00:00,390
2017-01-11,2275.19,2017-01-11 16:00:00,391,11.26,2017-01-11 16:00:00,750,14.47,2017-01-11 16:00:00,390,16.97,2017-01-11 16:00:00,390
2017-01-12,2270.43,2017-01-12 16:00:00,391,11.47,2017-01-12 16:00:00,750,14.53,2017-01-12 16:00:00,390,17.09,2017-01-12 16:00:00,390
2017-01-13,2274.61,2017-01-13 16:00:00,391,11.32,2017-01-13 16:00:00,750,14.59,2017-01-13 16:00:00,390,17.2,2017-01-13 16:00:00,390
2017-01-17,2267.83,2017-01-17 16:00:00,391,11.9,2017-01-17 16:00:00,750,14.96,2017-01-17 16:00:00,390,17.49,2017-01-17 16:00:00,390
2017-01-18,2271.86,2017-01-18 16:00:00,391,12.44,2017-01-18 16:00:00,750,14.88,2017-01-18 16:00:00,390,17.37,2017-01-18 16:00:00,390
2017-01-19,2263.65,2017-01-19 16:00:00,391,12.87,2017-01-19 16:00:00,750,15.08,2017-01-19 16:00:00,390,17.42,2017-01-19 16:00:00,390
2017-01-20,2271.24,2017-01-20 16:00:00,391,11.61,2017-01-20 16:00:00,750,14.5,2017-01-20 16:00:00,390,17.04,2017-01-20 16:00:00,390
2017-01-23,2265.32,2017-01-23 16:00:00,391,11.82,2017-01-23 16:00:00,750,14.57,2017-01-23 16:00:00,390,16.97,2017-01-23 16:00:00,390
2017-01-24,2280.04,2017-01-24 16:00:00,391,11.06,2017-01-24 16:00:00,750,13.87,2017-01-24 16:00:00,390,16.24,2017-01-24 16:00:00,390
2017-01-25,2298.4,2017-01-25 16:00:00,391,10.69,2017-01-25 16:00:00,750,13.57,2017-01-25 16:00:00,390,15.93,2017-01-25 16:00:00,390
2017-01-26,2296.73,2017-01-26 16:00:00,391,10.74,2017-01-26 16:00:00,750,13.68,2017-01-26 16:00:00,390,16.1,2017-01-26 16:00:00,390
2017-01-27,2294.55,2017-01-27 16:00:00,391,10.5,2017-01-27 16:00:00,750,13.67,2017-01-27 16:00:00,390,16.2,2017-01-27 16:00:00,390
2017-01-30,2280.68,2017-01-30 16:00:00,391,11.91,2017-01-30 16:00:00,750,14.45,2017-01-30 16:00:00,390,16.65,2017-01-30 16:00:00,390
2017-01-31,2278.92,2017-01-31 16:00:00,391,11.97,2017-01-31 16:00:00,750,14.46,2017-01-31 16:00:00,390,16.68,2017-01-31 16:00:00,390
2017-02-01,2279.44,2017-02-01 16:00:00,391,11.67,2017-02-01 16:00:00,750,14.26,2017-02-01 16:00:00,390,16.51,2017-02-01 16:00:00,390
2017-02-02,2280.85,2017-02-02 16:00:00,391,11.88,2017-02-02 16:00:00,750,14.55,2017-02-02 16:00:00,390,16.6,2017-02-02 16:00:00,390
2017-02-03,2297.24,2017-02-03 16:00:00,391,10.82,2017-02-03 16:00:00,750,13.99,2017-02-03 16:00:00,390,16.22,2017-02-03 16:00:00,390
2017-02-06,2292.56,2017-02-06 16:00:00,391,11.24,2017-02-06 16:00:00,750,14.19,2017-02-06 16:00:00,390,16.38,2017-02-06 16:00:00,390
2017-02-07,2292.96,2017-02-07 16:00:00,391,11.31,2017-02-07 16:00:00,750,14.38,2017-02-07 16:00:00,390,16.45,2017-02-07 16:00:00,390
2017-02-08,2294.65,2017-02-08 16:00:00,391,11.35,2017-02-08 16:00:00,750,14.57,2017-02-08 16:00:00,390,16.58,2017-02-08 16:00:00,390
2017-02-09,2307.75,2017-02-09 16:00:00,391,10.98,2017-02-09 16:00:00,750,14.21,2017-02-09 16:00:00,390,16.38,2017-02-09 16:00:00,390
2017-02-10,2316.16,2017-02-10 16:00:00,391,10.87,2017-02-10 16:00:00,750,13.91,2017-02-10 16:00:00,390,16.16,2017-02-10 16:00:00,390
2017-02-13,2328.22,2017-02-13 16:00:00,391,11.14,2017-02-13 16:00:00,750,13.74,2017-02-13 16:00:00,390,15.95,2017-02-13 16:00:00,390
2017-02-14,2337.46,2017-02-14 16:00:00,391,10.86,2017-02-14 16:00:00,750,13.3,2017-02-14 16:00:00,390,15.52,2017-02-14 16:00:00,390
2017-02-15,2349.16,2017-02-15 16:00:00,391,11.93,2017-02-15 16:00:00,750,13.46,2017-02-15 16:00:00,390,15.49,2017-02-15 16:00:00,390
2017-02-16,2347.17,2017-02-16 16:00:00,391,11.83,2017-02-16 16:00:00,750,13.64,2017-02-16 16:00:00,390,15.69,2017-02-16 16:00:00,390
2017-02-17,2350.96,2017-02-17 16:00:00,391,11.41,2017-02-17 16:00:00,750,13.67,2017-02-17 16:00:00,390,15.74,2017-02-17 16:00:00,390
2017-02-21,2365.08,2017-02-21 16:00:00,391,11.56,2017-02-21 16:00:00,750,14.02,2017-02-21 16:00:00,390,15.97,2017-02-21 16:00:00,390
2017-02-22,2362.61,2017-02-22 16:00:00,391,11.71,2017-02-22 16:00:00,750,14.41,2017-02-22 16:00:00,390,16.26,2017-02-22 16:00:00,390
2017-02-23,2363.76,2017-02-23 16:00:00,391,11.79,2017-02-23 16:00:00,750,14.78,2017-02-23 16:00:00,390,16.56,2017-02-23 16:00:00,390
2017-02-24,2367.15,2017-02-24 16:00:00,391,11.36,2017-02-24 16:00:00,750,14.7,2017-02-24 16:00:00,390,16.64,2017-02-24 16:00:00,390
2017-02-27,2369.72,2017-02-27 16:00:00,391,12.1,2017-02-27 16:00:00,750,14.91,2017-02-27 16:00:00,390,16.62,2017-02-27 16:00:00,390
2017-02-28,2363.87,2017-02-28 16:00:00,391,12.8,2017-02-28 16:00:00,750,15.24,2017-02-28 16:00:00,390,16.92,2017-02-28 16:00:00,390
2017-03-01,2395.84,2017-03-01 16:00:00,391,12.4,2017-03-01 16:00:00,750,14.8,2017-03-01 16:00:00,390,16.57,2017-03-01 16:00:00,390
2017-03-02,2381.75,2017-03-02 16:00:00,391,11.96,2017-03-02 16:00:00,750,14.85,2017-03-02 16:00:00,390,16.69,2017-03-02 16:00:00,390
2017-03-03,2382.88,2017-03-03 16:00:00,391,10.99,2017-03-03 16:00:00,750,14.29,2017-03-03 16:00:00,390,16.27,2017-03-03 16:00:00,390
2017-03-06,2375.4,2017-03-06 16:00:00,391,11.17,2017-03-06 16:00:00,750,14.32,2017-03-06 16:00:00,390,16.29,2017-03-06 16:00:00,390
2017-03-07,2368.28,2017-03-07 16:00:00,391,11.47,2017-03-07 16:00:00,750,14.42,2017-03-07 16:00:00,390,16.38,2017-03-07 16:00:00,390
2017-03-08,2363.05,2017-03-08 16:00:00,391,11.73,2017-03-08 16:00:00,750,14.51,2017-03-08 16:00:00,390,16.38,2017-03-08 16:00:00,390
2017-03-09,2364.96,2017-03-09 16:00:00,391,12.3,2017-03-09 16:00:00,750,14.77,2017-03-09 16:00:00,390,16.61,2017-03-09 16:00:00,390
2017-03-10,2372.81,2017-03-10 16:00:00,391,11.59,2017-03-10 16:00:00,750,14.37,2017-03-10 16:00:00,390,16.34,2017-03-10 16:00:00,390
2017-03-13,2373.55,2017-03-13 16:00:00,391,11.31,2017-03-13 16:00:00,750,14.36,2017-03-13 16:00:00,390,16.28,2017-03-13 16:00:00,390
2017-03-14,2365.4,2017-03-14 16:00:00,391,12.3,2017-03-14 16:00:00,750,14.62,2017-03-14 16:00:00,390,16.41,2017-03-14 16:00:00,390
2017-03-15,2384.86,2017-03-15 16:00:00,391,11.5,2017-03-15 16:00:00,750,14.18,2017-03-15 16:00:00,390,16.12,2017-03-15 16:00:00,390
2017-03-16,2381.26,2017-03-16 16:00:00,391,11.22,2017-03-16 16:00:00,750,13.82,2017-03-16 16:00:00,390,15.83,2017-03-16 16:00:00,390
2017-03-17,2378.16,2017-03-17 16:00:00,391,11.22,2017-03-17 16:00:00,750,13.9,2017-03-17 16:00:00,390,15.84,2017-03-17 16:00:00,390
2017-03-20,2373.46,2017-03-20 16:00:00,391,11.35,2017-03-20 16:00:00,750,13.92,2017-03-20 16:00:00,390,15.87,2017-03-20 16:00:00,390
2017-03-21,2343.98,2017-03-21 16:00:00,391,12.63,2017-03-21 16:00:00,750,14.68,2017-03-21 16:00:00,390,16.45,2017-03-21 16:00:00,390
2017-03-22,2348.47,2017-03-22 16:00:00,391,12.66,2017-03-22 16:00:00,750,14.58,2017-03-22 16:00:00,390,16.35,2017-03-22 16:00:00,390
2017-03-23,2346.01,2017-03-23 16:00:00,391,13.14,2017-03-23 16:00:00,750,14.9,2017-03-23 16:00:00,390,16.53,2017-03-23 16:00:00,390
2017-03-24,2344.2,2017-03-24 16:00:00,391,13.0,2017-03-24 16:00:00,750,14.63,2017-03-24 16:00:00,390,16.34,2017-03-24 16:00:00,390
2017-03-27,2341.58,2017-03-27 16:00:00,391,12.59,2017-03-27 16:00:00,750,14.26,2017-03-27 16:00:00,390,16.0,2017-03-27 16:00:00,390
2017-03-28,2358.59,2017-03-28 16:00:00,391,11.49,2017-03-28 16:00:00,750,13.65,2017-03-28 16:00:00,390,15.4,2017-03-28 16:00:00,390
2017-03-29,2361.16,2017-03-29 16:00:00,391,11.41,2017-03-29 16:00:00,750,13.45,2017-03-29 16:00:00,390,15.2,2017-03-29 16:00:00,390
2017-03-30,2368.06,2017-03-30 16:00:00,391,11.6,2017-03-30 16:00:00,750,13.41,2017-03-30 16:00:00,390,15.11,2017-03-30 16:00:00,390
2017-03-31,2362.69,2017-03-31 16:00:00,391,12.29,2017-03-31 16:00:00,750,13.58,2017-03-31 16:00:00,390,15.24,2017-03-31 16:00:00,390
2017-04-03,2358.89,2017-04-03 16:00:00,391,12.32,2017-04-03 16:00:00,750,13.67,2017-04-03 16:00:00,390,15.28,2017-04-03 16:00:00,390
2017-04-04,2360.07,2017-04-04 16:00:00,391,11.82,2017-04-04 16:00:00,750,13.38,2017-04-04 16:00:00,390,14.94,2017-04-04 16:00:00,390
2017-04-05,2352.85,2017-04-05 16:00:00,391,12.55,2017-04-05 16:00:00,750,13.97,2017-04-05 16:00:00,390,15.35,2017-04-05 16:00:00,390
2017-04-06,2357.55,2017-04-06 16:00:00,391,12.43,2017-04-06 16:00:00,750,13.65,2017-04-06 16:00:00,390,15.13,2017-04-06 16:00:00,390
2017-04-07,2355.6,2017-04-07 16:00:00,391,12.83,2017-04-07 16:00:00,750,14.07,2017-04-07 16:00:00,390,15.44,2017-04-07 16:00:00,390
2017-04-10,2357.14,2017-04-10 16:00:00,391,13.99,2017-04-10 16:00:00,750,14.52,2017-04-10 16:00:00,390,15.84,2017-04-10 16:00:00,390
2017-04-11,2353.85,2017-04-11 16:00:00,391,15.1,2017-04-11 16:00:00,750,15.28,2017-04-11 16:00:00,390,16.23,2017-04-11 16:00:00,390
2017-04-12,2344.82,2017-04-12 16:00:00,391,15.7,2017-04-12 16:00:00,750,15.36,2017-04-12 16:00:00,390,16.3,2017-04-12 16:00:00,390
2017-04-13,2329.04,2017-04-13 16:00:00,391,16.01,2017-04-13 16:00:00,750,15.74,2017-04-13 16:00:00,390,16.55,2017-04-13 16:00:00,390
2017-04-17,2349.01,2017-04-17 16:00:00,391,14.65,2017-04-17 16:00:00,750,14.87,2017-04-17 16:00:00,390,16.05,2017-04-17 16:00:00,390
2017-04-18,2342.21,2017-04-18 16:00:00,391,14.39,2017-04-18 16:00:00,750,14.77,2017-04-18 16:00:00,390,16.04,2017-04-18 16:00:00,390
2017-04-19,2338.04,2017-04-19 16:00:00,391,15.0,2017-04-19 16:00:00,750,15.13,2017-04-19 16:00:00,390,16.24,2017-04-19 16:00:00,390
2017-04-20,2355.92,2017-04-20 16:00:00,391,14.09,2017-04-20 16:00:00,750,14.51,2017-04-20 16:00:00,390,15.75,2017-04-20 16:00:00,390
2017-04-21,2348.85,2017-04-21 16:00:00,391,14.66,2017-04-21 16:00:00,750,14.74,2017-04-21 16:00:00,390,15.93,2017-04-21 16:00:00,390
2017-04-24,2374.08,2017-04-24 16:00:00,391,10.88,2017-04-24 16:00:00,750,12.92,2017-04-24 16:00:00,390,14.73,2017-04-24 16:00:00,390
2017-04-25,2388.56,2017-04-25 16:00:00,391,10.78,2017-04-25 16:00:00,750,12.85,2017-04-25 16:00:00,390,14.62,2017-04-25 16:00:00,390
2017-04-26,2387.58,2017-04-26 16:00:00,391,10.77,2017-04-26 16:00:00,750,12.97,2017-04-26 16:00:00,390,14.76,2017-04-26 16:00:00,390
2017-04-27,2388.86,2017-04-27 16:00:00,391,10.44,2017-04-27 16:00:00,750,12.81,2017-04-27 16:00:00,390,14.7,2017-04-27 16:00:00,390
2017-04-28,2384.13,2017-04-28 16:00:00,391,10.84,2017-04-28 16:00:00,750,12.94,2017-04-28 16:00:00,390,14.76,2017-04-28 16:00:00,390
2017-05-01,2388.81,2017-05-01 16:00:00,391,10.18,2017-05-01 16:00:00,750,12.68,2017-05-01 16:00:00,390,14.52,2017-05-01 16:00:00,390
2017-05-02,2391.02,2017-05-02 16:00:00,391,10.47,2017-05-02 16:00:00,750,12.81,2017-05-02 16:00:00,390,14.64,2017-05-02 16:00:00,390
2017-05-03,2387.92,2017-05-03 16:00:00,391,10.64,2017-05-03 16:00:00,750,13.06,2017-05-03 16:00:00,390,14.85,2017-05-03 16:00:00,390
2017-05-04,2389.5,2017-05-04 16:00:00,391,10.42,2017-05-04 16:00:00,750,12.77,2017-05-04 16:00:00,390,14.68,2017-05-04 16:00:00,390
2017-05-05,2399.27,2017-05-05 16:00:00,391,10.63,2017-05-05 16:00:00,750,12.92,2017-05-05 16:00:00,390,14.71,2017-05-05 16:00:00,390
2017-05-08,2399.04,2017-05-08 16:00:00,391,9.72,2017-05-08 16:00:00,750,12.59,2017-05-08 16:00:00,390,14.63,2017-05-08 16:00:00,390
2017-05-09,2396.84,2017-05-09 16:00:00,391,9.98,2017-05-09 16:00:00,750,12.71,2017-05-09 16:00:00,390,14.74,2017-05-09 16:00:00,390
2017-05-10,2399.5,2017-05-10 16:00:00,391,10.07,2017-05-10 16:00:00,750,12.89,2017-05-10 16:00:00,390,14.87,2017-05-10 16:00:00,390
2017-05-11,2394.57,2017-05-11 16:00:00,391,10.56,2017-05-11 16:00:00,750,12.98,2017-05-11 16:00:00,390,14.97,2017-05-11 16:00:00,390
2017-05-12,2390.67,2017-05-12 16:00:00,391,10.4,2017-05-12 16:00:00,750,12.99,2017-05-12 16:00:00,390,15.11,2017-05-12 16:00:00,390
2017-05-15,2402.33,2017-05-15 16:00:00,391,10.28,2017-05-15 16:00:00,750,12.72,2017-05-15 16:00:00,390,14.94,2017-05-15 16:00:00,390
2017-05-16,2400.61,2017-05-16 16:00:00,391,10.56,2017-05-16 16:00:00,750,12.66,2017-05-16 16:00:00,390,14.98,2017-05-16 16:00:00,390
2017-05-17,2357.34,2017-05-17 16:00:00,391,15.2,2017-05-17 16:00:00,750,15.47,2017-05-17 16:00:00,390,16.73,2017-05-17 16:00:00,390
2017-05-18,2365.76,2017-05-18 16:00:00,391,14.53,2017-05-18 16:00:00,750,14.95,2017-05-18 16:00:00,390,16.34,2017-05-18 16:00:00,390
2017-05-19,2381.62,2017-05-19 16:00:00,391,12.29,2017-05-19 16:00:00,750,13.64,2017-05-19 16:00:00,390,15.68,2017-05-19 16:00:00,390
2017-05-22,2393.94,2017-05-22 16:00:00,391,10.95,2017-05-22 16:00:00,750,12.99,2017-05-22 16:00:00,390,15.26,2017-05-22 16:00:00,390
2017-05-23,2398.5,2017-05-23 16:00:00,391,10.73,2017-05-23 16:00:00,750,12.9,2017-05-23 16:00:00,390,15.17,2017-05-23 16:00:00,390
2017-05-24,2404.28,2017-05-24 16:00:00,391,9.98,2017-05-24 16:00:00,750,12.59,2017-05-24 16:00:00,390,14.89,2017-05-24 16:00:00,390
2017-05-25,2415.02,2017-05-25 16:00:00,391,10.06,2017-05-25 16:00:00,750,12.52,2017-05-25 16:00:00,390,14.84,2017-05-25 16:00:00,390
2017-05-26,2415.61,2017-05-26 16:00:00,391,9.79,2017-05-26 16:00:00,750,12.42,2017-05-26 16:00:00,390,14.84,2017-05-26 16:00:00,390
2017-05-30,2412.92,2017-05-30 16:00:00,391,10.31,2017-05-30 16:00:00,750,12.73,2017-05-30 16:00:00,390,15.03,2017-05-30 16:00:00,390
2017-05-31,2411.73,2017-05-31 16:00:00,391,10.62,2017-05-31 16:00:00,750,12.74,2017-05-31 16:00:00,390,15.03,2017-05-31 16:00:00,390
2017-06-01,2429.95,2017-06-01 16:00:00,391,9.87,2017-06-01 16:00:00,750,12.38,2017-06-01 16:00:00,390,14.82,2017-06-01 16:00:00,390
2017-06-02,2438.45,2017-06-02 16:00:00,391,9.73,2017-06-02 16:00:00,750,12.45,2017-06-02 16:00:00,390,14.87,2017-06-02 16:00:00,390
2017-06-05,2436.18,2017-06-05 16:00:00,391,9.93,2017-06-05 16:00:00,750,12.75,2017-06-05 16:00:00,390,15.05,2017-06-05 16:00:00,390
2017-06-06,2429.38,2017-06-06 16:00:00,391,10.56,2017-06-06 16:00:00,750,13.16,2017-06-06 16:00:00,390,15.37,2017-06-06 16:00:00,390
2017-06-07,2433.08,2017-06-07 16:00:00,391,10.38,2017-06-07 16:00:00,750,13.07,2017-06-07 16:00:00,390,15.27,2017-06-07 16:00:00,390
2017-06-08,2433.79,2017-06-08 16:00:00,391,10.16,2017-06-08 16:00:00,750,12.77,2017-06-08 16:00:00,390,15.0,2017-06-08 16:00:00,390
2017-06-09,2431.58,2017-06-09 16:00:00,391,10.83,2017-06-09 16:00:00,750,12.98,2017-06-09 16:00:00,390,15.27,2017-06-09 16:00:00,390
2017-06-12,2429.44,2017-06-12 16:00:00,391,11.37,2017-06-12 16:00:00,750,13.27,2017-06-12 16:00:00,390,15.33,2017-06-12 16:00:00,390
2017-06-13,2440.33,2017-06-13 16:00:00,391,10.38,2017-06-13 16:00:00,750,12.68,2017-06-13 16:00:00,390,14.92,2017-06-13 16:00:00,390
2017-06-14,2437.89,2017-06-14 16:00:00,391,10.59,2017-06-14 16:00:00,750,12.76,2017-06-14 16:00:00,390,14.95,2017-06-14 16:00:00,390
2017-06-15,2432.51,2017-06-15 16:00:00,391,11.06,2017-06-15 16:00:00,750,12.93,2017-06-15 16:00:00,390,15.07,2017-06-15 16:00:00,390
2017-06-16,2433.11,2017-06-16 16:00:00,391,10.33,2017-06-16 16:00:00,750,12.63,2017-06-16 16:00:00,390,14.87,2017-06-16 16:00:00,390
2017-06-19,2453.23,2017-06-19 16:00:00,391,10.25,2017-06-19 16:00:00,750,12.3,2017-06-19 16:00:00,390,14.44,2017-06-19 16:00:00,390
2017-06-20,2437.12,2017-06-20 16:00:00,391,10.98,2017-06-20 16:00:00,750,12.79,2017-06-20 16:00:00,390,14.74,2017-06-20 16:00:00,390
2017-06-21,2435.8,2017-06-21 16:00:00,391,10.8,2017-06-21 16:00:00,750,12.74,2017-06-21 16:00:00,390,14.73,2017-06-21 16:00:00,390
2017-06-22,2434.6,2017-06-22 16:00:00,391,10.46,2017-06-22 16:00:00,750,12.62,2017-06-22 16:00:00,390,14.65,2017-06-22 16:00:00,390
2017-06-23,2438.18,2017-06-23 16:00:00,391,9.99,2017-06-23 16:00:00,750,12.38,2017-06-23 16:00:00,390,14.49,2017-06-23 16:00:00,390
2017-06-26,2438.99,2017-06-26 16:00:00,391,9.84,2017-06-26 16:00:00,750,12.29,2017-06-26 16:00:00,390,14.29,2017-06-26 16:00:00,390
2017-06-27,2419.58,2017-06-27 16:00:00,391,11.25,2017-06-27 16:00:00,750,13.06,2017-06-27 16:00:00,390,14.81,2017-06-27 16:00:00,390
2017-06-28,2440.54,2017-06-28 16:00:00,391,10.04,2017-06-28 16:00:00,750,12.42,2017-06-28 16:00:00,390,14.46,2017-06-28 16:00:00,390
2017-06-29,2419.79,2017-06-29 16:00:00,391,11.56,2017-06-29 16:00:00,750,13.28,2017-06-29 16:00:00,390,14.94,2017-06-29 16:00:00,390
2017-06-30,2423.47,2017-06-30 16:00:00,391,11.06,2017-06-30 16:00:00,750,13.14,2017-06-30 16:00:00,390,14.85,2017-06-30 16:00:00,390
2017-07-03,2429.01,2017-07-03 14:14:00,232,11.22,2017-07-03 13:14:00,584,13.31,2017-07-03 13:14:00,224,14.96,2017-07-03 13:14:00,224
2017-07-05,2432.58,2017-07-05 16:00:00,391,10.97,2017-07-05 16:00:00,750,13.22,2017-07-05 16:00:00,390,14.91,2017-07-05 16:00:00,390
2017-07-06,2409.98,2017-07-06 16:00:00,391,12.67,2017-07-06 16:00:00,750,14.14,2017-07-06 16:00:00,390,15.47,2017-07-06 16:00:00,390
2017-07-07,2425.08,2017-07-07 16:00:00,391,11.21,2017-07-07 16:00:00,750,13.57,2017-07-07 16:00:00,390,15.14,2017-07-07 16:00:00,390
2017-07-10,2427.53,2017-07-10 16:00:00,391,11.02,2017-07-10 16:00:00,750,13.28,2017-07-10 16:00:00,390,14.86,2017-07-10 16:00:00,390
2017-07-11,2425.68,2017-07-11 16:00:00,391,10.96,2017-07-11 16:00:00,750,13.19,2017-07-11 16:00:00,390,14.75,2017-07-11 16:00:00,390
2017-07-12,2443.42,2017-07-12 16:00:00,391,10.22,2017-07-12 16:00:00,750,12.75,2017-07-12 16:00:00,390,14.48,2017-07-12 16:00:00,390
2017-07-13,2447.94,2017-07-13 16:00:00,391,10.0,2017-07-13 16:00:00,750,12.58,2017-07-13 16:00:00,390,14.34,2017-07-13 16:00:00,390
2017-07-14,2459.23,2017-07-14 16:00:00,391,9.7,2017-07-14 16:00:00,750,12.3,2017-07-14 16:00:00,390,14.03,2017-07-14 16:00:00,390
2017-07-17,2459.12,2017-07-17 16:00:00,391,9.92,2017-07-17 16:00:00,750,12.35,2017-07-17 16:00:00,390,14.12,2017-07-17 16:00:00,390
2017-07-18,2460.67,2017-07-18 16:00:00,391,9.95,2017-07-18 16:00:00,750,12.3,2017-07-18 16:00:00,390,14.04,2017-07-18 16:00:00,390
2017-07-19,2473.64,2017-07-19 16:00:00,391,9.78,2017-07-19 16:00:00,750,11.99,2017-07-19 16:00:00,390,13.91,2017-07-19 16:00:00,390
2017-07-20,2473.88,2017-07-20 16:00:00,391,9.51,2017-07-20 16:00:00,750,12.01,2017-07-20 16:00:00,390,13.87,2017-07-20 16:00:00,390
2017-07-21,2472.41,2017-07-21 16:00:00,391,9.36,2017-07-21 16:00:00,750,12.02,2017-07-21 16:00:00,390,13.88,2017-07-21 16:00:00,390
2017-07-24,2470.64,2017-07-24 16:00:00,391,9.42,2017-07-24 16:00:00,750,12.01,2017-07-24 16:00:00,390,13.81,2017-07-24 16:00:00,390
2017-07-25,2477.17,2017-07-25 16:00:00,391,9.51,2017-07-25 16:00:00,750,12.02,2017-07-25 16:00:00,390,13.71,2017-07-25 16:00:00,390
2017-07-26,2477.87,2017-07-26 16:00:00,391,9.46,2017-07-26 16:00:00,750,12.06,2017-07-26 16:00:00,390,13.76,2017-07-26 16:00:00,390
2017-07-27,2475.45,2017-07-27 16:00:00,391,10.08,2017-07-27 16:00:00,750,12.37,2017-07-27 16:00:00,390,13.83,2017-07-27 16:00:00,390
2017-07-28,2472.06,2017-07-28 16:00:00,391,10.28,2017-07-28 16:00:00,750,12.6,2017-07-28 16:00:00,390,13.98,2017-07-28 16:00:00,390
2017-07-31,2470.45,2017-07-31 16:00:00,391,10.51,2017-07-31 16:00:00,750,12.6,2017-07-31 16:00:00,390,14.03,2017-07-31 16:00:00,390
2017-08-01,2476.26,2017-08-01 16:00:00,391,10.01,2017-08-01 16:00:00,750,12.35,2017-08-01 16:00:00,390,13.71,2017-08-01 16:00:00,390
2017-08-02,2477.36,2017-08-02 16:00:00,391,10.24,2017-08-02 16:00:00,750,12.53,2017-08-02 16:00:00,390,13.88,2017-08-02 16:00:00,390
2017-08-03,2472.08,2017-08-03 16:00:00,391,10.47,2017-08-03 16:00:00,750,12.78,2017-08-03 16:00:00,390,14.19,2017-08-03 16:00:00,390
2017-08-04,2476.55,2017-08-04 16:00:00,391,10.0,2017-08-04 16:00:00,750,12.74,2017-08-04 16:00:00,390,14.25,2017-08-04 16:00:00,390
2017-08-07,2480.81,2017-08-07 16:00:00,391,9.91,2017-08-07 16:00:00,750,12.66,2017-08-07 16:00:00,390,14.17,2017-08-07 16:00:00,390
2017-08-08,2474.98,2017-08-08 16:00:00,391,11.12,2017-08-08 16:00:00,750,13.29,2017-08-08 16:00:00,390,14.66,2017-08-08 16:00:00,390
2017-08-09,2473.92,2017-08-09 16:00:00,391,11.42,2017-08-09 16:00:00,750,13.63,2017-08-09 16:00:00,390,14.98,2017-08-09 16:00:00,390
2017-08-10,2438.25,2017-08-10 16:00:00,391,15.9,2017-08-10 16:00:00,750,15.97,2017-08-10 16:00:00,390,16.49,2017-08-10 16:00:00,390
2017-08-11,2441.39,2017-08-11 16:00:00,391,15.61,2017-08-11 16:00:00,750,16.39,2017-08-11 16:00:00,390,16.88,2017-08-11 16:00:00,390
2017-08-14,2465.49,2017-08-14 16:00:00,391,12.41,2017-08-14 16:00:00,750,14.0,2017-08-14 16:00:00,390,15.22,2017-08-14 16:00:00,390
2017-08-15,2464.67,2017-08-15 16:00:00,391,11.98,2017-08-15 16:00:00,750,13.87,2017-08-15 16:00:00,390,15.09,2017-08-15 16:00:00,390
2017-08-16,2468.14,2017-08-16 16:00:00,391,11.79,2017-08-16 16:00:00,740,13.59,2017-08-16 16:00:00,390,14.9,2017-08-16 16:00:00,390
2017-08-17,2430.13,2017-08-17 16:00:00,391,15.56,2017-08-17 16:00:00,750,16.15,2017-08-17 16:00:00,390,16.53,2017-08-17 16:00:00,390
2017-08-18,2425.52,2017-08-18 16:00:00,391,14.33,2017-08-18 16:00:00,750,15.65,2017-08-18 16:00:00,390,16.33,2017-08-18 16:00:00,390
2017-08-21,2428.3,2017-08-21 16:00:00,391,13.18,2017-08-21 16:00:00,750,15.04,2017-08-21 16:00:00,390,15.96,2017-08-21 16:00:00,390
2017-08-22,2452.47,2017-08-22 16:00:00,391,11.46,2017-08-22 16:00:00,750,13.72,2017-08-22 16:00:00,390,15.06,2017-08-22 16:00:00,390
2017-08-23,2444.03,2017-08-23 16:00:00,391,11.99,2017-08-23 16:00:00,750,14.14,2017-08-23 16:00:00,390,15.39,2017-08-23 16:00:00,390
2017-08-24,2438.92,2017-08-24 16:00:00,391,12.46,2017-08-24 16:00:00,750,14.49,2017-08-24 16:00:00,390,15.69,2017-08-24 16:00:00,390
2017-08-25,2443.28,2017-08-25 16:00:00,391,11.27,2017-08-25 16:00:00,750,14.02,2017-08-25 16:00:00,390,15.5,2017-08-25 16:00:00,390
2017-08-28,2444.13,2017-08-28 16:00:00,391,11.36,2017-08-28 16:00:00,750,14.01,2017-08-28 16:00:00,390,15.43,2017-08-28 16:00:00,390
2017-08-29,2446.3,2017-08-29 16:00:00,391,11.82,2017-08-29 16:00:00,750,14.2,2017-08-29 16:00:00,390,15.57,2017-08-29 16:00:00,390
2017-08-30,2457.47,2017-08-30 16:00:00,391,11.12,2017-08-30 16:00:00,750,14.1,2017-08-30 16:00:00,390,15.58,2017-08-30 16:00:00,390
2017-08-31,2471.38,2017-08-31 16:00:00,391,10.67,2017-08-31 16:00:00,750,13.83,2017-08-31 16:00:00,390,15.47,2017-08-31 16:00:00,390
2017-09-01,2476.45,2017-09-01 16:00:00,391,10.23,2017-09-01 16:00:00,750,13.61,2017-09-01 16:00:00,390,15.36,2017-09-01 16:00:00,390
2017-09-05,2457.97,2017-09-05 16:00:00,391,12.5,2017-09-05 16:00:00,750,14.72,2017-09-05 16:00:00,390,16.15,2017-09-05 16:00:00,390
2017-09-06,2465.66,2017-09-06 16:00:00,391,11.69,2017-09-06 16:00:00,750,14.43,2017-09-06 16:00:00,390,16.06,2017-09-06 16:00:00,390
2017-09-07,2465.15,2017-09-07 16:00:00,391,11.58,2017-09-07 16:00:00,750,14.37,2017-09-07 16:00:00,390,16.03,2017-09-07 16:00:00,390
2017-09-08,2461.62,2017-09-08 16:00:00,391,12.3,2017-09-08 16:00:00,750,14.76,2017-09-08 16:00:00,390,16.41,2017-09-08 16:00:00,390
2017-09-11,2488.02,2017-09-11 16:00:00,391,10.78,2017-09-11 16:00:00,750,13.9,2017-09-11 16:00:00,390,15.79,2017-09-11 16:00:00,390
2017-09-12,2496.68,2017-09-12 16:00:00,391,10.6,2017-09-12 16:00:00,750,13.56,2017-09-12 16:00:00,390,15.54,2017-09-12 16:00:00,390
2017-09-13,2498.23,2017-09-13 16:00:00,391,10.41,2017-09-13 16:00:00,750,13.17,2017-09-13 16:00:00,390,15.17,2017-09-13 16:00:00,390
2017-09-14,2495.93,2017-09-14 16:00:00,391,10.42,2017-09-14 16:00:00,750,13.16,2017-09-14 16:00:00,390,15.19,2017-09-14 16:00:00,390
2017-09-15,2499.99,2017-09-15 16:00:00,391,10.15,2017-09-15 16:00:00,750,12.92,2017-09-15 16:00:00,390,15.03,2017-09-15 16:00:00,390
2017-09-18,2503.99,2017-09-18 16:00:00,391,10.1,2017-09-18 16:00:00,750,12.68,2017-09-18 16:00:00,390,14.83,2017-09-18 16:00:00,390
2017-09-19,2506.65,2017-09-19 16:00:00,391,10.12,2017-09-19 16:00:00,750,12.67,2017-09-19 16:00:00,390,14.83,2017-09-19 16:00:00,390
2017-09-20,2508.15,2017-09-20 16:00:00,391,9.71,2017-09-20 16:00:00,750,12.66,2017-09-20 16:00:00,390,14.71,2017-09-20 16:00:00,390
2017-09-21,2500.74,2017-09-21 16:00:00,391,9.72,2017-09-21 16:00:00,750,12.7,2017-09-21 16:00:00,390,14.83,2017-09-21 16:00:00,390
2017-09-22,2501.92,2017-09-22 16:00:00,391,9.59,2017-09-22 16:00:00,750,12.84,2017-09-22 16:00:00,390,14.96,2017-09-22 16:00:00,390
2017-09-25,2496.64,2017-09-25 16:00:00,391,10.27,2017-09-25 16:00:00,750,13.1,2017-09-25 16:00:00,390,15.18,2017-09-25 16:00:00,390
2017-09-26,2497.0,2017-09-26 16:00:00,391,10.16,2017-09-26 16:00:00,750,13.02,2017-09-26 16:00:00,390,15.13,2017-09-26 16:00:00,390
2017-09-27,2507.14,2017-09-27 16:00:00,391,9.8,2017-09-27 16:00:00,750,12.86,2017-09-27 16:00:00,390,15.0,2017-09-27 16:00:00,390
2017-09-28,2509.99,2017-09-28 16:00:00,391,9.58,2017-09-28 16:00:00,750,12.77,2017-09-28 16:00:00,390,14.94,2017-09-28 16:00:00,390
2017-09-29,2519.05,2017-09-29 16:00:00,391,9.43,2017-09-29 16:00:00,750,12.52,2017-09-29 16:00:00,390,14.76,2017-09-29 16:00:00,390
2017-10-02,2529.19,2017-10-02 16:00:00,391,9.49,2017-10-02 16:00:00,750,12.39,2017-10-02 16:00:00,390,14.61,2017-10-02 16:00:00,390
2017-10-03,2534.59,2017-10-03 16:00:00,391,9.55,2017-10-03 16:00:00,750,12.34,2017-10-03 16:00:00,390,14.48,2017-10-03 16:00:00,390
2017-10-04,2537.71,2017-10-04 16:00:00,391,9.71,2017-10-04 16:00:00,750,12.42,2017-10-04 16:00:00,390,14.47,2017-10-04 16:00:00,390
2017-10-05,2552.15,2017-10-05 16:00:00,391,9.23,2017-10-05 16:00:00,750,12.17,2017-10-05 16:00:00,390,14.25,2017-10-05 16:00:00,390
2017-10-06,2549.17,2017-10-06 16:00:00,391,9.56,2017-10-06 16:00:00,750,12.39,2017-10-06 16:00:00,390,14.56,2017-10-06 16:00:00,390
2017-10-09,2544.65,2017-10-09 16:00:00,391,10.37,2017-10-09 16:00:00,750,12.78,2017-10-09 16:00:00,390,14.98,2017-10-09 16:00:00,390
2017-10-10,2550.7,2017-10-10 16:00:00,391,10.06,2017-10-10 16:00:00,750,12.45,2017-10-10 16:00:00,390,14.81,2017-10-10 16:00:00,390
2017-10-11,2555.17,2017-10-11 16:00:00,391,9.78,2017-10-11 16:00:00,750,12.21,2017-10-11 16:00:00,390,14.65,2017-10-11 16:00:00,390
2017-10-12,2550.69,2017-10-12 16:00:00,391,9.91,2017-10-12 16:00:00,750,12.26,2017-10-12 16:00:00,390,14.73,2017-10-12 16:00:00,390
2017-10-13,2553.43,2017-10-13 16:00:00,391,9.61,2017-10-13 16:00:00,750,11.98,2017-10-13 16:00:00,390,14.52,2017-10-13 16:00:00,390
2017-10-16,2557.6,2017-10-16 16:00:00,391,9.9,2017-10-16 16:00:00,750,11.94,2017-10-16 16:00:00,390,14.49,2017-10-16 16:00:00,390
2017-10-17,2559.36,2017-10-17 16:00:00,391,10.27,2017-10-17 16:00:00,750,11.99,2017-10-17 16:00:00,390,14.52,2017-10-17 16:00:00,390
2017-10-18,2561.23,2017-10-18 16:00:00,391,10.1,2017-10-18 16:00:00,750,11.94,2017-10-18 16:00:00,390,14.51,2017-10-18 16:00:00,390
2017-10-19,2562.22,2017-10-19 16:00:00,391,10.04,2017-10-19 16:00:00,750,11.99,2017-10-19 16:00:00,390,14.51,2017-10-19 16:00:00,390
2017-10-20,2575.12,2017-10-20 16:00:00,391,9.81,2017-10-20 16:00:00,750,11.78,2017-10-20 16:00:00,225,14.31,2017-10-20 16:00:00,390
2017-10-23,2565.26,2017-10-23 16:00:00,391,10.84,2017-10-23 16:00:00,750,12.42,2017-10-23 16:00:00,274,14.78,2017-10-23 16:00:00,390
2017-10-24,2569.23,2017-10-24 16:00:00,391,11.06,2017-10-24 16:00:00,750,12.65,2017-10-24 16:00:00,390,14.78,2017-10-24 16:00:00,390
2017-10-25,2557.16,2017-10-25 16:00:00,391,11.52,2017-10-25 16:00:00,750,13.18,2017-10-25 16:00:00,390,15.16,2017-10-25 16:00:00,390
2017-10-26,2560.37,2017-10-26 16:00:00,391,11.64,2017-10-26 16:00:00,750,13.14,2017-10-26 16:00:00,390,15.1,2017-10-26 16:00:00,390
2017-10-27,2581.06,2017-10-27 16:00:00,391,9.81,2017-10-27 16:00:00,750,12.22,2017-10-27 16:00:00,390,14.47,2017-10-27 16:00:00,390
2017-10-30,2572.79,2017-10-30 16:00:00,391,10.45,2017-10-30 16:00:00,750,12.56,2017-10-30 16:00:00,390,14.74,2017-10-30 16:00:00,390
2017-10-31,2575.22,2017-10-31 16:00:00,391,10.17,2017-10-31 16:00:00,750,12.4,2017-10-31 16:00:00,390,14.62,2017-10-31 16:00:00,390
2017-11-01,2579.37,2017-11-01 16:00:00,391,10.12,2017-11-01 16:00:00,750,12.52,2017-11-01 16:00:00,390,14.7,2017-11-01 16:00:00,390
2017-11-02,2579.83,2017-11-02 16:00:00,391,9.83,2017-11-02 16:00:00,750,12.62,2017-11-02 16:00:00,390,14.87,2017-11-02 16:00:00,390
2017-11-03,2587.85,2017-11-03 16:00:00,391,9.03,2017-11-03 16:00:00,750,12.33,2017-11-03 16:00:00,390,14.75,2017-11-03 16:00:00,390
2017-11-06,2591.16,2017-11-06 16:00:00,391,9.44,2017-11-06 16:00:00,750,12.59,2017-11-06 16:00:00,390,14.89,2017-11-06 16:00:00,390
2017-11-07,2589.89,2017-11-07 16:00:00,391,9.96,2017-11-07 16:00:00,750,12.79,2017-11-07 16:00:00,390,15.15,2017-11-07 16:00:00,390
2017-11-08,2594.36,2017-11-08 16:00:00,391,9.73,2017-11-08 16:00:00,750,12.83,2017-11-08 16:00:00,390,15.14,2017-11-08 16:00:00,390
2017-11-09,2584.65,2017-11-09 16:00:00,391,10.47,2017-11-09 16:00:00,750,13.15,2017-11-09 16:00:00,390,15.45,2017-11-09 16:00:00,390
2017-11-10,2582.31,2017-11-10 16:00:00,391,11.23,2017-11-10 16:00:00,688,13.58,2017-11-10 16:00:00,390,15.89,2017-11-10 16:00:00,390
2017-11-13,2584.85,2017-11-13 16:00:00,391,11.42,2017-11-13 16:00:00,750,13.74,2017-11-13 16:00:00,390,15.95,2017-11-13 16:00:00,390
2017-11-14,2578.91,2017-11-14 16:00:00,391,11.49,2017-11-14 16:00:00,750,13.9,2017-11-14 16:00:00,390,16.13,2017-11-14 16:00:00,390
2017-11-15,2564.74,2017-11-15 16:00:00,391,13.22,2017-11-15 16:00:00,750,14.69,2017-11-15 16:00:00,390,16.74,2017-11-15 16:00:00,390
2017-11-16,2585.67,2017-11-16 16:00:00,391,11.91,2017-11-16 16:00:00,750,14.03,2017-11-16 16:00:00,390,16.11,2017-11-16 16:00:00,390
2017-11-17,2578.82,2017-11-17 16:00:00,391,11.47,2017-11-17 16:00:00,750,13.77,2017-11-17 16:00:00,390,15.95,2017-11-17 16:00:00,390
2017-11-20,2582.18,2017-11-20 16:00:00,391,10.76,2017-11-20 16:00:00,750,13.36,2017-11-20 16:00:00,390,15.57,2017-11-20 16:00:00,390
2017-11-21,2599.11,2017-11-21 16:00:00,391,9.73,2017-11-21 16:00:00,750,12.54,2017-11-21 16:00:00,390,14.89,2017-11-21 16:00:00,390
2017-11-22,2597.07,2017-11-22 16:00:00,391,9.8,2017-11-22 16:00:00,750,12.46,2017-11-22 16:00:00,390,14.86,2017-11-22 16:00:00,390
2017-11-24,2602.42,2017-11-24 14:30:00,232,9.67,2017-11-24 13:47:00,617,12.42,2017-11-24 13:14:00,224,14.8,2017-11-24 13:14:00,224
2017-11-27,2601.47,2017-11-27 16:00:00,391,9.86,2017-11-27 16:00:00,750,12.57,2017-11-27 16:00:00,390,14.87,2017-11-27 16:00:00,390
2017-11-28,2627.17,2017-11-28 16:00:00,391,9.94,2017-11-28 16:00:00,750,12.22,2017-11-28 16:00:00,390,14.63,2017-11-28 16:00:00,390
2017-11-29,2626.05,2017-11-29 16:00:00,391,10.66,2017-11-29 16:00:00,750,12.83,2017-11-29 16:00:00,390,15.16,2017-11-29 16:00:00,390
2017-11-30,2647.25,2017-11-30 16:00:00,391,11.34,2017-11-30 16:00:00,750,13.04,2017-11-30 16:00:00,390,15.15,2017-11-30 16:00:00,390
2017-12-01,2642.09,2017-12-01 16:00:00,391,11.24,2017-12-01 16:00:00,750,13.23,2017-12-01 16:00:00,390,15.29,2017-12-01 16:00:00,390
2017-12-04,2639.17,2017-12-04 16:00:00,391,11.8,2017-12-04 16:00:00,750,13.6,2017-12-04 16:00:00,390,15.32,2017-12-04 16:00:00,390
2017-12-05,2629.58,2017-12-05 16:00:00,391,11.27,2017-12-05 16:00:00,750,13.44,2017-12-05 16:00:00,390,15.33,2017-12-05 16:00:00,390
2017-12-06,2629.31,2017-12-06 16:00:00,391,10.98,2017-12-06 16:00:00,750,13.41,2017-12-06 16:00:00,390,15.27,2017-12-06 16:00:00,390
2017-12-07,2637.08,2017-12-07 16:00:00,391,10.22,2017-12-07 16:00:00,750,12.97,2017-12-07 16:00:00,390,15.02,2017-12-07 16:00:00,390
2017-12-08,2651.5,2017-12-08 16:00:00,391,9.57,2017-12-08 16:00:00,750,12.44,2017-12-08 16:00:00,390,14.61,2017-12-08 16:00:00,390
2017-12-11,2659.96,2017-12-11 16:00:00,391,9.31,2017-12-11 16:00:00,750,12.24,2017-12-11 16:00:00,390,14.43,2017-12-11 16:00:00,390
2017-12-12,2664.24,2017-12-12 16:00:00,391,9.86,2017-12-12 16:00:00,750,12.48,2017-12-12 16:00:00,390,14.61,2017-12-12 16:00:00,390
2017-12-13,2663.21,2017-12-13 16:00:00,391,10.1,2017-12-13 16:00:00,750,12.56,2017-12-13 16:00:00,390,14.75,2017-12-13 16:00:00,390
2017-12-14,2652.19,2017-12-14 16:00:00,391,10.35,2017-12-14 16:00:00,750,12.83,2017-12-14 16:00:00,390,14.8,2017-12-14 16:00:00,390
2017-12-15,2675.49,2017-12-15 16:00:00,391,9.54,2017-12-15 16:00:00,750,12.14,2017-12-15 16:00:00,390,14.42,2017-12-15 16:00:00,390
2017-12-18,2690.43,2017-12-18 16:00:00,391,9.52,2017-12-18 16:00:00,750,12.12,2017-12-18 16:00:00,390,14.33,2017-12-18 16:00:00,390
2017-12-19,2681.49,2017-12-19 16:00:00,391,9.98,2017-12-19 16:00:00,750,12.42,2017-12-19 16:00:00,390,14.52,2017-12-19 16:00:00,390
2017-12-20,2679.3,2017-12-20 16:00:00,391,9.66,2017-12-20 16:00:00,749,12.3,2017-12-20 16:00:00,390,14.4,2017-12-20 16:00:00,390
2017-12-21,2684.64,2017-12-21 16:00:00,391,9.55,2017-12-21 16:00:00,750,12.27,2017-12-21 16:00:00,390,14.43,2017-12-21 16:00:00,390
2017-12-22,2683.55,2017-12-22 16:00:00,391,9.77,2017-12-22 16:00:00,750,12.42,2017-12-22 16:00:00,390,14.59,2017-12-22 16:00:00,390
2017-12-26,2680.47,2017-12-26 16:00:00,391,10.21,2017-12-26 16:00:00,750,12.61,2017-12-26 16:00:00,390,14.81,2017-12-26 16:00:00,390
2017-12-27,2682.51,2017-12-27 16:00:00,391,10.51,2017-12-27 16:00:00,750,12.74,2017-12-27 16:00:00,390,14.81,2017-12-27 16:00:00,390
2017-12-28,2687.45,2017-12-28 16:00:00,391,10.18,2017-12-28 16:00:00,750,12.75,2017-12-28 16:00:00,390,14.89,2017-12-28 16:00:00,390
2017-12-29,2675.3,2017-12-29 16:00:00,391,10.61,2017-12-29 16:00:00,750,12.85,2017-12-29 16:00:00,390,14.96,2017-12-29 16:00:00,390
2018-01-02,2695.83,2018-01-02 16:00:00,391,9.68,2018-01-02 16:00:00,750,12.55,2018-01-02 16:00:00,390,14.69,2018-01-02 16:00:00,390
2018-01-03,2712.99,2018-01-03 16:00:00,391,9.07,2018-01-03 16:00:00,750,12.27,2018-01-03 16:00:00,390,14.39,2018-01-03 16:00:00,390
2018-01-04,2723.92,2018-01-04 16:00:00,391,9.29,2018-01-04 16:00:00,750,12.29,2018-01-04 16:00:00,390,14.41,2018-01-04 16:00:00,390
2018-01-05,2742.7,2018-01-05 16:00:00,391,9.23,2018-01-05 16:00:00,750,12.14,2018-01-05 16:00:00,390,14.27,2018-01-05 16:00:00,390
2018-01-08,2747.54,2018-01-08 16:00:00,391,9.47,2018-01-08 16:00:00,750,12.13,2018-01-08 16:00:00,390,14.21,2018-01-08 16:00:00,390
2018-01-09,2751.38,2018-01-09 16:00:00,391,10.05,2018-01-09 16:00:00,750,12.43,2018-01-09 16:00:00,390,14.34,2018-01-09 16:00:00,390
2018-01-10,2748.19,2018-01-10 16:00:00,391,9.94,2018-01-10 16:00:00,750,12.44,2018-01-10 16:00:00,390,14.41,2018-01-10 16:00:00,390
2018-01-11,2767.52,2018-01-11 16:00:00,391,9.88,2018-01-11 16:00:00,750,12.18,2018-01-11 16:00:00,390,14.13,2018-01-11 16:00:00,390
2018-01-12,2786.14,2018-01-12 16:00:00,391,10.09,2018-01-12 16:00:00,750,12.18,2018-01-12 16:00:00,390,14.17,2018-01-12 16:00:00,390
2018-01-16,2776.53,2018-01-16 16:00:00,391,11.66,2018-01-16 16:00:00,750,13.19,2018-01-16 16:00:00,390,14.95,2018-01-16 16:00:00,390
2018-01-17,2802.61,2018-01-17 16:00:00,391,11.78,2018-01-17 16:00:00,749,13.13,2018-01-17 16:00:00,390,14.77,2018-01-17 16:00:00,390
2018-01-18,2798.16,2018-01-18 16:00:00,391,11.96,2018-01-18 16:00:00,750,13.4,2018-01-18 16:00:00,390,15.04,2018-01-18 16:00:00,390
2018-01-19,2810.29,2018-01-19 16:00:00,391,11.21,2018-01-19 16:00:00,750,12.98,2018-01-19 16:00:00,390,14.79,2018-01-19 16:00:00,390
2018-01-22,2832.96,2018-01-22 16:00:00,391,11.01,2018-01-22 16:00:00,750,12.98,2018-01-22 16:00:00,390,14.81,2018-01-22 16:00:00,390
2018-01-23,2839.25,2018-01-23 16:00:00,391,11.01,2018-01-23 16:00:00,750,13.17,2018-01-23 16:00:00,390,14.91,2018-01-23 16:00:00,390
2018-01-24,2837.87,2018-01-24 16:00:00,391,11.44,2018-01-24 16:00:00,750,13.48,2018-01-24 16:00:00,390,15.21,2018-01-24 16:00:00,390
2018-01-25,2839.4,2018-01-25 16:00:00,391,11.57,2018-01-25 16:00:00,750,13.7,2018-01-25 16:00:00,390,15.4,2018-01-25 16:00:00,390
2018-01-26,2872.61,2018-01-26 16:00:00,391,11.18,2018-01-26 16:00:00,750,13.52,2018-01-26 16:00:00,390,15.14,2018-01-26 16:00:00,390
2018-01-29,2853.4,2018-01-29 16:00:00,391,13.62,2018-01-29 16:00:00,750,14.92,2018-01-29 16:00:00,390,16.1,2018-01-29 16:00:00,390
2018-01-30,2822.46,2018-01-30 16:00:00,391,14.74,2018-01-30 16:00:00,750,15.73,2018-01-30 16:00:00,390,16.72,2018-01-30 16:00:00,390
2018-01-31,2824.17,2018-01-31 16:00:00,391,13.66,2018-01-31 16:00:00,750,15.09,2018-01-31 16:00:00,390,16.24,2018-01-31 16:00:00,390
2018-02-01,2822.0,2018-02-01 16:00:00,391,13.33,2018-02-01 16:00:00,750,14.63,2018-02-01 16:00:00,390,15.83,2018-02-01 16:00:00,390
2018-02-02,2761.44,2018-02-02 16:00:00,391,17.44,2018-02-02 16:00:00,750,17.0,2018-02-02 16:00:00,390,17.43,2018-02-02 16:00:00,390
2018-02-05,2648.5,2018-02-05 16:00:00,391,35.02,2018-02-05 16:00:00,750,26.89,2018-02-05 16:00:00,390,24.7,2018-02-05 16:00:00,390
2018-02-06,2695.24,2018-02-06 16:00:00,391,29.86,2018-02-06 16:00:00,750,23.58,2018-02-06 16:00:00,390,21.29,2018-02-06 16:00:00,390
2018-02-07,2681.61,2018-02-07 16:00:00,391,26.08,2018-02-07 16:00:00,750,22.34,2018-02-07 16:00:00,390,21.5,2018-02-07 16:00:00,390
2018-02-08,2581.14,2018-02-08 16:00:00,391,35.54,2018-02-08 16:00:00,750,28.44,2018-02-08 16:00:00,390,25.87,2018-02-08 16:00:00,390
2018-02-09,2619.53,2018-02-09 16:00:00,391,29.22,2018-02-09 16:00:00,750,25.07,2018-02-09 16:00:00,390,23.52,2018-02-09 16:00:00,390
2018-02-12,2655.83,2018-02-12 16:00:00,391,26.26,2018-02-12 16:00:00,750,23.29,2018-02-12 16:00:00,390,22.38,2018-02-12 16:00:00,390
2018-02-13,2663.03,2018-02-13 16:00:00,391,25.25,2018-02-13 16:00:00,750,22.75,2018-02-13 16:00:00,390,21.77,2018-02-13 16:00:00,390
2018-02-14,2698.82,2018-02-14 16:00:00,391,19.21,2018-02-14 16:00:00,749,19.32,2018-02-14 16:00:00,390,19.74,2018-02-14 16:00:00,390
2018-02-15,2731.27,2018-02-15 16:00:00,391,18.95,2018-02-15 16:00:00,750,19.02,2018-02-15 16:00:00,390,19.36,2018-02-15 16:00:00,390
2018-02-16,2732.34,2018-02-16 16:00:00,391,19.39,2018-02-16 16:00:00,750,19.18,2018-02-16 16:00:00,390,19.52,2018-02-16 16:00:00,390
2018-02-20,2716.15,2018-02-20 16:00:00,391,20.63,2018-02-20 16:00:00,750,20.02,2018-02-20 16:00:00,390,20.05,2018-02-20 16:00:00,390
2018-02-21,2701.41,2018-02-21 16:00:00,391,20.14,2018-02-21 16:00:00,750,20.18,2018-02-21 16:00:00,390,20.24,2018-02-21 16:00:00,390
2018-02-22,2703.99,2018-02-22 16:00:00,391,19.32,2018-02-22 16:00:00,750,19.43,2018-02-22 16:00:00,390,19.62,2018-02-22 16:00:00,390
2018-02-23,2747.49,2018-02-23 16:00:00,391,16.52,2018-02-23 16:00:00,750,17.59,2018-02-23 16:00:00,390,18.27,2018-02-23 16:00:00,390
2018-02-26,2779.55,2018-02-26 16:00:00,391,15.95,2018-02-26 16:00:00,750,17.02,2018-02-26 16:00:00,390,17.68,2018-02-26 16:00:00,390
2018-02-27,2744.24,2018-02-27 16:00:00,391,18.94,2018-02-27 16:00:00,750,19.25,2018-02-27 16:00:00,390,19.44,2018-02-27 16:00:00,390
2018-02-28,2713.68,2018-02-28 16:00:00,391,20.36,2018-02-28 16:00:00,750,20.06,2018-02-28 16:00:00,390,20.05,2018-02-28 16:00:00,390
2018-03-01,2676.89,2018-03-01 16:00:00,391,22.52,2018-03-01 16:00:00,750,21.5,2018-03-01 16:00:00,390,21.17,2018-03-01 16:00:00,390
2018-03-02,2691.14,2018-03-02 16:00:00,391,19.75,2018-03-02 16:00:00,750,20.02,2018-03-02 16:00:00,390,20.08,2018-03-02 16:00:00,390
2018-03-05,2721.01,2018-03-05 16:00:00,391,18.6,2018-03-05 16:00:00,750,19.16,2018-03-05 16:00:00,390,19.48,2018-03-05 16:00:00,390
2018-03-06,2728.16,2018-03-06 16:00:00,391,18.24,2018-03-06 16:00:00,750,19.13,2018-03-06 16:00:00,390,19.5,2018-03-06 16:00:00,390
2018-03-07,2726.93,2018-03-07 16:00:00,391,17.78,2018-03-07 16:00:00,750,18.82,2018-03-07 16:00:00,390,19.39,2018-03-07 16:00:00,390
2018-03-08,2738.93,2018-03-08 16:00:00,391,16.67,2018-03-08 16:00:00,750,18.24,2018-03-08 16:00:00,390,18.9,2018-03-08 16:00:00,390
2018-03-09,2786.46,2018-03-09 16:00:00,391,14.6,2018-03-09 16:00:00,750,16.82,2018-03-09 16:00:00,390,17.87,2018-03-09 16:00:00,390
2018-03-12,2783.17,2018-03-12 16:00:00,391,15.79,2018-03-12 16:00:00,750,17.77,2018-03-12 16:00:00,390,18.63,2018-03-12 16:00:00,390
2018-03-13,2765.27,2018-03-13 16:00:00,391,16.44,2018-03-13 16:00:00,750,18.11,2018-03-13 16:00:00,390,18.92,2018-03-13 16:00:00,390
2018-03-14,2749.68,2018-03-14 16:00:00,391,17.14,2018-03-14 16:00:00,750,18.79,2018-03-14 16:00:00,390,19.39,2018-03-14 16:00:00,390
2018-03-15,2747.34,2018-03-15 16:00:00,391,16.58,2018-03-15 16:00:00,750,18.22,2018-03-15 16:00:00,390,19.12,2018-03-15 16:00:00,390
2018-03-16,2751.24,2018-03-16 16:00:00,391,15.79,2018-03-16 16:00:00,750,17.74,2018-03-16 16:00:00,390,18.72,2018-03-16 16:00:00,390
2018-03-19,2712.95,2018-03-19 16:00:00,391,19.48,2018-03-19 16:00:00,750,19.59,2018-03-19 16:00:00,390,19.85,2018-03-19 16:00:00,390
2018-03-20,2717.03,2018-03-20 16:00:00,391,18.55,2018-03-20 16:00:00,750,19.04,2018-03-20 16:00:00,390,19.66,2018-03-20 16:00:00,390
2018-03-21,2711.93,2018-03-21 16:00:00,391,17.97,2018-03-21 16:00:00,750,18.78,2018-03-21 16:00:00,390,19.53,2018-03-21 16:00:00,390
2018-03-22,2643.69,2018-03-22 16:00:00,391,23.33,2018-03-22 16:00:00,750,21.71,2018-03-22 16:00:00,390,21.51,2018-03-22 16:00:00,390
2018-03-23,2588.19,2018-03-23 16:00:00,391,25.56,2018-03-23 16:00:00,750,23.2,2018-03-23 16:00:00,390,23.18,2018-03-23 16:00:00,390
2018-03-26,2658.63,2018-03-26 16:00:00,391,20.91,2018-03-26 16:00:00,750,20.65,2018-03-26 16:00:00,390,20.85,2018-03-26 16:00:00,390
2018-03-27,2612.61,2018-03-27 16:00:00,391,22.59,2018-03-27 16:00:00,750,22.1,2018-03-27 16:00:00,390,22.14,2018-03-27 16:00:00,390
2018-03-28,2604.99,2018-03-28 16:00:00,391,22.88,2018-03-28 16:00:00,749,22.29,2018-03-28 16:00:00,390,22.3,2018-03-28 16:00:00,390
2018-03-29,2641.9,2018-03-29 16:00:00,391,19.82,2018-03-29 16:00:00,750,20.37,2018-03-29 16:00:00,390,20.84,2018-03-29 16:00:00,390
2018-04-02,2581.72,2018-04-02 16:00:00,391,23.36,2018-04-02 16:00:00,750,22.42,2018-04-02 16:00:00,390,22.24,2018-04-02 16:00:00,390
2018-04-03,2614.45,2018-04-03 16:00:00,391,21.2,2018-04-03 16:00:00,750,21.05,2018-04-03 16:00:00,390,21.26,2018-04-03 16:00:00,390
2018-04-04,2644.73,2018-04-04 16:00:00,391,20.35,2018-04-04 16:00:00,750,20.51,2018-04-04 16:00:00,390,20.9,2018-04-04 16:00:00,390
2018-04-05,2662.77,2018-04-05 16:00:00,391,18.93,2018-04-05 16:00:00,750,19.6,2018-04-05 16:00:00,390,20.15,2018-04-05 16:00:00,390
2018-04-06,2604.32,2018-04-06 16:00:00,391,21.42,2018-04-06 16:00:00,750,21.27,2018-04-06 16:00:00,390,21.59,2018-04-06 16:00:00,390
2018-04-09,2613.32,2018-04-09 16:00:00,391,21.94,2018-04-09 16:00:00,750,21.39,2018-04-09 16:00:00,390,21.45,2018-04-09 16:00:00,390
2018-04-10,2656.85,2018-04-10 16:00:00,391,20.38,2018-04-10 16:00:00,750,20.29,2018-04-10 16:00:00,390,20.66,2018-04-10 16:00:00,390
2018-04-11,2642.24,2018-04-11 16:00:00,391,20.18,2018-04-11 16:00:00,750,20.34,2018-04-11 16:00:00,390,20.78,2018-04-11 16:00:00,390
2018-04-12,2664.03,2018-04-12 16:00:00,391,18.54,2018-04-12 16:00:00,750,19.34,2018-04-12 16:00:00,390,20.02,2018-04-12 16:00:00,390
2018-04-13,2656.31,2018-04-13 16:00:00,391,17.51,2018-04-13 16:00:00,750,18.64,2018-04-13 16:00:00,390,19.41,2018-04-13 16:00:00,390
2018-04-16,2677.94,2018-04-16 16:00:00,391,16.42,2018-04-16 16:00:00,750,17.77,2018-04-16 16:00:00,390,18.73,2018-04-16 16:00:00,390
2018-04-17,2706.33,2018-04-17 16:00:00,391,15.3,2018-04-17 16:00:00,750,16.85,2018-04-17 16:00:00,390,18.02,2018-04-17 16:00:00,390
2018-04-18,2708.62,2018-04-18 16:00:00,391,15.57,2018-04-18 16:00:00,750,16.81,2018-04-18 16:00:00,390,17.93,2018-04-18 16:00:00,390
2018-04-19,2693.16,2018-04-19 16:00:00,391,16.05,2018-04-19 16:00:00,750,17.18,2018-04-19 16:00:00,390,18.24,2018-04-19 16:00:00,390
2018-04-20,2670.22,2018-04-20 16:00:00,391,16.84,2018-04-20 16:00:00,750,17.69,2018-04-20 16:00:00,390,18.65,2018-04-20 16:00:00,390
2018-04-23,2670.26,2018-04-23 16:00:00,391,16.49,2018-04-23 16:00:00,750,17.39,2018-04-23 16:00:00,390,18.42,2018-04-23 16:00:00,390
2018-04-24,2634.52,2018-04-24 16:00:00,391,18.11,2018-04-24 16:00:00,750,18.25,2018-04-24 16:00:00,390,19.04,2018-04-24 16:00:00,390
2018-04-25,2639.34,2018-04-25 16:00:00,391,17.87,2018-04-25 16:00:00,750,18.29,2018-04-25 16:00:00,390,19.04,2018-04-25 16:00:00,390
2018-04-26,2667.17,2018-04-26 16:00:00,391,16.48,2018-04-26 16:00:00,750,17.47,2018-04-26 16:00:00,390,18.42,2018-04-26 16:00:00,390
2018-04-27,2669.98,2018-04-27 16:00:00,391,15.45,2018-04-27 16:00:00,750,17.07,2018-04-27 16:00:00,390,18.18,2018-04-27 16:00:00,390
2018-04-30,2648.19,2018-04-30 16:00:00,391,16.05,2018-04-30 16:00:00,750,17.36,2018-04-30 16:00:00,390,18.38,2018-04-30 16:00:00,390
2018-05-01,2654.57,2018-05-01 16:00:00,391,15.5,2018-05-01 16:00:00,750,16.9,2018-05-01 16:00:00,390,18.06,2018-05-01 16:00:00,390
2018-05-02,2635.59,2018-05-02 16:00:00,391,15.72,2018-05-02 16:00:00,750,17.06,2018-05-02 16:00:00,390,18.17,2018-05-02 16:00:00,390
2018-05-03,2629.7,2018-05-03 16:00:00,391,16.25,2018-05-03 16:00:00,750,17.24,2018-05-03 16:00:00,390,18.3,2018-05-03 16:00:00,390
2018-05-04,2663.44,2018-05-04 16:00:00,391,14.86,2018-05-04 16:00:00,750,16.69,2018-05-04 16:00:00,390,17.86,2018-05-04 16:00:00,390
2018-05-07,2672.56,2018-05-07 16:00:00,391,14.7,2018-05-07 16:00:00,750,16.64,2018-05-07 16:00:00,390,17.88,2018-05-07 16:00:00,390
2018-05-08,2671.96,2018-05-08 16:00:00,391,14.63,2018-05-08 16:00:00,750,16.48,2018-05-08 16:00:00,390,17.74,2018-05-08 16:00:00,390
2018-05-09,2697.75,2018-05-09 16:00:00,391,13.43,2018-05-09 16:00:00,750,15.79,2018-05-09 16:00:00,390,17.24,2018-05-09 16:00:00,390
2018-05-10,2722.92,2018-05-10 16:00:00,391,13.11,2018-05-10 16:00:00,750,15.18,2018-05-10 16:00:00,390,16.81,2018-05-10 16:00:00,390
2018-05-11,2727.69,2018-05-11 16:00:00,391,12.72,2018-05-11 16:00:00,750,14.91,2018-05-11 16:00:00,390,16.59,2018-05-11 16:00:00,390
2018-05-14,2730.47,2018-05-14 16:00:00,391,12.81,2018-05-14 16:00:00,750,14.49,2018-05-14 16:00:00,390,16.23,2018-05-14 16:00:00,390
2018-05-15,2711.45,2018-05-15 16:00:00,391,14.48,2018-05-15 16:00:00,750,15.64,2018-05-15 16:00:00,390,16.96,2018-05-15 16:00:00,390
2018-05-16,2722.5,2018-05-16 16:00:00,391,13.49,2018-05-16 16:00:00,750,15.18,2018-05-16 16:00:00,390,16.64,2018-05-16 16:00:00,390
2018-05-17,2720.1,2018-05-17 16:00:00,391,13.36,2018-05-17 16:00:00,750,14.98,2018-05-17 16:00:00,390,16.61,2018-05-17 16:00:00,390
2018-05-18,2713.02,2018-05-18 16:00:00,391,13.38,2018-05-18 16:00:00,750,15.17,2018-05-18 16:00:00,390,16.77,2018-05-18 16:00:00,390
2018-05-21,2733.04,2018-05-21 16:00:00,391,13.14,2018-05-21 16:00:00,750,14.7,2018-05-21 16:00:00,390,16.29,2018-05-21 16:00:00,390
2018-05-22,2724.63,2018-05-22 16:00:00,391,13.25,2018-05-22 16:00:00,750,14.88,2018-05-22 16:00:00,390,16.39,2018-05-22 16:00:00,390
2018-05-23,2733.21,2018-05-23 16:00:00,391,12.56,2018-05-23 16:00:00,750,14.49,2018-05-23 16:00:00,390,16.19,2018-05-23 16:00:00,390
2018-05-24,2727.74,2018-05-24 16:00:00,391,12.59,2018-05-24 16:00:00,750,14.45,2018-05-24 16:00:00,390,16.17,2018-05-24 16:00:00,390
2018-05-25,2721.25,2018-05-25 16:00:00,391,13.23,2018-05-25 16:00:00,750,14.83,2018-05-25 16:00:00,390,16.41,2018-05-25 16:00:00,390
2018-05-29,2689.89,2018-05-29 16:00:00,391,17.15,2018-05-29 16:00:00,750,17.14,2018-05-29 16:00:00,390,17.85,2018-05-29 16:00:00,390
2018-05-30,2724.07,2018-05-30 16:00:00,391,14.94,2018-05-30 16:00:00,750,15.99,2018-05-30 16:00:00,390,17.19,2018-05-30 16:00:00,390
2018-05-31,2705.24,2018-05-31 16:00:00,391,15.51,2018-05-31 16:00:00,751,16.38,2018-05-31 16:00:00,390,17.55,2018-05-31 16:00:00,390
2018-06-01,2734.44,2018-06-01 16:00:00,391,13.52,2018-06-01 16:00:00,750,15.29,2018-06-01 16:00:00,390,16.78,2018-06-01 16:00:00,390
2018-06-04,2746.87,2018-06-04 16:00:00,391,12.73,2018-06-04 16:00:00,750,14.89,2018-06-04 16:00:00,390,16.49,2018-06-04 16:00:00,390
2018-06-05,2748.94,2018-06-05 16:00:00,391,12.52,2018-06-05 16:00:00,750,14.79,2018-06-05 16:00:00,390,16.36,2018-06-05 16:00:00,390
2018-06-06,2772.24,2018-06-06 16:00:00,391,11.64,2018-06-06 16:00:00,750,14.18,2018-06-06 16:00:00,390,15.94,2018-06-06 16:00:00,390
2018-06-07,2770.19,2018-06-07 16:00:00,391,12.25,2018-06-07 16:00:00,750,14.44,2018-06-07 16:00:00,390,16.06,2018-06-07 16:00:00,390
2018-06-08,2778.87,2018-06-08 16:00:00,391,12.13,2018-06-08 16:00:00,750,14.53,2018-06-08 16:00:00,390,16.08,2018-06-08 16:00:00,390
2018-06-11,2782.16,2018-06-11 16:00:00,391,12.35,2018-06-11 16:00:00,750,14.58,2018-06-11 16:00:00,390,16.13,2018-06-11 16:00:00,390
2018-06-12,2786.81,2018-06-12 16:00:00,391,12.18,2018-06-12 16:00:00,749,14.51,2018-06-12 16:00:00,390,16.13,2018-06-12 16:00:00,390
2018-06-13,2775.7,2018-06-13 16:00:00,391,12.81,2018-06-13 16:00:00,750,14.79,2018-06-13 16:00:00,390,16.65,2018-06-13 16:00:00,390
2018-06-14,2782.68,2018-06-14 16:00:00,391,12.11,2018-06-14 16:00:00,750,14.38,2018-06-14 16:00:00,390,16.06,2018-06-14 16:00:00,390
2018-06-15,2779.42,2018-06-15 16:00:00,391,12.06,2018-06-15 16:00:00,750,15.54,2018-06-15 16:00:00,390,16.45,2018-06-15 16:00:00,390
2018-06-18,2773.86,2018-06-18 16:00:00,391,12.35,2018-06-18 16:00:00,750,14.52,2018-06-18 16:00:00,390,16.35,2018-06-18 16:00:00,390
2018-06-19,2762.57,2018-06-19 16:00:00,391,13.38,2018-06-19 16:00:00,750,15.18,2018-06-19 16:00:00,390,16.89,2018-06-19 16:00:00,390
2018-06-20,2767.42,2018-06-20 16:00:00,391,12.74,2018-06-20 16:00:00,750,14.78,2018-06-20 16:00:00,390,16.56,2018-06-20 16:00:00,390
2018-06-21,2749.73,2018-06-21 16:00:00,391,14.63,2018-06-21 16:00:00,750,15.84,2018-06-21 16:00:00,390,17.13,2018-06-21 16:00:00,390
2018-06-22,2754.83,2018-06-22 16:00:00,391,13.72,2018-06-22 16:00:00,750,15.49,2018-06-22 16:00:00,390,16.9,2018-06-22 16:00:00,390
2018-06-25,2717.05,2018-06-25 16:00:00,391,17.51,2018-06-25 16:00:00,750,17.67,2018-06-25 16:00:00,390,18.35,2018-06-25 16:00:00,390
2018-06-26,2722.98,2018-06-26 16:00:00,391,16.09,2018-06-26 16:00:00,750,16.97,2018-06-26 16:00:00,390,17.85,2018-06-26 16:00:00,390
2018-06-27,2699.74,2018-06-27 16:00:00,391,17.94,2018-06-27 16:00:00,750,18.1,2018-06-27 16:00:00,390,18.66,2018-06-27 16:00:00,390
2018-06-28,2716.38,2018-06-28 16:00:00,391,16.94,2018-06-28 16:00:00,750,17.62,2018-06-28 16:00:00,390,18.33,2018-06-28 16:00:00,390
2018-06-29,2718.66,2018-06-29 16:00:00,391,16.08,2018-06-29 16:00:00,750,17.2,2018-06-29 16:00:00,390,18.12,2018-06-29 16:00:00,390
2018-07-02,2726.39,2018-07-02 16:00:00,391,15.64,2018-07-02 16:00:00,750,17.01,2018-07-02 16:00:00,390,18.0,2018-07-02 16:00:00,390
2018-07-03,2713.22,2018-07-03 14:16:00,232,16.14,2018-07-03 13:14:00,584,17.35,2018-07-03 13:14:00,224,18.23,2018-07-03 13:14:00,224
2018-07-05,2736.77,2018-07-05 16:00:00,391,15.09,2018-07-05 16:00:00,750,16.6,2018-07-05 16:00:00,390,17.65,2018-07-05 16:00:00,390
2018-07-06,2759.7,2018-07-06 16:00:00,391,13.35,2018-07-06 16:00:00,750,15.74,2018-07-06 16:00:00,390,17.11,2018-07-06 16:00:00,390
2018-07-09,2784.25,2018-07-09 16:00:00,391,12.66,2018-07-09 16:00:00,750,14.85,2018-07-09 16:00:00,390,16.28,2018-07-09 16:00:00,390
2018-07-10,2793.78,2018-07-10 16:00:00,391,12.62,2018-07-10 16:00:00,750,14.71,2018-07-10 16:00:00,390,16.1,2018-07-10 16:00:00,390
2018-07-11,2774.07,2018-07-11 16:00:00,391,13.48,2018-07-11 16:00:00,750,15.3,2018-07-11 16:00:00,390,16.49,2018-07-11 16:00:00,390
2018-07-12,2798.34,2018-07-12 16:00:00,391,12.46,2018-07-12 16:00:00,750,14.72,2018-07-12 16:00:00,390,16.08,2018-07-12 16:00:00,390
2018-07-13,2801.22,2018-07-13 16:00:00,391,12.26,2018-07-13 16:00:00,750,14.59,2018-07-13 16:00:00,390,15.96,2018-07-13 16:00:00,390
2018-07-16,2798.43,2018-07-16 16:00:00,391,12.6,2018-07-16 16:00:00,750,14.69,2018-07-16 16:00:00,390,15.97,2018-07-16 16:00:00,390
2018-07-17,2809.74,2018-07-17 16:00:00,391,12.02,2018-07-17 16:00:00,750,14.34,2018-07-17 16:00:00,390,15.79,2018-07-17 16:00:00,390
2018-07-18,2815.62,2018-07-18 16:00:00,391,11.99,2018-07-18 16:00:00,750,14.32,2018-07-18 16:00:00,390,15.82,2018-07-18 16:00:00,390
2018-07-19,2804.55,2018-07-19 16:00:00,391,12.91,2018-07-19 16:00:00,750,15.01,2018-07-19 16:00:00,390,16.21,2018-07-19 16:00:00,390
2018-07-20,2801.92,2018-07-20 16:00:00,391,12.81,2018-07-20 16:00:00,750,15.03,2018-07-20 16:00:00,390,16.37,2018-07-20 16:00:00,390
2018-07-23,2806.97,2018-07-23 16:00:00,391,12.7,2018-07-23 16:00:00,750,14.97,2018-07-23 16:00:00,390,16.32,2018-07-23 16:00:00,390
2018-07-24,2820.25,2018-07-24 16:00:00,391,12.42,2018-07-24 16:00:00,750,14.73,2018-07-24 16:00:00,390,16.11,2018-07-24 16:00:00,390
2018-07-25,2846.04,2018-07-25 16:00:00,391,12.0,2018-07-25 16:00:00,750,14.32,2018-07-25 16:00:00,390,15.73,2018-07-25 16:00:00,390
2018-07-26,2837.47,2018-07-26 16:00:00,391,12.27,2018-07-26 16:00:00,750,14.48,2018-07-26 16:00:00,390,15.92,2018-07-26 16:00:00,390
2018-07-27,2818.92,2018-07-27 16:00:00,391,13.08,2018-07-27 16:00:00,750,15.03,2018-07-27 16:00:00,390,16.26,2018-07-27 16:00:00,390
2018-07-30,2802.69,2018-07-30 16:00:00,391,14.17,2018-07-30 16:00:00,750,15.59,2018-07-30 16:00:00,390,16.63,2018-07-30 16:00:00,390
2018-07-31,2816.17,2018-07-31 16:00:00,391,12.99,2018-07-31 16:00:00,750,14.96,2018-07-31 16:00:00,390,16.28,2018-07-31 16:00:00,390
2018-08-01,2813.58,2018-08-01 16:00:00,391,12.99,2018-08-01 16:00:00,750,15.15,2018-08-01 16:00:00,390,16.35,2018-08-01 16:00:00,390
2018-08-02,2827.29,2018-08-02 16:00:00,391,12.21,2018-08-02 16:00:00,750,14.79,2018-08-02 16:00:00,390,16.11,2018-08-02 16:00:00,390
2018-08-03,2840.3,2018-08-03 16:00:00,391,11.72,2018-08-03 16:00:00,750,14.51,2018-08-03 16:00:00,390,15.92,2018-08-03 16:00:00,390
2018-08-06,2850.5,2018-08-06 16:00:00,391,11.26,2018-08-06 16:00:00,750,14.2,2018-08-06 16:00:00,390,15.65,2018-08-06 16:00:00,390
2018-08-07,2858.55,2018-08-07 16:00:00,391,10.92,2018-08-07 16:00:00,750,13.91,2018-08-07 16:00:00,390,15.38,2018-08-07 16:00:00,390
2018-08-08,2857.74,2018-08-08 16:00:00,391,10.71,2018-08-08 16:00:00,750,13.88,2018-08-08 16:00:00,390,15.39,2018-08-08 16:00:00,390
2018-08-09,2853.59,2018-08-09 16:00:00,391,11.21,2018-08-09 16:00:00,750,14.12,2018-08-09 16:00:00,390,15.54,2018-08-09 16:00:00,390
2018-08-10,2833.22,2018-08-10 16:00:00,391,13.15,2018-08-10 16:00:00,750,15.21,2018-08-10 16:00:00,390,16.25,2018-08-10 16:00:00,390
2018-08-13,2821.96,2018-08-13 16:00:00,391,14.77,2018-08-13 16:00:00,750,16.2,2018-08-13 16:00:00,390,16.95,2018-08-13 16:00:00,390
2018-08-14,2840.01,2018-08-14 16:00:00,391,13.29,2018-08-14 16:00:00,750,15.38,2018-08-14 16:00:00,390,16.41,2018-08-14 16:00:00,390
2018-08-15,2818.45,2018-08-15 16:00:00,391,14.87,2018-08-15 16:00:00,750,16.33,2018-08-15 16:00:00,390,17.02,2018-08-15 16:00:00,390
2018-08-16,2840.73,2018-08-16 16:00:00,391,13.51,2018-08-16 16:00:00,750,15.57,2018-08-16 16:00:00,390,16.5,2018-08-16 16:00:00,390
2018-08-17,2850.11,2018-08-17 16:00:00,391,12.65,2018-08-17 16:00:00,750,15.23,2018-08-17 16:00:00,390,16.29,2018-08-17 16:00:00,390
2018-08-20,2857.07,2018-08-20 16:00:00,391,12.46,2018-08-20 16:00:00,750,14.99,2018-08-20 16:00:00,390,16.14,2018-08-20 16:00:00,390
2018-08-21,2862.84,2018-08-21 16:00:00,391,12.78,2018-08-21 16:00:00,750,15.15,2018-08-21 16:00:00,390,16.28,2018-08-21 16:00:00,390
2018-08-22,2861.85,2018-08-22 16:00:00,391,12.12,2018-08-22 16:00:00,750,15.02,2018-08-22 16:00:00,390,16.2,2018-08-22 16:00:00,390
2018-08-23,2857.04,2018-08-23 16:00:00,391,12.38,2018-08-23 16:00:00,750,15.05,2018-08-23 16:00:00,390,16.28,2018-08-23 16:00:00,390
2018-08-24,2874.77,2018-08-24 16:00:00,391,12.09,2018-08-24 16:00:00,750,14.87,2018-08-24 16:00:00,390,16.1,2018-08-24 16:00:00,390
2018-08-27,2896.68,2018-08-27 16:00:00,391,12.14,2018-08-27 16:00:00,750,14.81,2018-08-27 16:00:00,390,16.01,2018-08-27 16:00:00,390
2018-08-28,2897.63,2018-08-28 16:00:00,391,12.36,2018-08-28 16:00:00,750,15.03,2018-08-28 16:00:00,390,16.2,2018-08-28 16:00:00,390
2018-08-29,2914.09,2018-08-29 16:00:00,391,12.15,2018-08-29 16:00:00,750,14.92,2018-08-29 16:00:00,390,16.18,2018-08-29 16:00:00,390
2018-08-30,2901.14,2018-08-30 16:00:00,391,13.4,2018-08-30 16:00:00,750,15.46,2018-08-30 16:00:00,390,16.62,2018-08-30 16:00:00,390
2018-08-31,2901.19,2018-08-31 16:00:00,391,13.06,2018-08-31 16:00:00,750,15.3,2018-08-31 16:00:00,390,16.54,2018-08-31 16:00:00,390
2018-09-04,2896.72,2018-09-04 16:00:00,391,13.18,2018-09-04 16:00:00,750,15.49,2018-09-04 16:00:00,390,16.63,2018-09-04 16:00:00,390
2018-09-05,2888.69,2018-09-05 16:00:00,391,13.59,2018-09-05 16:00:00,750,15.79,2018-09-05 16:00:00,390,16.85,2018-09-05 16:00:00,390
2018-09-06,2878.11,2018-09-06 16:00:00,391,14.55,2018-09-06 16:00:00,750,16.24,2018-09-06 16:00:00,390,17.18,2018-09-06 16:00:00,390
2018-09-07,2871.8,2018-09-07 16:00:00,391,14.97,2018-09-07 16:00:00,750,16.71,2018-09-07 16:00:00,390,17.55,2018-09-07 16:00:00,390
2018-09-10,2877.28,2018-09-10 16:00:00,391,14.18,2018-09-10 16:00:00,750,16.19,2018-09-10 16:00:00,390,17.17,2018-09-10 16:00:00,390
2018-09-11,2887.96,2018-09-11 16:00:00,391,13.34,2018-09-11 16:00:00,750,15.59,2018-09-11 16:00:00,390,16.69,2018-09-11 16:00:00,390
2018-09-12,2888.85,2018-09-12 16:00:00,391,13.1,2018-09-12 16:00:00,750,15.31,2018-09-12 16:00:00,390,16.38,2018-09-12 16:00:00,390
2018-09-13,2904.22,2018-09-13 16:00:00,391,12.33,2018-09-13 16:00:00,750,14.8,2018-09-13 16:00:00,390,15.85,2018-09-13 16:00:00,390
2018-09-14,2905.04,2018-09-14 16:00:00,391,12.07,2018-09-14 16:00:00,750,14.48,2018-09-14 16:00:00,390,15.63,2018-09-14 16:00:00,390
2018-09-17,2888.9,2018-09-17 16:00:00,391,13.48,2018-09-17 16:00:00,750,15.19,2018-09-17 16:00:00,390,16.06,2018-09-17 16:00:00,390
2018-09-18,2904.38,2018-09-18 16:00:00,391,12.95,2018-09-18 16:00:00,750,15.14,2018-09-18 16:00:00,390,16.07,2018-09-18 16:00:00,390
2018-09-19,2907.94,2018-09-19 16:00:00,391,11.78,2018-09-19 16:00:00,750,14.67,2018-09-19 16:00:00,390,15.87,2018-09-19 16:00:00,390
2018-09-20,2930.87,2018-09-20 16:00:00,391,11.91,2018-09-20 16:00:00,750,14.57,2018-09-20 16:00:00,390,15.74,2018-09-20 16:00:00,390
2018-09-21,2929.07,2018-09-21 16:00:00,391,11.62,2018-09-21 16:00:00,750,14.58,2018-09-21 16:00:00,390,15.9,2018-09-21 16:00:00,390
2018-09-24,2919.36,2018-09-24 16:00:00,391,12.22,2018-09-24 16:00:00,750,14.77,2018-09-24 16:00:00,390,15.98,2018-09-24 16:00:00,390
2018-09-25,2915.62,2018-09-25 16:00:00,391,12.48,2018-09-25 16:00:00,750,14.96,2018-09-25 16:00:00,390,16.08,2018-09-25 16:00:00,390
2018-09-26,2906.33,2018-09-26 16:00:00,391,12.98,2018-09-26 16:00:00,750,15.21,2018-09-26 16:00:00,390,16.29,2018-09-26 16:00:00,390
2018-09-27,2914.15,2018-09-27 16:00:00,391,12.39,2018-09-27 16:00:00,750,14.87,2018-09-27 16:00:00,390,16.07,2018-09-27 16:00:00,390
2018-09-28,2913.92,2018-09-28 16:00:00,391,12.33,2018-09-28 16:00:00,750,14.83,2018-09-28 16:00:00,390,16.07,2018-09-28 16:00:00,390
2018-10-01,2924.72,2018-10-01 16:00:00,391,12.11,2018-10-01 16:00:00,750,14.77,2018-10-01 16:00:00,390,15.99,2018-10-01 16:00:00,390
2018-10-02,2923.45,2018-10-02 16:00:00,391,12.07,2018-10-02 16:00:00,750,14.84,2018-10-02 16:00:00,390,16.04,2018-10-02 16:00:00,390
2018-10-03,2925.53,2018-10-03 16:00:00,391,11.71,2018-10-03 16:00:00,750,14.71,2018-10-03 16:00:00,390,15.98,2018-10-03 16:00:00,390
2018-10-04,2901.59,2018-10-04 16:00:00,391,14.01,2018-10-04 16:00:00,750,15.77,2018-10-04 16:00:00,390,16.64,2018-10-04 16:00:00,390
2018-10-05,2885.57,2018-10-05 16:00:00,391,15.06,2018-10-05 16:00:00,750,16.47,2018-10-05 16:00:00,390,17.29,2018-10-05 16:00:00,390
2018-10-08,2884.7,2018-10-08 16:00:00,391,15.82,2018-10-08 16:00:00,750,16.55,2018-10-08 16:00:00,390,17.4,2018-10-08 16:00:00,390
2018-10-09,2880.41,2018-10-09 16:00:00,391,16.14,2018-10-09 16:00:00,750,16.75,2018-10-09 16:00:00,390,17.49,2018-10-09 16:00:00,390
2018-10-10,2786.19,2018-10-10 16:00:00,391,22.36,2018-10-10 16:00:00,750,20.4,2018-10-10 16:00:00,390,19.99,2018-10-10 16:00:00,390
2018-10-11,2728.35,2018-10-11 16:00:00,391,25.86,2018-10-11 16:00:00,750,22.36,2018-10-11 16:00:00,390,21.37,2018-10-11 16:00:00,390
2018-10-12,2766.91,2018-10-12 16:00:00,391,21.53,2018-10-12 16:00:00,750,20.12,2018-10-12 16:00:00,390,20.02,2018-10-12 16:00:00,390
2018-10-15,2750.78,2018-10-15 16:00:00,391,21.1,2018-10-15 16:00:00,750,20.21,2018-10-15 16:00:00,390,20.2,2018-10-15 16:00:00,390
2018-10-16,2809.86,2018-10-16 16:00:00,391,18.0,2018-10-16 16:00:00,750,18.18,2018-10-16 16:00:00,390,18.76,2018-10-16 16:00:00,390
2018-10-17,2809.18,2018-10-17 16:00:00,391,17.53,2018-10-17 16:00:00,750,18.19,2018-10-17 16:00:00,390,18.73,2018-10-17 16:00:00,390
2018-10-18,2769.24,2018-10-18 16:00:00,391,19.8,2018-10-18 16:00:00,750,19.78,2018-10-18 16:00:00,390,19.82,2018-10-18 16:00:00,390
2018-10-19,2767.58,2018-10-19 16:00:00,391,19.85,2018-10-19 16:00:00,750,19.96,2018-10-19 16:00:00,390,20.08,2018-10-19 16:00:00,390
2018-10-22,2755.84,2018-10-22 16:00:00,391,19.57,2018-10-22 16:00:00,750,19.77,2018-10-22 16:00:00,390,19.98,2018-10-22 16:00:00,390
2018-10-23,2740.66,2018-10-23 16:00:00,391,21.06,2018-10-23 16:00:00,750,20.53,2018-10-23 16:00:00,390,20.47,2018-10-23 16:00:00,390
2018-10-24,2656.3,2018-10-24 16:00:00,391,25.55,2018-10-24 16:00:00,750,22.96,2018-10-24 16:00:00,390,22.29,2018-10-24 16:00:00,390
2018-10-25,2705.65,2018-10-25 16:00:00,391,23.04,2018-10-25 16:00:00,750,21.83,2018-10-25 16:00:00,390,21.44,2018-10-25 16:00:00,390
2018-10-26,2658.39,2018-10-26 16:00:00,391,25.16,2018-10-26 16:00:00,750,23.14,2018-10-26 16:00:00,390,22.43,2018-10-26 16:00:00,390
2018-10-29,2641.14,2018-10-29 16:00:00,391,25.09,2018-10-29 16:00:00,750,23.26,2018-10-29 16:00:00,390,22.42,2018-10-29 16:00:00,390
2018-10-30,2682.61,2018-10-30 16:00:00,391,23.37,2018-10-30 16:00:00,750,22.2,2018-10-30 16:00:00,390,21.71,2018-10-30 16:00:00,390
2018-10-31,2711.59,2018-10-31 16:00:00,391,21.17,2018-10-31 16:00:00,750,21.17,2018-10-31 16:00:00,390,21.03,2018-10-31 16:00:00,390
2018-11-01,2740.29,2018-11-01 16:00:00,391,19.36,2018-11-01 16:00:00,750,20.1,2018-11-01 16:00:00,390,20.25,2018-11-01 16:00:00,390
2018-11-02,2722.67,2018-11-02 16:00:00,391,19.53,2018-11-02 16:00:00,750,20.36,2018-11-02 16:00:00,390,20.48,2018-11-02 16:00:00,390
2018-11-05,2738.33,2018-11-05 16:00:00,391,19.86,2018-11-05 16:00:00,750,20.19,2018-11-05 16:00:00,390,20.26,2018-11-05 16:00:00,390
2018-11-06,2755.47,2018-11-06 16:00:00,391,20.05,2018-11-06 16:00:00,750,19.67,2018-11-06 16:00:00,390,19.8,2018-11-06 16:00:00,390
2018-11-07,2813.69,2018-11-07 16:00:00,391,16.45,2018-11-07 16:00:00,750,17.67,2018-11-07 16:00:00,390,18.34,2018-11-07 16:00:00,390
2018-11-08,2806.81,2018-11-08 16:00:00,391,16.72,2018-11-08 16:00:00,750,17.68,2018-11-08 16:00:00,390,18.23,2018-11-08 16:00:00,390
2018-11-09,2781.13,2018-11-09 16:00:00,391,17.38,2018-11-09 16:00:00,750,18.46,2018-11-09 16:00:00,390,18.92,2018-11-09 16:00:00,390
2018-11-12,2726.32,2018-11-12 16:00:00,391,20.26,2018-11-12 16:00:00,750,20.18,2018-11-12 16:00:00,390,20.12,2018-11-12 16:00:00,390
2018-11-13,2722.08,2018-11-13 16:00:00,391,20.53,2018-11-13 16:00:00,750,20.58,2018-11-13 16:00:00,390,20.52,2018-11-13 16:00:00,390
2018-11-14,2701.8,2018-11-14 16:00:00,391,21.02,2018-11-14 16:00:00,750,21.11,2018-11-14 16:00:00,390,20.95,2018-11-14 16:00:00,390
2018-11-15,2730.4,2018-11-15 16:00:00,391,20.12,2018-11-15 16:00:00,750,20.55,2018-11-15 16:00:00,390,20.62,2018-11-15 16:00:00,390
2018-11-16,2736.36,2018-11-16 16:00:00,391,18.43,2018-11-16 16:00:00,750,19.51,2018-11-16 16:00:00,390,19.92,2018-11-16 16:00:00,390
2018-11-19,2690.8,2018-11-19 16:00:00,391,20.29,2018-11-19 16:00:00,750,20.76,2018-11-19 16:00:00,390,20.88,2018-11-19 16:00:00,390
2018-11-20,2641.71,2018-11-20 16:00:00,391,22.71,2018-11-20 16:00:00,750,22.4,2018-11-20 16:00:00,390,22.18,2018-11-20 16:00:00,390
2018-11-21,2649.98,2018-11-21 16:00:00,391,20.83,2018-11-21 16:00:00,750,21.42,2018-11-21 16:00:00,390,21.53,2018-11-21 16:00:00,390
2018-11-23,2632.56,2018-11-23 14:30:00,232,21.52,2018-11-23 13:14:00,584,21.75,2018-11-23 13:14:00,224,21.79,2018-11-23 13:14:00,224
2018-11-26,2673.58,2018-11-26 16:00:00,391,18.7,2018-11-26 16:00:00,750,19.98,2018-11-26 16:00:00,390,20.46,2018-11-26 16:00:00,390
2018-11-27,2682.17,2018-11-27 16:00:00,391,18.91,2018-11-27 16:00:00,750,19.89,2018-11-27 16:00:00,390,20.38,2018-11-27 16:00:00,390
2018-11-28,2743.84,2018-11-28 16:00:00,391,18.35,2018-11-28 16:00:00,750,19.18,2018-11-28 16:00:00,390,19.75,2018-11-28 16:00:00,390
2018-11-29,2737.85,2018-11-29 16:00:00,391,18.98,2018-11-29 16:00:00,750,19.71,2018-11-29 16:00:00,390,20.01,2018-11-29 16:00:00,390
2018-11-30,2759.14,2018-11-30 16:00:00,391,18.4,2018-11-30 16:00:00,750,19.25,2018-11-30 16:00:00,390,19.71,2018-11-30 16:00:00,390
2018-12-03,2790.32,2018-12-03 16:00:00,391,16.29,2018-12-03 16:00:00,750,17.91,2018-12-03 16:00:00,390,18.67,2018-12-03 16:00:00,390
2018-12-04,2700.49,2018-12-04 16:00:00,391,20.77,2018-12-04 16:00:00,750,20.74,2018-12-04 16:00:00,390,20.59,2018-12-04 16:00:00,390
2018-12-06,2695.93,2018-12-06 16:00:00,391,21.07,2018-12-06 16:00:00,750,20.87,2018-12-06 16:00:00,390,20.69,2018-12-06 16:00:00,390
2018-12-07,2633.07,2018-12-07 16:00:00,391,23.38,2018-12-07 16:00:00,750,22.56,2018-12-07 16:00:00,390,22.0,2018-12-07 16:00:00,390
2018-12-10,2637.52,2018-12-10 16:00:00,391,22.62,2018-12-10 16:00:00,750,22.11,2018-12-10 16:00:00,390,21.77,2018-12-10 16:00:00,390
2018-12-11,2636.85,2018-12-11 16:00:00,391,21.96,2018-12-11 16:00:00,750,21.89,2018-12-11 16:00:00,390,21.65,2018-12-11 16:00:00,390
2018-12-12,2651.35,2018-12-12 16:00:00,391,21.4,2018-12-12 16:00:00,750,21.62,2018-12-12 16:00:00,390,21.64,2018-12-12 16:00:00,390
2018-12-13,2650.33,2018-12-13 16:00:00,391,20.67,2018-12-13 16:00:00,750,21.33,2018-12-13 16:00:00,390,21.53,2018-12-13 16:00:00,390
2018-12-14,2600.15,2018-12-14 16:00:00,391,21.86,2018-12-14 16:00:00,750,22.04,2018-12-14 16:00:00,390,22.09,2018-12-14 16:00:00,390
2018-12-17,2546.02,2018-12-17 16:00:00,391,24.81,2018-12-17 16:00:00,750,23.5,2018-12-17 16:00:00,390,23.16,2018-12-17 16:00:00,390
2018-12-18,2546.07,2018-12-18 16:00:00,391,25.71,2018-12-18 16:00:00,750,23.98,2018-12-18 16:00:00,390,23.44,2018-12-18 16:00:00,390
2018-12-19,2506.87,2018-12-19 16:00:00,391,24.98,2018-12-19 16:00:00,750,23.76,2018-12-19 16:00:00,390,23.4,2018-12-19 16:00:00,390
2018-12-20,2467.05,2018-12-20 16:00:00,391,28.39,2018-12-20 16:00:00,750,25.41,2018-12-20 16:00:00,390,24.45,2018-12-20 16:00:00,390
2018-12-21,2416.54,2018-12-21 16:00:00,391,29.95,2018-12-21 16:00:00,750,26.26,2018-12-21 16:00:00,390,24.89,2018-12-21 16:00:00,390
2018-12-24,2351.1,2018-12-24 14:59:00,232,36.07,2018-12-24 13:14:00,584,28.84,2018-12-24 13:14:00,224,26.36,2018-12-24 13:14:00,224
2018-12-26,2467.71,2018-12-26 16:00:00,391,29.83,2018-12-26 16:00:00,750,25.36,2018-12-26 16:00:00,390,24.23,2018-12-26 16:00:00,390
2018-12-27,2488.14,2018-12-27 16:00:00,391,29.84,2018-12-27 16:00:00,750,25.86,2018-12-27 16:00:00,390,24.67,2018-12-27 16:00:00,390
2018-12-28,2485.63,2018-12-28 16:00:00,391,28.57,2018-12-28 16:00:00,750,25.47,2018-12-28 16:00:00,390,24.1,2018-12-28 16:00:00,390
2018-12-31,2507.01,2018-12-31 16:00:00,391,25.86,2018-12-31 16:00:00,750,23.97,2018-12-31 16:00:00,390,23.06,2018-12-31 16:00:00,390
2019-01-02,2509.97,2019-01-02 16:00:00,391,23.1,2019-01-02 16:00:00,750,22.73,2019-01-02 16:00:00,390,22.29,2019-01-02 16:00:00,390
2019-01-03,2447.92,2019-01-03 16:00:00,391,25.02,2019-01-03 16:00:00,750,23.83,2019-01-03 16:00:00,390,23.17,2019-01-03 16:00:00,390
2019-01-04,2531.84,2019-01-04 16:00:00,391,21.33,2019-01-04 16:00:00,750,21.9,2019-01-04 16:00:00,390,21.8,2019-01-04 16:00:00,390
2019-01-07,2549.91,2019-01-07 16:00:00,391,21.21,2019-01-07 16:00:00,750,21.54,2019-01-07 16:00:00,390,21.45,2019-01-07 16:00:00,390
2019-01-08,2574.42,2019-01-08 16:00:00,391,20.24,2019-01-08 16:00:00,750,21.07,2019-01-08 16:00:00,390,21.12,2019-01-08 16:00:00,390
2019-01-09,2584.97,2019-01-09 16:00:00,391,19.81,2019-01-09 16:00:00,750,20.62,2019-01-09 16:00:00,390,20.79,2019-01-09 16:00:00,390
2019-01-10,2596.46,2019-01-10 16:00:00,391,19.39,2019-01-10 16:00:00,750,20.41,2019-01-10 16:00:00,390,20.79,2019-01-10 16:00:00,390
2019-01-11,2596.12,2019-01-11 16:00:00,391,18.2,2019-01-11 16:00:00,750,19.73,2019-01-11 16:00:00,390,20.34,2019-01-11 16:00:00,390
2019-01-14,2582.28,2019-01-14 16:00:00,391,19.01,2019-01-14 16:00:00,750,19.9,2019-01-14 16:00:00,390,20.36,2019-01-14 16:00:00,390
2019-01-15,2610.27,2019-01-15 16:00:00,391,18.2,2019-01-15 16:00:00,750,19.07,2019-01-15 16:00:00,390,19.61,2019-01-15 16:00:00,390
2019-01-16,2615.82,2019-01-16 16:00:00,391,18.77,2019-01-16 16:00:00,750,19.35,2019-01-16 16:00:00,390,19.68,2019-01-16 16:00:00,390
2019-01-17,2635.96,2019-01-17 16:00:00,391,18.1,2019-01-17 16:00:00,750,19.18,2019-01-17 16:00:00,390,19.65,2019-01-17 16:00:00,390
2019-01-18,2672.18,2019-01-18 16:00:00,391,17.73,2019-01-18 16:00:00,750,18.77,2019-01-18 16:00:00,390,19.23,2019-01-18 16:00:00,390
2019-01-22,2633.17,2019-01-22 16:00:00,391,20.39,2019-01-22 16:00:00,750,20.46,2019-01-22 16:00:00,390,20.38,2019-01-22 16:00:00,390
2019-01-23,2638.73,2019-01-23 16:00:00,391,19.64,2019-01-23 16:00:00,750,20.14,2019-01-23 16:00:00,390,20.15,2019-01-23 16:00:00,390
2019-01-24,2642.25,2019-01-24 16:00:00,391,18.7,2019-01-24 16:00:00,750,19.46,2019-01-24 16:00:00,390,19.74,2019-01-24 16:00:00,390
2019-01-25,2663.59,2019-01-25 16:00:00,391,17.43,2019-01-25 16:00:00,750,18.83,2019-01-25 16:00:00,390,19.35,2019-01-25 16:00:00,390
2019-01-28,2643.79,2019-01-28 16:00:00,391,18.97,2019-01-28 16:00:00,750,19.6,2019-01-28 16:00:00,390,19.69,2019-01-28 16:00:00,390
2019-01-29,2640.0,2019-01-29 16:00:00,391,19.2,2019-01-29 16:00:00,750,19.64,2019-01-29 16:00:00,390,19.72,2019-01-29 16:00:00,390
2019-01-30,2681.29,2019-01-30 16:00:00,391,17.67,2019-01-30 16:00:00,750,18.71,2019-01-30 16:00:00,390,19.06,2019-01-30 16:00:00,390
2019-01-31,2704.66,2019-01-31 16:00:00,391,16.7,2019-01-31 16:00:00,750,17.97,2019-01-31 16:00:00,390,18.55,2019-01-31 16:00:00,390
2019-02-01,2706.24,2019-02-01 16:00:00,391,16.17,2019-02-01 16:00:00,750,17.6,2019-02-01 16:00:00,390,18.32,2019-02-01 16:00:00,390
2019-02-04,2724.86,2019-02-04 16:00:00,391,15.67,2019-02-04 16:00:00,750,17.12,2019-02-04 16:00:00,390,17.91,2019-02-04 16:00:00,390
2019-02-05,2737.55,2019-02-05 16:00:00,391,15.51,2019-02-05 16:00:00,750,16.96,2019-02-05 16:00:00,390,17.71,2019-02-05 16:00:00,390
2019-02-06,2731.72,2019-02-06 16:00:00,391,15.35,2019-02-06 16:00:00,750,16.89,2019-02-06 16:00:00,390,17.66,2019-02-06 16:00:00,390
2019-02-07,2706.11,2019-02-07 16:00:00,391,16.33,2019-02-07 16:00:00,750,17.47,2019-02-07 16:00:00,390,17.99,2019-02-07 16:00:00,390
2019-02-08,2707.82,2019-02-08 16:00:00,391,15.7,2019-02-08 16:00:00,750,17.25,2019-02-08 16:00:00,390,17.9,2019-02-08 16:00:00,390
2019-02-11,2709.68,2019-02-11 16:00:00,391,16.03,2019-02-11 16:00:00,750,17.22,2019-02-11 16:00:00,390,17.85,2019-02-11 16:00:00,390
2019-02-12,2744.57,2019-02-12 16:00:00,391,15.41,2019-02-12 16:00:00,750,16.81,2019-02-12 16:00:00,390,17.51,2019-02-12 16:00:00,390
2019-02-13,2752.2,2019-02-13 16:00:00,391,15.55,2019-02-13 16:00:00,750,16.92,2019-02-13 16:00:00,390,17.6,2019-02-13 16:00:00,390
2019-02-14,2745.68,2019-02-14 16:00:00,391,16.18,2019-02-14 16:00:00,750,17.3,2019-02-14 16:00:00,390,17.96,2019-02-14 16:00:00,390
2019-02-15,2775.59,2019-02-15 16:00:00,391,14.88,2019-02-15 16:00:00,750,16.51,2019-02-15 16:00:00,390,17.4,2019-02-15 16:00:00,390
2019-02-19,2779.83,2019-02-19 16:00:00,391,14.89,2019-02-19 16:00:00,750,16.46,2019-02-19 16:00:00,390,17.2,2019-02-19 16:00:00,390
2019-02-20,2784.91,2019-02-20 16:00:00,391,14.08,2019-02-20 16:00:00,750,15.84,2019-02-20 16:00:00,390,16.78,2019-02-20 16:00:00,390
2019-02-21,2775.03,2019-02-21 16:00:00,391,14.36,2019-02-21 16:00:00,750,16.06,2019-02-21 16:00:00,390,16.9,2019-02-21 16:00:00,390
2019-02-22,2792.65,2019-02-22 16:00:00,391,13.62,2019-02-22 16:00:00,750,15.5,2019-02-22 16:00:00,390,16.54,2019-02-22 16:00:00,390
2019-02-25,2796.09,2019-02-25 16:00:00,391,14.81,2019-02-25 16:00:00,750,15.98,2019-02-25 16:00:00,390,16.8,2019-02-25 16:00:00,390
2019-02-26,2793.81,2019-02-26 16:00:00,391,15.06,2019-02-26 16:00:00,750,16.22,2019-02-26 16:00:00,390,17.04,2019-02-26 16:00:00,390
2019-02-27,2792.34,2019-02-27 16:00:00,391,14.84,2019-02-27 16:00:00,750,16.07,2019-02-27 16:00:00,390,16.88,2019-02-27 16:00:00,390
2019-02-28,2784.59,2019-02-28 16:00:00,391,15.04,2019-02-28 16:00:00,750,16.26,2019-02-28 16:00:00,390,17.04,2019-02-28 16:00:00,390
2019-03-01,2803.88,2019-03-01 16:00:00,391,13.53,2019-03-01 16:00:00,750,15.37,2019-03-01 16:00:00,390,16.46,2019-03-01 16:00:00,390
2019-03-04,2792.98,2019-03-04 16:00:00,391,14.5,2019-03-04 16:00:00,750,15.92,2019-03-04 16:00:00,390,16.86,2019-03-04 16:00:00,390
2019-03-05,2789.65,2019-03-05 16:00:00,391,14.74,2019-03-05 16:00:00,750,16.16,2019-03-05 16:00:00,390,17.0,2019-03-05 16:00:00,390
2019-03-06,2771.49,2019-03-06 16:00:00,391,15.56,2019-03-06 16:00:00,750,16.62,2019-03-06 16:00:00,390,17.37,2019-03-06 16:00:00,390
2019-03-07,2748.91,2019-03-07 16:00:00,391,16.65,2019-03-07 16:00:00,750,17.29,2019-03-07 16:00:00,390,17.87,2019-03-07 16:00:00,390
2019-03-08,2743.01,2019-03-08 16:00:00,391,16.34,2019-03-08 16:00:00,750,17.31,2019-03-08 16:00:00,390,17.92,2019-03-08 16:00:00,390
2019-03-11,2783.27,2019-03-11 16:00:00,391,14.39,2019-03-11 16:00:00,750,16.06,2019-03-11 16:00:00,390,17.05,2019-03-11 16:00:00,390
2019-03-12,2791.89,2019-03-12 16:00:00,391,13.77,2019-03-12 16:00:00,750,15.66,2019-03-12 16:00:00,390,16.75,2019-03-12 16:00:00,390
2019-03-13,2811.0,2019-03-13 16:00:00,391,13.55,2019-03-13 16:00:00,750,15.34,2019-03-13 16:00:00,390,16.5,2019-03-13 16:00:00,390
2019-03-14,2808.58,2019-03-14 16:00:00,391,13.43,2019-03-14 16:00:00,750,15.26,2019-03-14 16:00:00,390,16.41,2019-03-14 16:00:00,390
2019-03-15,2822.41,2019-03-15 16:00:00,391,12.92,2019-03-15 16:00:00,750,15.05,2019-03-15 16:00:00,390,16.28,2019-03-15 16:00:00,390
2019-03-18,2833.03,2019-03-18 16:00:00,391,13.12,2019-03-18 16:00:00,750,15.24,2019-03-18 16:00:00,390,16.34,2019-03-18 16:00:00,390
2019-03-19,2832.96,2019-03-19 16:00:00,391,13.49,2019-03-19 16:00:00,750,15.51,2019-03-19 16:00:00,390,16.57,2019-03-19 16:00:00,390
2019-03-20,2824.19,2019-03-20 16:00:00,391,13.75,2019-03-20 16:00:00,750,15.74,2019-03-20 16:00:00,390,16.73,2019-03-20 16:00:00,390
2019-03-21,2854.99,2019-03-21 16:00:00,391,13.65,2019-03-21 16:00:00,750,15.51,2019-03-21 16:00:00,390,16.5,2019-03-21 16:00:00,390
2019-03-22,2800.75,2019-03-22 16:00:00,391,16.92,2019-03-22 16:00:00,750,17.63,2019-03-22 16:00:00,390,17.95,2019-03-22 16:00:00,390
2019-03-25,2798.4,2019-03-25 16:00:00,391,16.55,2019-03-25 16:00:00,750,17.57,2019-03-25 16:00:00,390,17.91,2019-03-25 16:00:00,390
2019-03-26,2818.45,2019-03-26 16:00:00,391,14.8,2019-03-26 16:00:00,750,16.53,2019-03-26 16:00:00,390,17.33,2019-03-26 16:00:00,390
2019-03-27,2805.34,2019-03-27 16:00:00,391,15.28,2019-03-27 16:00:00,750,16.88,2019-03-27 16:00:00,390,17.62,2019-03-27 16:00:00,390
2019-03-28,2815.42,2019-03-28 16:00:00,391,14.55,2019-03-28 16:00:00,750,16.37,2019-03-28 16:00:00,390,17.3,2019-03-28 16:00:00,390
2019-03-29,2834.38,2019-03-29 16:00:00,391,13.75,2019-03-29 16:00:00,750,15.82,2019-03-29 16:00:00,390,16.89,2019-03-29 16:00:00,390
2019-04-01,2867.13,2019-04-01 16:00:00,391,13.47,2019-04-01 16:00:00,750,15.47,2019-04-01 16:00:00,390,16.55,2019-04-01 16:00:00,390
2019-04-02,2867.28,2019-04-02 16:00:00,391,13.28,2019-04-02 16:00:00,750,15.5,2019-04-02 16:00:00,390,16.58,2019-04-02 16:00:00,390
2019-04-03,2873.33,2019-04-03 16:00:00,391,13.77,2019-04-03 16:00:00,750,15.63,2019-04-03 16:00:00,390,16.6,2019-04-03 16:00:00,390
2019-04-04,2879.41,2019-04-04 16:00:00,391,13.51,2019-04-04 16:00:00,750,15.44,2019-04-04 16:00:00,390,16.53,2019-04-04 16:00:00,390
2019-04-05,2892.68,2019-04-05 16:00:00,391,12.75,2019-04-05 16:00:00,750,14.99,2019-04-05 16:00:00,390,16.23,2019-04-05 16:00:00,390
2019-04-08,2895.69,2019-04-08 16:00:00,391,13.17,2019-04-08 16:00:00,750,15.27,2019-04-08 16:00:00,390,16.39,2019-04-08 16:00:00,390
2019-04-09,2878.45,2019-04-09 16:00:00,391,14.19,2019-04-09 16:00:00,750,15.93,2019-04-09 16:00:00,390,16.87,2019-04-09 16:00:00,390
2019-04-10,2888.42,2019-04-10 16:00:00,391,13.34,2019-04-10 16:00:00,750,15.4,2019-04-10 16:00:00,390,16.5,2019-04-10 16:00:00,390
2019-04-11,2888.32,2019-04-11 16:00:00,391,13.11,2019-04-11 16:00:00,750,15.27,2019-04-11 16:00:00,390,16.44,2019-04-11 16:00:00,390
2019-04-12,2907.48,2019-04-12 16:00:00,391,12.04,2019-04-12 16:00:00,750,14.48,2019-04-12 16:00:00,390,16.0,2019-04-12 16:00:00,390
2019-04-15,2905.54,2019-04-15 16:00:00,391,12.29,2019-04-15 16:00:00,750,14.5,2019-04-15 16:00:00,390,16.08,2019-04-15 16:00:00,390
2019-04-16,2907.12,2019-04-16 16:00:00,391,12.18,2019-04-16 16:00:00,750,14.5,2019-04-16 16:00:00,390,16.05,2019-04-16 16:00:00,390
2019-04-17,2900.46,2019-04-17 16:00:00,391,12.51,2019-04-17 16:00:00,750,14.79,2019-04-17 16:00:00,390,16.27,2019-04-17 16:00:00,390
2019-04-18,2905.11,2019-04-18 16:00:00,391,12.09,2019-04-18 16:00:00,750,14.58,2019-04-18 16:00:00,390,16.13,2019-04-18 16:00:00,390
2019-04-22,2907.99,2019-04-22 16:00:00,391,12.46,2019-04-22 16:00:00,750,14.79,2019-04-22 16:00:00,390,16.23,2019-04-22 16:00:00,390
2019-04-23,2933.59,2019-04-23 16:00:00,391,12.28,2019-04-23 16:00:00,750,14.55,2019-04-23 16:00:00,390,16.01,2019-04-23 16:00:00,390
2019-04-24,2927.29,2019-04-24 16:00:00,391,13.08,2019-04-24 16:00:00,750,15.01,2019-04-24 16:00:00,390,16.27,2019-04-24 16:00:00,390
2019-04-25,2926.28,2019-04-25 16:00:00,391,13.23,2019-04-25 16:00:00,750,15.2,2019-04-25 16:00:00,390,16.39,2019-04-25 16:00:00,390
2019-04-26,2939.76,2019-04-26 16:00:00,391,12.64,2019-04-26 16:00:00,750,14.85,2019-04-26 16:00:00,390,16.16,2019-04-26 16:00:00,390
2019-04-29,2943.0,2019-04-29 16:00:00,391,13.05,2019-04-29 16:00:00,750,15.19,2019-04-29 16:00:00,390,16.42,2019-04-29 16:00:00,390
2019-04-30,2945.4,2019-04-30 16:00:00,391,13.18,2019-04-30 16:00:00,750,15.28,2019-04-30 16:00:00,390,16.47,2019-04-30 16:00:00,390
2019-05-01,2923.63,2019-05-01 16:00:00,391,14.62,2019-05-01 16:00:00,750,16.07,2019-05-01 16:00:00,390,17.0,2019-05-01 16:00:00,390
2019-05-02,2917.55,2019-05-02 16:00:00,391,14.49,2019-05-02 16:00:00,750,16.07,2019-05-02 16:00:00,390,17.0,2019-05-02 16:00:00,390
2019-05-03,2945.4,2019-05-03 16:00:00,391,12.97,2019-05-03 16:00:00,750,15.11,2019-05-03 16:00:00,390,16.42,2019-05-03 16:00:00,390
2019-05-06,2932.58,2019-05-06 16:00:00,391,15.25,2019-05-06 16:00:00,728,16.28,2019-05-06 16:00:00,390,17.06,2019-05-06 16:00:00,390
2019-05-07,2884.11,2019-05-07 16:00:00,391,19.91,2019-05-07 16:00:00,750,19.16,2019-05-07 16:00:00,390,18.88,2019-05-07 16:00:00,390
2019-05-08,2879.66,2019-05-08 16:00:00,391,19.89,2019-05-08 16:00:00,750,18.98,2019-05-08 16:00:00,390,18.74,2019-05-08 16:00:00,390
2019-05-09,2870.63,2019-05-09 16:00:00,391,19.2,2019-05-09 16:00:00,750,18.51,2019-05-09 16:00:00,390,18.45,2019-05-09 16:00:00,390
2019-05-10,2881.6,2019-05-10 16:00:00,391,16.13,2019-05-10 16:00:00,750,16.98,2019-05-10 16:00:00,390,17.52,2019-05-10 16:00:00,390
2019-05-13,2811.85,2019-05-13 16:00:00,391,20.28,2019-05-13 16:00:00,750,19.63,2019-05-13 16:00:00,390,19.24,2019-05-13 16:00:00,390
2019-05-14,2834.55,2019-05-14 16:00:00,391,18.28,2019-05-14 16:00:00,749,18.43,2019-05-14 16:00:00,390,18.48,2019-05-14 16:00:00,390
2019-05-15,2851.17,2019-05-15 16:00:00,391,16.59,2019-05-15 16:00:00,750,17.56,2019-05-15 16:00:00,390,17.86,2019-05-15 16:00:00,390
2019-05-16,2876.34,2019-05-16 16:00:00,391,15.38,2019-05-16 16:00:00,750,16.73,2019-05-16 16:00:00,390,17.33,2019-05-16 16:00:00,390
2019-05-17,2859.42,2019-05-17 16:00:00,391,16.12,2019-05-17 16:00:00,750,17.1,2019-05-17 16:00:00,390,17.61,2019-05-17 16:00:00,390
2019-05-20,2840.01,2019-05-20 16:00:00,391,16.42,2019-05-20 16:00:00,750,17.35,2019-05-20 16:00:00,390,17.72,2019-05-20 16:00:00,390
2019-05-21,2864.48,2019-05-21 16:00:00,391,14.94,2019-05-21 16:00:00,750,16.42,2019-05-21 16:00:00,390,17.12,2019-05-21 16:00:00,390
2019-05-22,2856.26,2019-05-22 16:00:00,391,14.77,2019-05-22 16:00:00,750,16.4,2019-05-22 16:00:00,390,17.11,2019-05-22 16:00:00,390
2019-05-23,2822.3,2019-05-23 16:00:00,391,16.91,2019-05-23 16:00:00,750,17.62,2019-05-23 16:00:00,390,17.97,2019-05-23 16:00:00,390
2019-05-24,2826.39,2019-05-24 16:00:00,391,16.11,2019-05-24 16:00:00,750,17.23,2019-05-24 16:00:00,390,17.81,2019-05-24 16:00:00,390
2019-05-28,2802.08,2019-05-28 16:00:00,391,17.53,2019-05-28 16:00:00,750,17.97,2019-05-28 16:00:00,390,18.32,2019-05-28 16:00:00,390
2019-05-29,2782.8,2019-05-29 16:00:00,391,17.85,2019-05-29 16:00:00,750,18.23,2019-05-29 16:00:00,390,18.59,2019-05-29 16:00:00,390
2019-05-30,2788.88,2019-05-30 16:00:00,391,17.4,2019-05-30 16:00:00,750,18.03,2019-05-30 16:00:00,390,18.55,2019-05-30 16:00:00,390
2019-05-31,2752.02,2019-05-31 16:00:00,391,18.69,2019-05-31 16:00:00,750,18.85,2019-05-31 16:00:00,390,19.16,2019-05-31 16:00:00,390
2019-06-03,2744.2,2019-06-03 16:00:00,391,19.02,2019-06-03 16:00:00,750,18.89,2019-06-03 16:00:00,390,19.18,2019-06-03 16:00:00,390
2019-06-04,2803.16,2019-06-04 16:00:00,391,17.06,2019-06-04 16:00:00,750,17.6,2019-06-04 16:00:00,390,18.18,2019-06-04 16:00:00,390
2019-06-05,2826.21,2019-06-05 16:00:00,391,16.07,2019-06-05 16:00:00,750,17.13,2019-06-05 16:00:00,390,17.83,2019-06-05 16:00:00,390
2019-06-06,2843.67,2019-06-06 16:00:00,391,15.88,2019-06-06 16:00:00,750,16.91,2019-06-06 16:00:00,390,17.68,2019-06-06 16:00:00,390
2019-06-07,2873.19,2019-06-07 16:00:00,391,16.34,2019-06-07 16:00:00,750,17.15,2019-06-07 16:00:00,390,17.85,2019-06-07 16:00:00,390
2019-06-10,2886.43,2019-06-10 16:00:00,391,16.11,2019-06-10 16:00:00,750,16.99,2019-06-10 16:00:00,390,17.71,2019-06-10 16:00:00,390
2019-06-11,2885.71,2019-06-11 16:00:00,391,16.12,2019-06-11 16:00:00,750,17.1,2019-06-11 16:00:00,390,17.85,2019-06-11 16:00:00,390
2019-06-12,2880.01,2019-06-12 16:00:00,391,15.93,2019-06-12 16:00:00,750,17.06,2019-06-12 16:00:00,390,17.85,2019-06-12 16:00:00,390
2019-06-13,2891.77,2019-06-13 16:00:00,391,15.78,2019-06-13 16:00:00,750,16.85,2019-06-13 16:00:00,390,17.64,2019-06-13 16:00:00,390
2019-06-14,2887.01,2019-06-14 16:00:00,391,15.3,2019-06-14 16:00:00,750,16.65,2019-06-14 16:00:00,390,17.5,2019-06-14 16:00:00,390
2019-06-17,2889.6,2019-06-17 16:00:00,391,15.4,2019-06-17 16:00:00,750,16.66,2019-06-17 16:00:00,390,17.5,2019-06-17 16:00:00,390
2019-06-18,2917.81,2019-06-18 16:00:00,391,15.23,2019-06-18 16:00:00,750,16.55,2019-06-18 16:00:00,390,17.4,2019-06-18 16:00:00,390
2019-06-19,2926.42,2019-06-19 16:00:00,391,14.3,2019-06-19 16:00:00,750,16.13,2019-06-19 16:00:00,390,17.18,2019-06-19 16:00:00,390
2019-06-20,2954.18,2019-06-20 16:00:00,391,14.87,2019-06-20 16:00:00,750,16.2,2019-06-20 16:00:00,390,17.08,2019-06-20 16:00:00,390
2019-06-21,2950.59,2019-06-21 16:00:00,391,15.32,2019-06-21 16:00:00,750,16.6,2019-06-21 16:00:00,390,17.36,2019-06-21 16:00:00,390
2019-06-24,2945.44,2019-06-24 16:00:00,391,15.37,2019-06-24 16:00:00,750,16.56,2019-06-24 16:00:00,390,17.3,2019-06-24 16:00:00,390
2019-06-25,2917.45,2019-06-25 16:00:00,391,16.33,2019-06-25 16:00:00,750,17.16,2019-06-25 16:00:00,390,17.8,2019-06-25 16:00:00,390
2019-06-26,2913.85,2019-06-26 16:00:00,391,16.3,2019-06-26 16:00:00,750,17.09,2019-06-26 16:00:00,390,17.82,2019-06-26 16:00:00,390
2019-06-27,2924.73,2019-06-27 16:00:00,391,15.91,2019-06-27 16:00:00,750,16.84,2019-06-27 16:00:00,390,17.56,2019-06-27 16:00:00,390
2019-06-28,2940.87,2019-06-28 16:00:00,391,15.55,2019-06-28 16:00:00,750,16.35,2019-06-28 16:00:00,390,17.2,2019-06-28 16:00:00,390
2019-07-01,2964.41,2019-07-01 16:00:00,391,14.05,2019-07-01 16:00:00,750,15.42,2019-07-01 16:00:00,390,16.37,2019-07-01 16:00:00,390
2019-07-02,2973.04,2019-07-02 16:00:00,391,13.04,2019-07-02 16:00:00,750,14.84,2019-07-02 16:00:00,390,16.0,2019-07-02 16:00:00,390
2019-07-03,2995.82,2019-07-03 14:45:00,232,12.57,2019-07-03 13:14:00,584,14.53,2019-07-03 13:14:00,224,15.74,2019-07-03 13:14:00,224
2019-07-05,2990.49,2019-07-05 16:00:00,391,13.18,2019-07-05 16:00:00,750,14.88,2019-07-05 16:00:00,390,15.92,2019-07-05 16:00:00,390
2019-07-08,2975.99,2019-07-08 16:00:00,391,13.9,2019-07-08 16:00:00,750,15.44,2019-07-08 16:00:00,390,16.31,2019-07-08 16:00:00,390
2019-07-09,2979.67,2019-07-09 16:00:00,391,14.1,2019-07-09 16:00:00,750,15.58,2019-07-09 16:00:00,390,16.46,2019-07-09 16:00:00,390
2019-07-10,2993.0,2019-07-10 16:00:00,391,13.04,2019-07-10 16:00:00,750,15.19,2019-07-10 16:00:00,390,16.25,2019-07-10 16:00:00,390
2019-07-11,2999.9,2019-07-11 16:00:00,391,12.92,2019-07-11 16:00:00,750,15.0,2019-07-11 16:00:00,390,16.15,2019-07-11 16:00:00,390
2019-07-12,3013.67,2019-07-12 16:00:00,391,12.33,2019-07-12 16:00:00,750,14.76,2019-07-12 16:00:00,390,16.06,2019-07-12 16:00:00,390
2019-07-15,3014.27,2019-07-15 16:00:00,391,12.72,2019-07-15 16:00:00,750,15.05,2019-07-15 16:00:00,390,16.28,2019-07-15 16:00:00,390
2019-07-16,3003.92,2019-07-16 16:00:00,391,12.88,2019-07-16 16:00:00,750,15.24,2019-07-16 16:00:00,390,16.4,2019-07-16 16:00:00,390
2019-07-17,2984.4,2019-07-17 16:00:00,391,13.71,2019-07-17 16:00:00,750,15.71,2019-07-17 16:00:00,390,16.75,2019-07-17 16:00:00,390
2019-07-18,2995.05,2019-07-18 16:00:00,391,13.52,2019-07-18 16:00:00,750,15.53,2019-07-18 16:00:00,390,16.59,2019-07-18 16:00:00,390
2019-07-19,2976.74,2019-07-19 16:00:00,391,14.31,2019-07-19 16:00:00,750,15.85,2019-07-19 16:00:00,390,16.8,2019-07-19 16:00:00,390
2019-07-22,2985.06,2019-07-22 16:00:00,391,13.54,2019-07-22 16:00:00,750,15.49,2019-07-22 16:00:00,390,16.56,2019-07-22 16:00:00,390
2019-07-23,3005.53,2019-07-23 16:00:00,391,12.61,2019-07-23 16:00:00,750,14.97,2019-07-23 16:00:00,390,16.17,2019-07-23 16:00:00,390
2019-07-24,3019.5,2019-07-24 16:00:00,391,12.14,2019-07-24 16:00:00,750,14.6,2019-07-24 16:00:00,390,15.94,2019-07-24 16:00:00,390
2019-07-25,3003.85,2019-07-25 16:00:00,391,12.79,2019-07-25 16:00:00,750,15.07,2019-07-25 16:00:00,390,16.24,2019-07-25 16:00:00,390
2019-07-26,3025.87,2019-07-26 16:00:00,391,12.14,2019-07-26 16:00:00,750,14.67,2019-07-26 16:00:00,390,15.91,2019-07-26 16:00:00,390
2019-07-29,3020.89,2019-07-29 16:00:00,391,12.91,2019-07-29 16:00:00,750,15.02,2019-07-29 16:00:00,390,16.17,2019-07-29 16:00:00,390
2019-07-30,3013.24,2019-07-30 16:00:00,391,13.8,2019-07-30 16:00:00,750,15.59,2019-07-30 16:00:00,390,16.5,2019-07-30 16:00:00,390
2019-07-31,2980.14,2019-07-31 16:00:00,391,15.84,2019-07-31 16:00:00,750,16.84,2019-07-31 16:00:00,390,18.23,2019-07-31 16:00:00,390
2019-08-01,2953.55,2019-08-01 16:00:00,391,17.99,2019-08-01 16:00:00,750,17.87,2019-08-01 16:00:00,390,18.11,2019-08-01 16:00:00,390
2019-08-02,2932.06,2019-08-02 16:00:00,391,18.19,2019-08-02 16:00:00,750,18.22,2019-08-02 16:00:00,390,18.3,2019-08-02 16:00:00,390
2019-08-05,2844.74,2019-08-05 16:00:00,391,23.4,2019-08-05 16:00:00,750,21.16,2019-08-05 16:00:00,390,20.25,2019-08-05 16:00:00,390
2019-08-06,2881.83,2019-08-06 16:00:00,391,19.78,2019-08-06 16:00:00,750,19.47,2019-08-06 16:00:00,390,19.17,2019-08-06 16:00:00,390
2019-08-07,2884.03,2019-08-07 16:00:00,391,19.29,2019-08-07 16:00:00,750,19.37,2019-08-07 16:00:00,390,19.17,2019-08-07 16:00:00,390
2019-08-08,2938.43,2019-08-08 16:00:00,391,16.85,2019-08-08 16:00:00,750,17.87,2019-08-08 16:00:00,390,18.06,2019-08-08 16:00:00,390
2019-08-09,2918.82,2019-08-09 16:00:00,391,18.05,2019-08-09 16:00:00,750,18.57,2019-08-09 16:00:00,390,18.57,2019-08-09 16:00:00,390
2019-08-12,2882.36,2019-08-12 16:00:00,391,20.71,2019-08-12 16:00:00,750,20.26,2019-08-12 16:00:00,390,19.76,2019-08-12 16:00:00,390
2019-08-13,2922.56,2019-08-13 16:00:00,391,17.9,2019-08-13 16:00:00,750,18.77,2019-08-13 16:00:00,390,18.86,2019-08-13 16:00:00,390
2019-08-14,2840.48,2019-08-14 16:00:00,391,22.24,2019-08-14 16:00:00,750,21.49,2019-08-14 16:00:00,390,20.75,2019-08-14 16:00:00,390
2019-08-15,2847.64,2019-08-15 16:00:00,391,21.17,2019-08-15 16:00:00,750,21.03,2019-08-15 16:00:00,390,20.55,2019-08-15 16:00:00,390
2019-08-16,2888.81,2019-08-16 16:00:00,391,18.64,2019-08-16 16:00:00,750,19.78,2019-08-16 16:00:00,390,19.7,2019-08-16 16:00:00,390
2019-08-19,2923.52,2019-08-19 16:00:00,391,16.72,2019-08-19 16:00:00,750,18.27,2019-08-19 16:00:00,390,18.77,2019-08-19 16:00:00,390
2019-08-20,2900.81,2019-08-20 16:00:00,391,17.55,2019-08-20 16:00:00,750,18.83,2019-08-20 16:00:00,390,19.11,2019-08-20 16:00:00,390
2019-08-21,2924.45,2019-08-21 16:00:00,391,15.94,2019-08-21 16:00:00,750,17.8,2019-08-21 16:00:00,390,18.4,2019-08-21 16:00:00,390
2019-08-22,2923.06,2019-08-22 16:00:00,391,16.62,2019-08-22 16:00:00,750,18.2,2019-08-22 16:00:00,390,18.75,2019-08-22 16:00:00,390
2019-08-23,2847.48,2019-08-23 16:00:00,391,20.33,2019-08-23 16:00:00,750,20.58,2019-08-23 16:00:00,390,20.52,2019-08-23 16:00:00,390
2019-08-26,2878.68,2019-08-26 16:00:00,391,19.23,2019-08-26 16:00:00,750,19.78,2019-08-26 16:00:00,390,19.89,2019-08-26 16:00:00,390
2019-08-27,2868.82,2019-08-27 16:00:00,391,20.39,2019-08-27 16:00:00,750,20.67,2019-08-27 16:00:00,390,20.58,2019-08-27 16:00:00,390
2019-08-28,2887.97,2019-08-28 16:00:00,391,19.36,2019-08-28 16:00:00,750,20.1,2019-08-28 16:00:00,390,20.21,2019-08-28 16:00:00,390
2019-08-29,2924.57,2019-08-29 16:00:00,391,18.0,2019-08-29 16:00:00,750,19.09,2019-08-29 16:00:00,390,19.48,2019-08-29 16:00:00,390
2019-08-30,2925.65,2019-08-30 16:00:00,391,18.86,2019-08-30 16:00:00,750,19.52,2019-08-30 16:00:00,390,19.81,2019-08-30 16:00:00,390
2019-09-03,2906.35,2019-09-03 16:00:00,391,19.71,2019-09-03 16:00:00,750,20.16,2019-09-03 16:00:00,390,20.38,2019-09-03 16:00:00,390
2019-09-04,2937.81,2019-09-04 16:00:00,391,17.32,2019-09-04 16:00:00,750,18.8,2019-09-04 16:00:00,390,19.43,2019-09-04 16:00:00,390
2019-09-05,2975.96,2019-09-05 16:00:00,391,16.04,2019-09-05 16:00:00,750,17.94,2019-09-05 16:00:00,390,18.78,2019-09-05 16:00:00,390
2019-09-06,2978.73,2019-09-06 16:00:00,391,15.11,2019-09-06 16:00:00,750,17.54,2019-09-06 16:00:00,390,18.56,2019-09-06 16:00:00,390
2019-09-09,2978.47,2019-09-09 16:00:00,391,15.3,2019-09-09 16:00:00,750,17.55,2019-09-09 16:00:00,390,18.59,2019-09-09 16:00:00,390
2019-09-10,2979.14,2019-09-10 16:00:00,391,15.19,2019-09-10 16:00:00,750,17.43,2019-09-10 16:00:00,390,18.48,2019-09-10 16:00:00,390
2019-09-11,3000.7,2019-09-11 16:00:00,391,14.66,2019-09-11 16:00:00,750,17.15,2019-09-11 16:00:00,390,18.29,2019-09-11 16:00:00,390
2019-09-12,3009.7,2019-09-12 16:00:00,391,14.3,2019-09-12 16:00:00,750,16.83,2019-09-12 16:00:00,390,18.09,2019-09-12 16:00:00,390
2019-09-13,3007.11,2019-09-13 16:00:00,391,13.81,2019-09-13 16:00:00,750,16.66,2019-09-13 16:00:00,390,18.01,2019-09-13 16:00:00,390
2019-09-16,2997.92,2019-09-16 16:00:00,391,14.83,2019-09-16 16:00:00,750,17.25,2019-09-16 16:00:00,390,18.51,2019-09-16 16:00:00,390
2019-09-17,3005.37,2019-09-17 16:00:00,391,14.44,2019-09-17 16:00:00,750,17.24,2019-09-17 16:00:00,390,18.54,2019-09-17 16:00:00,390
2019-09-18,3006.71,2019-09-18 16:00:00,391,14.04,2019-09-18 16:00:00,750,16.88,2019-09-18 16:00:00,390,18.31,2019-09-18 16:00:00,390
2019-09-19,3006.54,2019-09-19 16:00:00,391,14.01,2019-09-19 16:00:00,750,16.78,2019-09-19 16:00:00,390,18.26,2019-09-19 16:00:00,390
2019-09-20,2991.68,2019-09-20 16:00:00,391,15.13,2019-09-20 16:00:00,750,17.61,2019-09-20 16:00:00,390,18.87,2019-09-20 16:00:00,390
2019-09-23,2991.77,2019-09-23 16:00:00,391,15.11,2019-09-23 16:00:00,749,17.87,2019-09-23 16:00:00,390,19.04,2019-09-23 16:00:00,390
2019-09-24,2966.92,2019-09-24 16:00:00,391,17.02,2019-09-24 16:00:00,750,18.59,2019-09-24 16:00:00,390,19.82,2019-09-24 16:00:00,390
2019-09-25,2984.92,2019-09-25 16:00:00,391,15.85,2019-09-25 16:00:00,750,17.98,2019-09-25 16:00:00,390,19.04,2019-09-25 16:00:00,390
2019-09-26,2977.86,2019-09-26 16:00:00,391,16.01,2019-09-26 16:00:00,750,18.09,2019-09-26 16:00:00,390,19.15,2019-09-26 16:00:00,390
2019-09-27,2961.97,2019-09-27 16:00:00,391,17.19,2019-09-27 16:00:00,750,18.77,2019-09-27 16:00:00,390,19.63,2019-09-27 16:00:00,390
2019-09-30,2976.73,2019-09-30 16:00:00,391,16.51,2019-09-30 16:00:00,750,18.15,2019-09-30 16:00:00,390,19.15,2019-09-30 16:00:00,390
2019-10-01,2940.16,2019-10-01 16:00:00,391,18.39,2019-10-01 16:00:00,750,19.26,2019-10-01 16:00:00,390,19.97,2019-10-01 16:00:00,390
2019-10-02,2887.88,2019-10-02 16:00:00,391,20.34,2019-10-02 16:00:00,750,20.51,2019-10-02 16:00:00,390,20.81,2019-10-02 16:00:00,390
2019-10-03,2910.86,2019-10-03 16:00:00,391,19.08,2019-10-03 16:00:00,750,19.82,2019-10-03 16:00:00,390,20.4,2019-10-03 16:00:00,390
2019-10-04,2951.78,2019-10-04 16:00:00,391,17.03,2019-10-04 16:00:00,750,18.6,2019-10-04 16:00:00,390,19.53,2019-10-04 16:00:00,390
2019-10-07,2938.63,2019-10-07 16:00:00,391,17.88,2019-10-07 16:00:00,750,18.91,2019-10-07 16:00:00,390,19.75,2019-10-07 16:00:00,390
2019-10-08,2892.99,2019-10-08 16:00:00,391,20.33,2019-10-08 16:00:00,750,20.41,2019-10-08 16:00:00,390,20.83,2019-10-08 16:00:00,390
2019-10-09,2919.49,2019-10-09 16:00:00,391,18.75,2019-10-09 16:00:00,750,19.58,2019-10-09 16:00:00,390,20.31,2019-10-09 16:00:00,390
2019-10-10,2938.33,2019-10-10 16:00:00,391,17.67,2019-10-10 16:00:00,750,18.85,2019-10-10 16:00:00,390,19.79,2019-10-10 16:00:00,390
2019-10-11,2970.0,2019-10-11 16:00:00,391,15.8,2019-10-11 16:00:00,750,17.8,2019-10-11 16:00:00,390,19.05,2019-10-11 16:00:00,390
2019-10-14,2966.18,2019-10-14 16:00:00,391,14.82,2019-10-14 16:00:00,750,17.23,2019-10-14 16:00:00,390,18.65,2019-10-14 16:00:00,390
2019-10-15,2995.63,2019-10-15 16:00:00,391,13.53,2019-10-15 16:00:00,750,16.48,2019-10-15 16:00:00,390,18.12,2019-10-15 16:00:00,390
2019-10-16,2989.97,2019-10-16 16:00:00,391,13.7,2019-10-16 16:00:00,749,16.46,2019-10-16 16:00:00,390,18.12,2019-10-16 16:00:00,390
2019-10-17,2998.05,2019-10-17 16:00:00,391,13.8,2019-10-17 16:00:00,750,16.42,2019-10-17 16:00:00,390,18.0,2019-10-17 16:00:00,390
2019-10-18,2986.12,2019-10-18 16:00:00,391,14.37,2019-10-18 16:00:00,750,16.74,2019-10-18 16:00:00,390,18.27,2019-10-18 16:00:00,390
2019-10-21,3006.71,2019-10-21 16:00:00,391,14.11,2019-10-21 16:00:00,750,16.31,2019-10-21 16:00:00,390,17.84,2019-10-21 16:00:00,390
2019-10-22,2996.15,2019-10-22 16:00:00,391,14.52,2019-10-22 16:00:00,750,16.6,2019-10-22 16:00:00,390,18.03,2019-10-22 16:00:00,390
2019-10-23,3004.54,2019-10-23 16:00:00,391,14.06,2019-10-23 16:00:00,750,16.35,2019-10-23 16:00:00,390,17.89,2019-10-23 16:00:00,390
2019-10-24,3010.15,2019-10-24 16:00:00,391,13.46,2019-10-24 16:00:00,750,16.08,2019-10-24 16:00:00,390,17.71,2019-10-24 16:00:00,390
2019-10-25,3022.27,2019-10-25 16:00:00,391,12.72,2019-10-25 16:00:00,750,15.7,2019-10-25 16:00:00,390,17.42,2019-10-25 16:00:00,390
2019-10-28,3039.33,2019-10-28 16:00:00,391,13.06,2019-10-28 16:00:00,750,15.96,2019-10-28 16:00:00,390,17.57,2019-10-28 16:00:00,390
2019-10-29,3036.78,2019-10-29 16:00:00,391,13.18,2019-10-29 16:00:00,750,16.08,2019-10-29 16:00:00,390,17.76,2019-10-29 16:00:00,390
2019-10-30,3046.93,2019-10-30 16:00:00,391,12.4,2019-10-30 16:00:00,750,15.78,2019-10-30 16:00:00,390,17.52,2019-10-30 16:00:00,390
2019-10-31,3037.64,2019-10-31 16:00:00,391,13.19,2019-10-31 16:00:00,750,15.98,2019-10-31 16:00:00,390,17.66,2019-10-31 16:00:00,390
2019-11-01,3066.89,2019-11-01 16:00:00,391,12.31,2019-11-01 16:00:00,750,15.39,2019-11-01 16:00:00,390,17.27,2019-11-01 16:00:00,390
2019-11-04,3078.35,2019-11-04 16:00:00,391,12.78,2019-11-04 16:00:00,750,15.6,2019-11-04 16:00:00,390,17.37,2019-11-04 16:00:00,390
2019-11-05,3074.75,2019-11-05 16:00:00,391,13.05,2019-11-05 16:00:00,750,15.9,2019-11-05 16:00:00,390,17.62,2019-11-05 16:00:00,390
2019-11-06,3076.73,2019-11-06 16:00:00,391,12.71,2019-11-06 16:00:00,750,15.86,2019-11-06 16:00:00,390,17.67,2019-11-06 16:00:00,390
2019-11-07,3085.35,2019-11-07 16:00:00,391,12.71,2019-11-07 16:00:00,750,15.82,2019-11-07 16:00:00,390,17.65,2019-11-07 16:00:00,390
2019-11-08,3092.97,2019-11-08 16:00:00,391,12.06,2019-11-08 16:00:00,750,15.5,2019-11-08 16:00:00,390,17.47,2019-11-08 16:00:00,390
2019-11-11,3087.02,2019-11-11 16:00:00,391,12.77,2019-11-11 16:00:00,750,15.66,2019-11-11 16:00:00,390,17.58,2019-11-11 16:00:00,390
2019-11-12,3091.92,2019-11-12 16:00:00,391,12.71,2019-11-12 16:00:00,750,15.53,2019-11-12 16:00:00,390,17.48,2019-11-12 16:00:00,390
2019-11-13,3093.91,2019-11-13 16:00:00,391,13.06,2019-11-13 16:00:00,750,15.67,2019-11-13 16:00:00,390,17.53,2019-11-13 16:00:00,390
2019-11-14,3096.78,2019-11-14 16:00:00,391,13.0,2019-11-14 16:00:00,750,15.57,2019-11-14 16:00:00,390,17.47,2019-11-14 16:00:00,390
2019-11-15,3120.35,2019-11-15 16:00:00,391,11.93,2019-11-15 16:00:00,750,14.94,2019-11-15 16:00:00,390,17.07,2019-11-15 16:00:00,390
2019-11-18,3121.83,2019-11-18 16:00:00,391,12.52,2019-11-18 16:00:00,750,15.22,2019-11-18 16:00:00,390,17.17,2019-11-18 16:00:00,390
2019-11-19,3120.14,2019-11-19 16:00:00,391,12.84,2019-11-19 16:00:00,750,15.51,2019-11-19 16:00:00,390,17.37,2019-11-19 16:00:00,390
2019-11-20,3108.37,2019-11-20 16:00:00,391,12.86,2019-11-20 16:00:00,750,15.67,2019-11-20 16:00:00,390,17.59,2019-11-20 16:00:00,390
2019-11-21,3103.44,2019-11-21 16:00:00,391,13.24,2019-11-21 16:00:00,750,15.88,2019-11-21 16:00:00,390,17.88,2019-11-21 16:00:00,390
2019-11-22,3110.18,2019-11-22 16:00:00,391,12.45,2019-11-22 16:00:00,750,15.45,2019-11-22 16:00:00,390,17.57,2019-11-22 16:00:00,390
2019-11-25,3133.55,2019-11-25 16:00:00,391,11.89,2019-11-25 16:00:00,750,15.05,2019-11-25 16:00:00,390,17.19,2019-11-25 16:00:00,390
2019-11-26,3140.38,2019-11-26 16:00:00,391,11.77,2019-11-26 16:00:00,750,14.93,2019-11-26 16:00:00,390,17.05,2019-11-26 16:00:00,390
2019-11-27,3153.72,2019-11-27 16:00:00,391,11.69,2019-11-27 16:00:00,750,14.99,2019-11-27 16:00:00,390,17.07,2019-11-27 16:00:00,390
2019-11-29,3140.98,2019-11-29 14:32:00,232,12.62,2019-11-29 13:14:00,584,15.51,2019-11-29 13:14:00,224,17.41,2019-11-29 13:14:00,224
2019-12-02,3114.22,2019-12-02 16:00:00,391,14.65,2019-12-02 16:00:00,750,16.7,2019-12-02 16:00:00,390,18.12,2019-12-02 16:00:00,390
2019-12-03,3093.27,2019-12-03 16:00:00,391,15.84,2019-12-03 16:00:00,750,17.53,2019-12-03 16:00:00,390,18.7,2019-12-03 16:00:00,390
2019-12-04,3112.89,2019-12-04 16:00:00,391,14.78,2019-12-04 16:00:00,750,16.99,2019-12-04 16:00:00,390,18.27,2019-12-04 16:00:00,390
2019-12-05,3117.64,2019-12-05 16:00:00,391,14.54,2019-12-05 16:00:00,750,16.77,2019-12-05 16:00:00,390,18.11,2019-12-05 16:00:00,390
2019-12-06,3145.88,2019-12-06 16:00:00,391,13.6,2019-12-06 16:00:00,750,16.21,2019-12-06 16:00:00,390,17.73,2019-12-06 16:00:00,390
2019-12-09,3135.95,2019-12-09 16:00:00,391,15.85,2019-12-09 16:00:00,750,17.27,2019-12-09 16:00:00,390,18.41,2019-12-09 16:00:00,390
2019-12-10,3132.5,2019-12-10 16:00:00,391,15.86,2019-12-10 16:00:00,750,17.2,2019-12-10 16:00:00,390,18.4,2019-12-10 16:00:00,390
2019-12-11,3141.53,2019-12-11 16:00:00,391,15.14,2019-12-11 16:00:00,750,16.97,2019-12-11 16:00:00,390,18.24,2019-12-11 16:00:00,390
2019-12-12,3168.52,2019-12-12 16:00:00,391,13.91,2019-12-12 16:00:00,750,16.16,2019-12-12 16:00:00,390,17.64,2019-12-12 16:00:00,390
2019-12-13,3168.74,2019-12-13 16:00:00,391,12.66,2019-12-13 16:00:00,750,15.35,2019-12-13 16:00:00,390,17.1,2019-12-13 16:00:00,390
2019-12-16,3191.41,2019-12-16 16:00:00,391,12.31,2019-12-16 16:00:00,750,15.11,2019-12-16 16:00:00,390,16.75,2019-12-16 16:00:00,390
2019-12-17,3192.25,2019-12-17 16:00:00,391,12.31,2019-12-17 16:00:00,750,15.11,2019-12-17 16:00:00,390,16.88,2019-12-17 16:00:00,390
2019-12-18,3191.29,2019-12-18 16:00:00,391,12.7,2019-12-18 16:00:00,749,15.28,2019-12-18 16:00:00,390,16.97,2019-12-18 16:00:00,390
2019-12-19,3205.27,2019-12-19 16:00:00,391,12.47,2019-12-19 16:00:00,750,15.13,2019-12-19 16:00:00,390,16.77,2019-12-19 16:00:00,390
2019-12-20,3221.18,2019-12-20 16:00:00,391,12.45,2019-12-20 16:00:00,750,15.25,2019-12-20 16:00:00,390,16.82,2019-12-20 16:00:00,390
2019-12-23,3224.01,2019-12-23 16:00:00,391,12.75,2019-12-23 16:00:00,750,15.6,2019-12-23 16:00:00,390,17.07,2019-12-23 16:00:00,390
2019-12-24,3223.38,2019-12-24 15:19:00,232,12.67,2019-12-24 13:14:00,584,15.52,2019-12-24 13:14:00,224,16.97,2019-12-24 13:14:00,224
2019-12-26,3240.0,2019-12-26 16:00:00,391,12.58,2019-12-26 16:00:00,750,15.54,2019-12-26 16:00:00,390,16.92,2019-12-26 16:00:00,390
2019-12-27,3239.97,2019-12-27 16:00:00,391,13.34,2019-12-27 16:00:00,750,15.93,2019-12-27 16:00:00,390,17.23,2019-12-27 16:00:00,390
2019-12-30,3221.4,2019-12-30 16:00:00,391,14.76,2019-12-30 16:00:00,750,16.68,2019-12-30 16:00:00,390,17.67,2019-12-30 16:00:00,390
2019-12-31,3230.38,2019-12-31 16:00:00,391,13.94,2019-12-31 16:00:00,750,15.95,2019-12-31 16:00:00,390,17.16,2019-12-31 16:00:00,390
2020-01-02,3257.98,2020-01-02 16:00:00,391,12.47,2020-01-02 16:00:00,750,15.27,2020-01-02 16:00:00,390,16.63,2020-01-02 16:00:00,390
2020-01-03,3234.57,2020-01-03 16:00:00,391,14.24,2020-01-03 16:00:00,750,16.1,2020-01-03 16:00:00,390,17.22,2020-01-03 16:00:00,390
2020-01-06,3246.28,2020-01-06 16:00:00,391,13.63,2020-01-06 16:00:00,750,15.83,2020-01-06 16:00:00,390,17.01,2020-01-06 16:00:00,390
2020-01-07,3237.18,2020-01-07 16:00:00,391,13.75,2020-01-07 16:00:00,750,15.86,2020-01-07 16:00:00,390,17.01,2020-01-07 16:00:00,390
2020-01-08,3253.06,2020-01-08 16:00:00,391,13.72,2020-01-08 16:00:00,750,15.57,2020-01-08 16:00:00,390,16.72,2020-01-08 16:00:00,390
2020-01-09,3274.66,2020-01-09 16:00:00,391,12.61,2020-01-09 16:00:00,750,15.02,2020-01-09 16:00:00,390,16.37,2020-01-09 16:00:00,390
2020-01-10,3265.34,2020-01-10 16:00:00,391,12.56,2020-01-10 16:00:00,750,14.99,2020-01-10 16:00:00,390,16.35,2020-01-10 16:00:00,390
2020-01-13,3288.05,2020-01-13 16:00:00,391,12.4,2020-01-13 16:00:00,750,14.72,2020-01-13 16:00:00,390,16.06,2020-01-13 16:00:00,390
2020-01-14,3282.89,2020-01-14 16:00:00,391,12.49,2020-01-14 16:00:00,750,14.76,2020-01-14 16:00:00,390,16.06,2020-01-14 16:00:00,390
2020-01-15,3289.4,2020-01-15 16:00:00,391,12.48,2020-01-15 16:00:00,750,14.7,2020-01-15 16:00:00,390,16.0,2020-01-15 16:00:00,390
2020-01-16,3316.93,2020-01-16 16:00:00,391,12.32,2020-01-16 16:00:00,750,14.44,2020-01-16 16:00:00,390,15.77,2020-01-16 16:00:00,390
2020-01-17,3329.37,2020-01-17 16:00:00,391,12.1,2020-01-17 16:00:00,750,14.42,2020-01-17 16:00:00,390,15.75,2020-01-17 16:00:00,390
2020-01-21,3320.86,2020-01-21 16:00:00,391,12.76,2020-01-21 16:00:00,750,14.8,2020-01-21 16:00:00,390,15.89,2020-01-21 16:00:00,390
2020-01-22,3321.76,2020-01-22 16:00:00,391,12.82,2020-01-22 16:00:00,750,14.95,2020-01-22 16:00:00,390,16.04,2020-01-22 16:00:00,390
2020-01-23,3325.49,2020-01-23 16:00:00,391,13.02,2020-01-23 16:00:00,750,15.02,2020-01-23 16:00:00,390,16.1,2020-01-23 16:00:00,390
2020-01-24,3295.42,2020-01-24 16:00:00,391,14.69,2020-01-24 16:00:00,750,16.09,2020-01-24 16:00:00,390,16.79,2020-01-24 16:00:00,390
2020-01-27,3243.36,2020-01-27 16:00:00,391,18.1,2020-01-27 16:00:00,749,18.09,2020-01-27 16:00:00,389,18.06,2020-01-27 16:00:00,389
2020-01-28,3276.21,2020-01-28 16:00:00,391,16.3,2020-01-28 16:00:00,750,17.05,2020-01-28 16:00:00,390,17.37,2020-01-28 16:00:00,390
2020-01-29,3273.5,2020-01-29 16:00:00,391,16.32,2020-01-29 16:00:00,750,17.05,2020-01-29 16:00:00,390,17.39,2020-01-29 16:00:00,390
2020-01-30,3283.57,2020-01-30 16:00:00,391,15.61,2020-01-30 16:00:00,750,16.67,2020-01-30 16:00:00,390,17.1,2020-01-30 16:00:00,390
2020-01-31,3225.04,2020-01-31 16:00:00,391,19.01,2020-01-31 16:00:00,750,18.72,2020-01-31 16:00:00,390,18.41,2020-01-31 16:00:00,390
2020-02-03,3248.82,2020-02-03 16:00:00,391,18.03,2020-02-03 16:00:00,750,18.11,2020-02-03 16:00:00,390,18.13,2020-02-03 16:00:00,390
2020-02-04,3297.64,2020-02-04 16:00:00,391,16.12,2020-02-04 16:00:00,750,16.76,2020-02-04 16:00:00,390,17.13,2020-02-04 16:00:00,390
2020-02-05,3334.7,2020-02-05 16:00:00,391,15.11,2020-02-05 16:00:00,750,16.08,2020-02-05 16:00:00,390,16.66,2020-02-05 16:00:00,390
2020-02-06,3345.76,2020-02-06 16:00:00,391,14.89,2020-02-06 16:00:00,750,15.89,2020-02-06 16:00:00,390,16.57,2020-02-06 16:00:00,390
2020-02-07,3327.66,2020-02-07 16:00:00,391,15.59,2020-02-07 16:00:00,750,16.38,2020-02-07 16:00:00,390,17.01,2020-02-07 16:00:00,390
2020-02-10,3352.13,2020-02-10 16:00:00,391,15.14,2020-02-10 16:00:00,750,16.17,2020-02-10 16:00:00,390,16.77,2020-02-10 16:00:00,390
2020-02-11,3357.8,2020-02-11 16:00:00,391,15.18,2020-02-11 16:00:00,750,16.15,2020-02-11 16:00:00,390,16.82,2020-02-11 16:00:00,390
2020-02-12,3379.36,2020-02-12 16:00:00,391,13.84,2020-02-12 16:00:00,750,15.4,2020-02-12 16:00:00,390,16.35,2020-02-12 16:00:00,390
2020-02-13,3374.2,2020-02-13 16:00:00,391,14.27,2020-02-13 16:00:00,750,15.74,2020-02-13 16:00:00,390,16.58,2020-02-13 16:00:00,390
2020-02-14,3380.03,2020-02-14 16:00:00,391,13.81,2020-02-14 16:00:00,750,15.6,2020-02-14 16:00:00,390,16.5,2020-02-14 16:00:00,390
2020-02-18,3370.37,2020-02-18 16:00:00,391,14.73,2020-02-18 16:00:00,750,16.07,2020-02-18 16:00:00,390,16.83,2020-02-18 16:00:00,390
2020-02-19,3386.1,2020-02-19 16:00:00,391,14.4,2020-02-19 16:00:00,750,15.78,2020-02-19 16:00:00,390,16.74,2020-02-19 16:00:00,390
2020-02-20,3373.0,2020-02-20 16:00:00,391,15.35,2020-02-20 16:00:00,750,16.46,2020-02-20 16:00:00,390,17.14,2020-02-20 16:00:00,390
2020-02-21,3337.72,2020-02-21 16:00:00,391,17.16,2020-02-21 16:00:00,750,17.63,2020-02-21 16:00:00,390,17.9,2020-02-21 16:00:00,390
2020-02-24,3225.95,2020-02-24 16:00:00,391,25.04,2020-02-24 16:00:00,750,21.89,2020-02-24 16:00:00,390,20.45,2020-02-24 16:00:00,390
2020-02-25,3128.44,2020-02-25 16:00:00,391,28.49,2020-02-25 16:00:00,750,24.27,2020-02-25 16:00:00,390,22.11,2020-02-25 16:00:00,390
2020-02-26,3116.53,2020-02-26 16:00:00,391,27.37,2020-02-26 16:00:00,750,23.57,2020-02-26 16:00:00,390,21.82,2020-02-26 16:00:00,390
2020-02-27,2978.43,2020-02-27 16:00:00,391,37.23,2020-02-27 16:00:00,750,28.73,2020-02-27 16:00:00,390,25.04,2020-02-27 16:00:00,390
2020-02-28,2954.21,2020-02-28 16:00:00,391,42.24,2020-02-28 16:00:00,750,32.03,2020-02-28 16:00:00,390,26.92,2020-02-28 16:00:00,390
2020-03-02,3090.52,2020-03-02 16:00:00,391,32.0,2020-03-02 16:00:00,750,26.78,2020-03-02 16:00:00,390,24.07,2020-03-02 16:00:00,390
2020-03-03,3003.04,2020-03-03 16:00:00,391,37.74,2020-03-03 16:00:00,750,30.21,2020-03-03 16:00:00,390,26.4,2020-03-03 16:00:00,390
2020-03-04,3130.09,2020-03-04 16:00:00,391,31.9,2020-03-04 16:00:00,750,27.4,2020-03-04 16:00:00,390,24.83,2020-03-04 16:00:00,390
2020-03-05,3024.03,2020-03-05 16:00:00,391,39.74,2020-03-05 16:00:00,750,32.76,2020-03-05 16:00:00,390,28.82,2020-03-05 16:00:00,390
2020-03-06,2972.44,2020-03-06 16:00:00,391,41.79,2020-03-06 16:00:00,750,35.43,2020-03-06 16:00:00,390,31.32,2020-03-06 16:00:00,390
2020-03-09,2745.82,2020-03-09 16:00:00,391,55.95,2020-03-09 16:00:00,376,44.45,2020-03-09 16:00:00,390,37.81,2020-03-09 16:00:00,390
2020-03-10,2881.84,2020-03-10 16:00:00,391,46.62,2020-03-10 16:00:00,749,39.04,2020-03-10 16:00:00,390,33.96,2020-03-10 16:00:00,390
2020-03-11,2741.31,2020-03-11 16:00:00,391,54.24,2020-03-11 16:00:00,750,44.65,2020-03-11 16:00:00,390,38.68,2020-03-11 16:00:00,390
2020-03-12,2480.69,2020-03-12 16:00:00,391,76.83,2020-03-12 16:00:00,668,57.44,2020-03-12 16:00:00,390,47.72,2020-03-12 16:00:00,390
2020-03-13,2708.62,2020-03-13 16:00:00,391,55.17,2020-03-13 16:00:00,632,48.12,2020-03-13 16:00:00,390,41.31,2020-03-13 16:00:00,390
2020-03-16,2386.13,2020-03-16 16:00:00,391,83.05,2020-03-16 16:00:00,375,68.62,2020-03-16 16:00:00,390,56.15,2020-03-16 16:00:00,390
2020-03-17,2528.96,2020-03-17 16:00:00,391,74.85,2020-03-17 16:00:00,667,62.84,2020-03-17 16:00:00,390,54.65,2020-03-17 16:00:00,390
2020-03-18,2398.33,2020-03-18 16:00:00,391,75.85,2020-03-18 16:00:00,350,72.32,2020-03-18 16:00:00,390,60.93,2020-03-18 16:00:00,390
2020-03-19,2409.5,2020-03-19 16:00:00,391,72.13,2020-03-19 16:00:00,750,68.22,2020-03-19 16:00:00,390,55.92,2020-03-19 16:00:00,390
2020-03-20,2304.12,2020-03-20 16:00:00,391,66.78,2020-03-20 16:00:00,750,66.36,2020-03-20 16:00:00,390,53.52,2020-03-20 16:00:00,390
2020-03-23,2236.7,2020-03-23 16:00:00,391,61.62,2020-03-23 16:00:00,750,57.43,2020-03-23 16:00:00,390,47.23,2020-03-23 16:00:00,390
2020-03-24,2446.39,2020-03-24 16:00:00,391,60.56,2020-03-24 16:00:00,623,59.41,2020-03-24 16:00:00,390,41.98,2020-03-24 16:00:00,390
2020-03-25,2474.99,2020-03-25 16:00:00,391,64.52,2020-03-25 16:00:00,741,54.8,2020-03-25 16:00:00,390,44.98,2020-03-25 16:00:00,390
2020-03-26,2627.3,2020-03-26 16:00:00,391,61.18,2020-03-26 16:00:00,750,54.83,2020-03-26 16:00:00,390,41.07,2020-03-26 16:00:00,390
2020-03-27,2541.45,2020-03-27 16:00:00,391,64.8,2020-03-27 16:00:00,750,55.66,2020-03-27 16:00:00,390,46.11,2020-03-27 16:00:00,390
2020-03-30,2626.49,2020-03-30 16:00:00,391,57.12,2020-03-30 16:00:00,750,51.25,2020-03-30 16:00:00,390,44.0,2020-03-30 16:00:00,390
2020-03-31,2584.47,2020-03-31 16:00:00,391,53.41,2020-03-31 16:00:00,750,48.06,2020-03-31 16:00:00,390,42.33,2020-03-31 16:00:00,390
2020-04-01,2470.72,2020-04-01 16:00:00,391,56.85,2020-04-01 16:00:00,744,51.39,2020-04-01 16:00:00,390,45.27,2020-04-01 16:00:00,390
2020-04-02,2526.59,2020-04-02 16:00:00,391,50.81,2020-04-02 16:00:00,750,47.24,2020-04-02 16:00:00,390,42.47,2020-04-02 16:00:00,390
2020-04-03,2488.56,2020-04-03 16:00:00,391,47.05,2020-04-03 16:00:00,750,45.08,2020-04-03 16:00:00,390,40.92,2020-04-03 16:00:00,390
2020-04-06,2661.51,2020-04-06 16:00:00,391,45.01,2020-04-06 16:00:00,750,42.9,2020-04-06 16:00:00,390,38.95,2020-04-06 16:00:00,390
2020-04-07,2658.85,2020-04-07 16:00:00,391,46.11,2020-04-07 16:00:00,750,43.02,2020-04-07 16:00:00,390,39.17,2020-04-07 16:00:00,390
2020-04-08,2749.27,2020-04-08 16:00:00,391,43.25,2020-04-08 16:00:00,738,41.53,2020-04-08 16:00:00,390,38.31,2020-04-08 16:00:00,390
2020-04-09,2789.47,2020-04-09 16:00:00,391,41.58,2020-04-09 16:00:00,750,40.54,2020-04-09 16:00:00,390,37.33,2020-04-09 16:00:00,390
2020-04-13,2761.75,2020-04-13 16:00:00,391,41.35,2020-04-13 16:00:00,750,40.05,2020-04-13 16:00:00,390,37.06,2020-04-13 16:00:00,390
2020-04-14,2845.75,2020-04-14 16:00:00,391,37.96,2020-04-14 16:00:00,750,36.71,2020-04-14 16:00:00,390,35.08,2020-04-14 16:00:00,390
2020-04-15,2783.82,2020-04-15 16:00:00,391,40.85,2020-04-15 16:00:00,750,39.36,2020-04-15 16:00:00,390,36.99,2020-04-15 16:00:00,390
2020-04-16,2799.36,2020-04-16 16:00:00,391,39.98,2020-04-16 16:00:00,750,39.15,2020-04-16 16:00:00,390,36.99,2020-04-16 16:00:00,390
2020-04-17,2874.06,2020-04-17 16:00:00,391,38.06,2020-04-17 16:00:00,750,37.3,2020-04-17 16:00:00,390,35.75,2020-04-17 16:00:00,390
2020-04-20,2822.89,2020-04-20 16:00:00,391,43.16,2020-04-20 16:00:00,750,40.58,2020-04-20 16:00:00,390,38.11,2020-04-20 16:00:00,390
2020-04-21,2736.49,2020-04-21 16:00:00,391,45.36,2020-04-21 16:00:00,750,43.27,2020-04-21 16:00:00,390,40.4,2020-04-21 16:00:00,390
2020-04-22,2798.7,2020-04-22 16:00:00,391,42.05,2020-04-22 16:00:00,749,40.99,2020-04-22 16:00:00,390,38.87,2020-04-22 16:00:00,390
2020-04-23,2797.66,2020-04-23 16:00:00,391,40.9,2020-04-23 16:00:00,750,40.61,2020-04-23 16:00:00,390,38.86,2020-04-23 16:00:00,390
2020-04-24,2836.6,2020-04-24 16:00:00,391,35.61,2020-04-24 16:00:00,750,37.76,2020-04-24 16:00:00,390,37.02,2020-04-24 16:00:00,390
2020-04-27,2877.87,2020-04-27 16:00:00,391,33.07,2020-04-27 16:00:00,750,35.26,2020-04-27 16:00:00,390,35.04,2020-04-27 16:00:00,390
2020-04-28,2863.57,2020-04-28 16:00:00,391,34.15,2020-04-28 16:00:00,750,35.64,2020-04-28 16:00:00,390,35.09,2020-04-28 16:00:00,390
2020-04-29,2939.56,2020-04-29 16:00:00,391,31.41,2020-04-29 16:00:00,749,33.49,2020-04-29 16:00:00,390,33.27,2020-04-29 16:00:00,390
2020-04-30,2911.97,2020-04-30 16:00:00,391,34.3,2020-04-30 16:00:00,750,35.17,2020-04-30 16:00:00,390,34.68,2020-04-30 16:00:00,390
2020-05-01,2831.3,2020-05-01 16:00:00,391,36.92,2020-05-01 16:00:00,750,37.78,2020-05-01 16:00:00,390,36.7,2020-05-01 16:00:00,390
2020-05-04,2842.74,2020-05-04 16:00:00,391,35.77,2020-05-04 16:00:00,750,36.98,2020-05-04 16:00:00,390,36.3,2020-05-04 16:00:00,390
2020-05-05,2868.44,2020-05-05 16:00:00,391,33.46,2020-05-05 16:00:00,750,35.47,2020-05-05 16:00:00,390,35.3,2020-05-05 16:00:00,390
2020-05-06,2848.42,2020-05-06 16:00:00,391,33.97,2020-05-06 16:00:00,749,35.57,2020-05-06 16:00:00,390,35.48,2020-05-06 16:00:00,390
2020-05-07,2881.19,2020-05-07 16:00:00,391,31.77,2020-05-07 16:00:00,750,34.27,2020-05-07 16:00:00,390,34.64,2020-05-07 16:00:00,390
2020-05-08,2929.8,2020-05-08 16:00:00,391,28.14,2020-05-08 16:00:00,750,31.81,2020-05-08 16:00:00,390,32.82,2020-05-08 16:00:00,390
2020-05-11,2930.19,2020-05-11 16:00:00,391,27.57,2020-05-11 16:00:00,750,30.39,2020-05-11 16:00:00,390,31.97,2020-05-11 16:00:00,390
2020-05-12,2870.12,2020-05-12 16:00:00,391,32.18,2020-05-12 16:00:00,750,33.51,2020-05-12 16:00:00,390,34.28,2020-05-12 16:00:00,390
2020-05-13,2820.0,2020-05-13 16:00:00,391,35.17,2020-05-13 16:00:00,749,36.46,2020-05-13 16:00:00,390,37.15,2020-05-13 16:00:00,390
2020-05-14,2852.5,2020-05-14 16:00:00,391,32.5,2020-05-14 16:00:00,750,34.95,2020-05-14 16:00:00,390,35.77,2020-05-14 16:00:00,390
2020-05-15,2863.7,2020-05-15 16:00:00,391,31.25,2020-05-15 16:00:00,750,34.1,2020-05-15 16:00:00,390,35.2,2020-05-15 16:00:00,390
2020-05-18,2953.91,2020-05-18 16:00:00,391,29.14,2020-05-18 16:00:00,750,31.73,2020-05-18 16:00:00,390,33.13,2020-05-18 16:00:00,390
2020-05-19,2922.94,2020-05-19 16:00:00,391,30.58,2020-05-19 16:00:00,750,32.78,2020-05-19 16:00:00,390,33.71,2020-05-19 16:00:00,390
2020-05-20,2971.61,2020-05-20 16:00:00,391,27.93,2020-05-20 16:00:00,749,31.08,2020-05-20 16:00:00,390,32.43,2020-05-20 16:00:00,390
2020-05-21,2948.51,2020-05-21 16:00:00,391,29.03,2020-05-21 16:00:00,750,31.98,2020-05-21 16:00:00,390,33.32,2020-05-21 16:00:00,390
2020-05-22,2955.45,2020-05-22 16:00:00,391,28.12,2020-05-22 16:00:00,750,31.56,2020-05-22 16:00:00,390,33.17,2020-05-22 16:00:00,390
2020-05-26,2991.77,2020-05-26 16:00:00,391,28.21,2020-05-26 16:00:00,750,30.98,2020-05-26 16:00:00,390,32.61,2020-05-26 16:00:00,390
2020-05-27,3036.13,2020-05-27 16:00:00,391,27.58,2020-05-27 16:00:00,749,30.29,2020-05-27 16:00:00,390,31.88,2020-05-27 16:00:00,390
2020-05-28,3029.73,2020-05-28 16:00:00,391,28.92,2020-05-28 16:00:00,750,31.46,2020-05-28 16:00:00,390,33.76,2020-05-28 16:00:00,390
2020-05-29,3044.31,2020-05-29 16:00:00,391,27.65,2020-05-29 16:00:00,750,30.62,2020-05-29 16:00:00,390,32.14,2020-05-29 16:00:00,390
2020-06-01,3055.73,2020-06-01 16:00:00,391,28.3,2020-06-01 16:00:00,750,31.01,2020-06-01 16:00:00,390,32.51,2020-06-01 16:00:00,390
2020-06-02,3080.82,2020-06-02 16:00:00,391,26.73,2020-06-02 16:00:00,750,29.91,2020-06-02 16:00:00,390,31.75,2020-06-02 16:00:00,390
2020-06-03,3122.87,2020-06-03 16:00:00,391,25.51,2020-06-03 16:00:00,750,28.87,2020-06-03 16:00:00,390,31.06,2020-06-03 16:00:00,390
2020-06-04,3112.35,2020-06-04 16:00:00,391,25.5,2020-06-04 16:00:00,750,28.67,2020-06-04 16:00:00,390,30.93,2020-06-04 16:00:00,390
2020-06-05,3193.93,2020-06-05 16:00:00,391,24.09,2020-06-05 16:00:00,750,27.14,2020-06-05 16:00:00,390,29.53,2020-06-05 16:00:00,390
2020-06-08,3232.39,2020-06-08 16:00:00,391,25.72,2020-06-08 16:00:00,750,27.98,2020-06-08 16:00:00,390,30.0,2020-06-08 16:00:00,390
2020-06-09,3207.18,2020-06-09 16:00:00,391,27.36,2020-06-09 16:00:00,750,29.54,2020-06-09 16:00:00,390,31.16,2020-06-09 16:00:00,390
2020-06-10,3190.14,2020-06-10 16:00:00,391,27.27,2020-06-10 16:00:00,750,29.5,2020-06-10 16:00:00,390,31.23,2020-06-10 16:00:00,390
2020-06-11,3002.1,2020-06-11 16:00:00,391,40.71,2020-06-11 16:00:00,750,40.29,2020-06-11 16:00:00,390,40.83,2020-06-11 16:00:00,390
2020-06-12,3041.31,2020-06-12 16:00:00,391,35.94,2020-06-12 16:00:00,750,37.82,2020-06-12 16:00:00,390,37.74,2020-06-12 16:00:00,390
2020-06-15,3066.59,2020-06-15 16:00:00,391,34.74,2020-06-15 16:00:00,750,37.62,2020-06-15 16:00:00,390,37.25,2020-06-15 16:00:00,390
2020-06-16,3124.74,2020-06-16 16:00:00,391,33.82,2020-06-16 16:00:00,750,36.17,2020-06-16 16:00:00,390,36.53,2020-06-16 16:00:00,390
2020-06-17,3113.41,2020-06-17 16:00:00,391,33.8,2020-06-17 16:00:00,749,36.1,2020-06-17 16:00:00,390,36.83,2020-06-17 16:00:00,390
2020-06-18,3115.31,2020-06-18 16:00:00,391,32.39,2020-06-18 16:00:00,751,34.99,2020-06-18 16:00:00,390,36.01,2020-06-18 16:00:00,390
2020-06-19,3097.95,2020-06-19 16:00:00,391,33.39,2020-06-19 16:00:00,750,35.81,2020-06-19 16:00:00,390,36.93,2020-06-19 16:00:00,390
2020-06-22,3118.16,2020-06-22 16:00:00,391,31.88,2020-06-22 16:00:00,750,34.02,2020-06-22 16:00:00,390,35.17,2020-06-22 16:00:00,390
2020-06-23,3131.24,2020-06-23 16:00:00,391,31.08,2020-06-23 16:00:00,750,33.05,2020-06-23 16:00:00,390,34.0,2020-06-23 16:00:00,390
2020-06-24,3050.47,2020-06-24 16:00:00,391,33.88,2020-06-24 16:00:00,749,35.2,2020-06-24 16:00:00,390,35.67,2020-06-24 16:00:00,390
2020-06-25,3083.67,2020-06-25 16:00:00,391,32.14,2020-06-25 16:00:00,750,34.1,2020-06-25 16:00:00,390,34.88,2020-06-25 16:00:00,390
2020-06-26,3009.01,2020-06-26 16:00:00,391,34.76,2020-06-26 16:00:00,750,35.91,2020-06-26 16:00:00,390,36.33,2020-06-26 16:00:00,390
2020-06-29,3053.31,2020-06-29 16:00:00,391,32.07,2020-06-29 16:00:00,750,34.09,2020-06-29 16:00:00,390,34.53,2020-06-29 16:00:00,390
2020-06-30,3100.06,2020-06-30 16:00:00,391,30.31,2020-06-30 16:00:00,750,32.81,2020-06-30 16:00:00,390,33.14,2020-06-30 16:00:00,390
2020-07-01,3115.93,2020-07-01 16:00:00,391,28.85,2020-07-01 16:00:00,750,31.81,2020-07-01 16:00:00,390,32.62,2020-07-01 16:00:00,390
2020-07-02,3130.05,2020-07-02 16:00:00,391,27.79,2020-07-02 16:00:00,750,31.1,2020-07-02 16:00:00,390,31.99,2020-07-02 16:00:00,390
2020-07-06,3179.67,2020-07-06 16:00:00,391,27.9,2020-07-06 16:00:00,750,31.0,2020-07-06 16:00:00,390,31.62,2020-07-06 16:00:00,390
2020-07-07,3145.37,2020-07-07 16:00:00,391,29.35,2020-07-07 16:00:00,750,31.99,2020-07-07 16:00:00,390,32.36,2020-07-07 16:00:00,390
2020-07-08,3170.04,2020-07-08 16:00:00,391,28.05,2020-07-08 16:00:00,750,31.31,2020-07-08 16:00:00,390,31.85,2020-07-08 16:00:00,390
2020-07-09,3152.16,2020-07-09 16:00:00,391,29.17,2020-07-09 16:00:00,750,32.02,2020-07-09 16:00:00,390,32.34,2020-07-09 16:00:00,390
2020-07-10,3184.92,2020-07-10 16:00:00,391,27.38,2020-07-10 16:00:00,750,31.13,2020-07-10 16:00:00,390,31.74,2020-07-10 16:00:00,390
2020-07-13,3155.35,2020-07-13 16:00:00,391,32.05,2020-07-13 16:00:00,750,34.52,2020-07-13 16:00:00,390,34.94,2020-07-13 16:00:00,390
2020-07-14,3197.61,2020-07-14 16:00:00,391,29.57,2020-07-14 16:00:00,750,32.23,2020-07-14 16:00:00,390,33.24,2020-07-14 16:00:00,390
2020-07-15,3226.63,2020-07-15 16:00:00,391,27.85,2020-07-15 16:00:00,749,31.6,2020-07-15 16:00:00,390,32.93,2020-07-15 16:00:00,390
2020-07-16,3215.59,2020-07-16 16:00:00,391,27.55,2020-07-16 16:00:00,750,31.33,2020-07-16 16:00:00,390,32.29,2020-07-16 16:00:00,390
2020-07-17,3224.75,2020-07-17 16:00:00,391,25.57,2020-07-17 16:00:00,750,30.3,2020-07-17 16:00:00,390,31.86,2020-07-17 16:00:00,390
2020-07-20,3251.84,2020-07-20 16:00:00,391,24.48,2020-07-20 16:00:00,750,29.12,2020-07-20 16:00:00,390,30.57,2020-07-20 16:00:00,390
2020-07-21,3257.31,2020-07-21 16:00:00,391,25.04,2020-07-21 16:00:00,750,29.35,2020-07-21 16:00:00,390,30.88,2020-07-21 16:00:00,390
2020-07-22,3276.08,2020-07-22 16:00:00,391,24.18,2020-07-22 16:00:00,749,29.12,2020-07-22 16:00:00,390,30.62,2020-07-22 16:00:00,390
2020-07-23,3235.65,2020-07-23 16:00:00,391,26.03,2020-07-23 16:00:00,750,30.17,2020-07-23 16:00:00,390,31.35,2020-07-23 16:00:00,390
2020-07-24,3215.62,2020-07-24 16:00:00,391,25.74,2020-07-24 16:00:00,750,30.56,2020-07-24 16:00:00,390,31.76,2020-07-24 16:00:00,390
2020-07-27,3239.51,2020-07-27 16:00:00,391,24.79,2020-07-27 16:00:00,750,30.02,2020-07-27 16:00:00,390,31.49,2020-07-27 16:00:00,390
2020-07-28,3218.54,2020-07-28 16:00:00,391,25.5,2020-07-28 16:00:00,750,30.15,2020-07-28 16:00:00,390,31.59,2020-07-28 16:00:00,390
2020-07-29,3258.61,2020-07-29 16:00:00,391,24.13,2020-07-29 16:00:00,749,29.41,2020-07-29 16:00:00,390,31.15,2020-07-29 16:00:00,390
2020-07-30,3246.41,2020-07-30 16:00:00,391,25.28,2020-07-30 16:00:00,750,30.09,2020-07-30 16:00:00,390,31.77,2020-07-30 16:00:00,390
2020-07-31,3271.26,2020-07-31 16:00:00,391,23.78,2020-07-31 16:00:00,750,29.34,2020-07-31 16:00:00,390,31.26,2020-07-31 16:00:00,390
2020-08-03,3294.62,2020-08-03 16:00:00,391,24.58,2020-08-03 16:00:00,750,29.82,2020-08-03 16:00:00,390,31.34,2020-08-03 16:00:00,390
2020-08-04,3306.61,2020-08-04 16:00:00,391,23.79,2020-08-04 16:00:00,750,29.12,2020-08-04 16:00:00,390,30.75,2020-08-04 16:00:00,390
2020-08-05,3327.73,2020-08-05 16:00:00,391,23.02,2020-08-05 16:00:00,749,28.59,2020-08-05 16:00:00,390,30.32,2020-08-05 16:00:00,390
2020-08-06,3349.16,2020-08-06 16:00:00,391,22.67,2020-08-06 16:00:00,750,28.21,2020-08-06 16:00:00,390,30.08,2020-08-06 16:00:00,390
2020-08-07,3351.32,2020-08-07 16:00:00,391,22.15,2020-08-07 16:00:00,750,28.24,2020-08-07 16:00:00,390,30.2,2020-08-07 16:00:00,390
2020-08-10,3360.59,2020-08-10 16:00:00,391,22.03,2020-08-10 16:00:00,750,27.98,2020-08-10 16:00:00,390,29.85,2020-08-10 16:00:00,390
2020-08-11,3333.76,2020-08-11 16:00:00,391,24.42,2020-08-11 16:00:00,750,29.31,2020-08-11 16:00:00,390,30.94,2020-08-11 16:00:00,390
2020-08-12,3380.35,2020-08-12 16:00:00,391,22.2,2020-08-12 16:00:00,749,28.05,2020-08-12 16:00:00,390,29.91,2020-08-12 16:00:00,390
2020-08-13,3373.43,2020-08-13 16:00:00,391,22.23,2020-08-13 16:00:00,750,28.18,2020-08-13 16:00:00,390,30.11,2020-08-13 16:00:00,390
2020-08-14,3372.89,2020-08-14 16:00:00,391,21.94,2020-08-14 16:00:00,750,28.18,2020-08-14 16:00:00,390,30.38,2020-08-14 16:00:00,390
2020-08-17,3382.09,2020-08-17 16:00:00,391,21.56,2020-08-17 16:00:00,750,27.58,2020-08-17 16:00:00,390,29.72,2020-08-17 16:00:00,390
2020-08-18,3389.79,2020-08-18 16:00:00,391,21.68,2020-08-18 16:00:00,750,27.33,2020-08-18 16:00:00,390,29.66,2020-08-18 16:00:00,390
2020-08-19,3374.95,2020-08-19 16:00:00,391,22.72,2020-08-19 16:00:00,749,28.18,2020-08-19 16:00:00,390,30.34,2020-08-19 16:00:00,390
2020-08-20,3385.56,2020-08-20 16:00:00,391,22.56,2020-08-20 16:00:00,750,28.04,2020-08-20 16:00:00,390,29.28,2020-08-20 16:00:00,390
2020-08-21,3397.24,2020-08-21 16:00:00,391,22.24,2020-08-21 16:00:00,750,28.03,2020-08-21 16:00:00,390,29.43,2020-08-21 16:00:00,390
2020-08-24,3431.41,2020-08-24 16:00:00,391,22.38,2020-08-24 16:00:00,750,28.14,2020-08-24 16:00:00,390,29.51,2020-08-24 16:00:00,390
2020-08-25,3443.67,2020-08-25 16:00:00,391,22.08,2020-08-25 16:00:00,750,27.93,2020-08-25 16:00:00,390,29.39,2020-08-25 16:00:00,390
2020-08-26,3478.81,2020-08-26 16:00:00,391,23.14,2020-08-26 16:00:00,749,28.72,2020-08-26 16:00:00,390,29.88,2020-08-26 16:00:00,390
2020-08-27,3484.59,2020-08-27 16:00:00,391,24.51,2020-08-27 16:00:00,750,29.99,2020-08-27 16:00:00,390,30.7,2020-08-27 16:00:00,390
2020-08-28,3507.95,2020-08-28 16:00:00,391,22.74,2020-08-28 16:00:00,750,29.41,2020-08-28 16:00:00,390,30.34,2020-08-28 16:00:00,390
2020-08-31,3499.95,2020-08-31 16:00:00,391,26.41,2020-08-31 16:00:00,750,31.83,2020-08-31 16:00:00,390,32.21,2020-08-31 16:00:00,390
2020-09-01,3526.68,2020-09-01 16:00:00,391,26.22,2020-09-01 16:00:00,750,32.21,2020-09-01 16:00:00,390,32.51,2020-09-01 16:00:00,390
2020-09-02,3580.64,2020-09-02 16:00:00,391,26.63,2020-09-02 16:00:00,748,32.67,2020-09-02 16:00:00,390,33.1,2020-09-02 16:00:00,390
2020-09-03,3454.89,2020-09-03 16:00:00,391,33.55,2020-09-03 16:00:00,750,38.14,2020-09-03 16:00:00,390,35.64,2020-09-03 16:00:00,390
2020-09-04,3426.86,2020-09-04 16:00:00,391,30.35,2020-09-04 16:00:00,750,34.71,2020-09-04 16:00:00,390,33.89,2020-09-04 16:00:00,390
2020-09-08,3331.85,2020-09-08 16:00:00,391,31.55,2020-09-08 16:00:00,750,34.37,2020-09-08 16:00:00,390,33.83,2020-09-08 16:00:00,390
2020-09-09,3399.06,2020-09-09 16:00:00,391,29.42,2020-09-09 16:00:00,749,32.49,2020-09-09 16:00:00,390,32.38,2020-09-09 16:00:00,390
2020-09-10,3338.95,2020-09-10 16:00:00,391,29.98,2020-09-10 16:00:00,750,33.1,2020-09-10 16:00:00,390,32.88,2020-09-10 16:00:00,390
2020-09-11,3340.9,2020-09-11 16:00:00,391,26.6,2020-09-11 16:00:00,750,31.06,2020-09-11 16:00:00,390,31.58,2020-09-11 16:00:00,390
2020-09-14,3383.45,2020-09-14 16:00:00,391,25.72,2020-09-14 16:00:00,750,30.45,2020-09-14 16:00:00,390,31.29,2020-09-14 16:00:00,390
2020-09-15,3401.13,2020-09-15 16:00:00,391,25.62,2020-09-15 16:00:00,750,30.34,2020-09-15 16:00:00,390,31.36,2020-09-15 16:00:00,390
2020-09-16,3385.58,2020-09-16 16:00:00,391,26.0,2020-09-16 16:00:00,749,30.6,2020-09-16 16:00:00,390,31.6,2020-09-16 16:00:00,390
2020-09-17,3357.04,2020-09-17 16:00:00,391,26.42,2020-09-17 16:00:00,750,30.77,2020-09-17 16:00:00,390,31.84,2020-09-17 16:00:00,390
2020-09-18,3319.28,2020-09-18 16:00:00,391,25.93,2020-09-18 16:00:00,750,30.55,2020-09-18 16:00:00,390,31.87,2020-09-18 16:00:00,390
2020-09-21,3281.1,2020-09-21 16:00:00,391,27.55,2020-09-21 16:00:00,750,31.54,2020-09-21 16:00:00,390,32.43,2020-09-21 16:00:00,390
2020-09-22,3315.5,2020-09-22 16:00:00,391,26.65,2020-09-22 16:00:00,750,31.64,2020-09-22 16:00:00,390,32.53,2020-09-22 16:00:00,390
2020-09-23,3236.96,2020-09-23 16:00:00,391,29.04,2020-09-23 16:00:00,749,33.43,2020-09-23 16:00:00,390,33.68,2020-09-23 16:00:00,390
2020-09-24,3246.54,2020-09-24 16:00:00,391,28.62,2020-09-24 16:00:00,750,33.09,2020-09-24 16:00:00,390,33.52,2020-09-24 16:00:00,390
2020-09-25,3298.48,2020-09-25 16:00:00,391,26.22,2020-09-25 16:00:00,750,31.97,2020-09-25 16:00:00,390,32.67,2020-09-25 16:00:00,390
2020-09-28,3351.76,2020-09-28 16:00:00,391,26.31,2020-09-28 16:00:00,750,31.83,2020-09-28 16:00:00,390,32.33,2020-09-28 16:00:00,390
2020-09-29,3335.38,2020-09-29 16:00:00,391,26.6,2020-09-29 16:00:00,750,31.4,2020-09-29 16:00:00,390,32.08,2020-09-29 16:00:00,390
2020-09-30,3362.69,2020-09-30 16:00:00,391,26.15,2020-09-30 16:00:00,749,31.58,2020-09-30 16:00:00,390,32.13,2020-09-30 16:00:00,390
2020-10-01,3380.76,2020-10-01 16:00:00,391,26.75,2020-10-01 16:00:00,750,31.76,2020-10-01 16:00:00,390,32.48,2020-10-01 16:00:00,390
2020-10-02,3348.47,2020-10-02 16:00:00,391,27.46,2020-10-02 16:00:00,750,32.28,2020-10-02 16:00:00,390,33.12,2020-10-02 16:00:00,390
2020-10-05,3408.56,2020-10-05 16:00:00,391,28.1,2020-10-05 16:00:00,750,31.27,2020-10-05 16:00:00,390,32.15,2020-10-05 16:00:00,390
2020-10-06,3360.75,2020-10-06 16:00:00,391,29.59,2020-10-06 16:00:00,750,31.94,2020-10-06 16:00:00,390,32.73,2020-10-06 16:00:00,390
2020-10-07,3419.35,2020-10-07 16:00:00,391,28.25,2020-10-07 16:00:00,749,30.71,2020-10-07 16:00:00,390,31.61,2020-10-07 16:00:00,390
2020-10-08,3446.85,2020-10-08 16:00:00,391,26.36,2020-10-08 16:00:00,750,29.52,2020-10-08 16:00:00,390,30.86,2020-10-08 16:00:00,390
2020-10-09,3477.1,2020-10-09 16:00:00,391,24.81,2020-10-09 16:00:00,750,28.2,2020-10-09 16:00:00,390,29.56,2020-10-09 16:00:00,390
2020-10-12,3534.08,2020-10-12 16:00:00,391,25.16,2020-10-12 16:00:00,750,28.08,2020-10-12 16:00:00,390,29.38,2020-10-12 16:00:00,390
2020-10-13,3511.76,2020-10-13 16:00:00,391,26.04,2020-10-13 16:00:00,750,28.43,2020-10-13 16:00:00,390,29.53,2020-10-13 16:00:00,390
2020-10-14,3488.62,2020-10-14 16:00:00,391,26.41,2020-10-14 16:00:00,748,28.31,2020-10-14 16:00:00,390,29.33,2020-10-14 16:00:00,390
2020-10-15,3483.34,2020-10-15 16:00:00,391,26.94,2020-10-15 16:00:00,750,28.74,2020-10-15 16:00:00,390,28.77,2020-10-15 16:00:00,390
2020-10-16,3483.91,2020-10-16 16:00:00,391,26.99,2020-10-16 16:00:00,750,29.03,2020-10-16 16:00:00,390,29.1,2020-10-16 16:00:00,390
2020-10-19,3427.01,2020-10-19 16:00:00,391,29.08,2020-10-19 16:00:00,750,30.23,2020-10-19 16:00:00,390,30.1,2020-10-19 16:00:00,390
2020-10-20,3443.14,2020-10-20 16:00:00,391,29.56,2020-10-20 16:00:00,750,30.22,2020-10-20 16:00:00,390,30.1,2020-10-20 16:00:00,390
2020-10-21,3435.34,2020-10-21 16:00:00,391,28.6,2020-10-21 16:00:00,749,29.67,2020-10-21 16:00:00,390,29.61,2020-10-21 16:00:00,390
2020-10-22,3453.58,2020-10-22 16:00:00,391,27.81,2020-10-22 16:00:00,750,29.07,2020-10-22 16:00:00,390,29.2,2020-10-22 16:00:00,390
2020-10-23,3465.59,2020-10-23 16:00:00,391,27.4,2020-10-23 16:00:00,750,28.91,2020-10-23 16:00:00,390,29.11,2020-10-23 16:00:00,390
2020-10-26,3401.05,2020-10-26 16:00:00,391,32.39,2020-10-26 16:00:00,750,32.01,2020-10-26 16:00:00,390,31.14,2020-10-26 16:00:00,390
2020-10-27,3390.75,2020-10-27 16:00:00,391,33.08,2020-10-27 16:00:00,750,32.62,2020-10-27 16:00:00,390,31.61,2020-10-27 16:00:00,390
2020-10-28,3271.33,2020-10-28 16:00:00,391,40.36,2020-10-28 16:00:00,749,38.29,2020-10-28 16:00:00,390,35.24,2020-10-28 16:00:00,390
2020-10-29,3310.14,2020-10-29 16:00:00,391,37.09,2020-10-29 16:00:00,750,35.5,2020-10-29 16:00:00,390,33.99,2020-10-29 16:00:00,390
2020-10-30,3270.14,2020-10-30 16:00:00,391,37.43,2020-10-30 16:00:00,750,36.77,2020-10-30 16:00:00,390,34.55,2020-10-30 16:00:00,390
2020-11-02,3310.14,2020-11-02 16:00:00,391,37.08,2020-11-02 16:00:00,750,35.02,2020-11-02 16:00:00,390,33.34,2020-11-02 16:00:00,390
2020-11-03,3369.12,2020-11-03 16:00:00,391,35.02,2020-11-03 16:00:00,750,33.28,2020-11-03 16:00:00,390,32.09,2020-11-03 16:00:00,390
2020-11-04,3443.53,2020-11-04 16:00:00,391,29.78,2020-11-04 16:00:00,749,30.12,2020-11-04 16:00:00,390,30.01,2020-11-04 16:00:00,390
2020-11-05,3510.41,2020-11-05 16:00:00,391,27.85,2020-11-05 16:00:00,750,29.23,2020-11-05 16:00:00,390,30.15,2020-11-05 16:00:00,390
2020-11-06,3509.52,2020-11-06 16:00:00,391,24.82,2020-11-06 16:00:00,750,27.44,2020-11-06 16:00:00,390,27.99,2020-11-06 16:00:00,390
2020-11-09,3550.64,2020-11-09 16:00:00,391,25.64,2020-11-09 16:00:00,750,26.93,2020-11-09 16:00:00,390,27.18,2020-11-09 16:00:00,390
2020-11-10,3545.44,2020-11-10 16:00:00,391,24.73,2020-11-10 16:00:00,750,26.4,2020-11-10 16:00:00,390,27.0,2020-11-10 16:00:00,390
2020-11-11,3572.7,2020-11-11 16:00:00,391,23.58,2020-11-11 16:00:00,749,25.65,2020-11-11 16:00:00,390,26.59,2020-11-11 16:00:00,390
2020-11-12,3537.0,2020-11-12 16:00:00,391,25.48,2020-11-12 16:00:00,750,27.2,2020-11-12 16:00:00,390,27.66,2020-11-12 16:00:00,390
2020-11-13,3585.19,2020-11-13 16:00:00,391,23.08,2020-11-13 16:00:00,750,25.77,2020-11-13 16:00:00,390,26.79,2020-11-13 16:00:00,390
2020-11-16,3627.12,2020-11-16 16:00:00,391,22.6,2020-11-16 16:00:00,750,25.36,2020-11-16 16:00:00,390,26.67,2020-11-16 16:00:00,390
2020-11-17,3609.6,2020-11-17 16:00:00,391,22.72,2020-11-17 16:00:00,750,25.38,2020-11-17 16:00:00,390,27.32,2020-11-17 16:00:00,390
2020-11-18,3567.75,2020-11-18 16:00:00,391,23.72,2020-11-18 16:00:00,749,26.26,2020-11-18 16:00:00,390,27.47,2020-11-18 16:00:00,390
2020-11-19,3581.85,2020-11-19 16:00:00,391,22.79,2020-11-19 16:00:00,750,25.62,2020-11-19 16:00:00,390,26.65,2020-11-19 16:00:00,390
2020-11-20,3557.65,2020-11-20 16:00:00,391,23.61,2020-11-20 16:00:00,750,26.02,2020-11-20 16:00:00,390,27.01,2020-11-20 16:00:00,390
2020-11-23,3577.72,2020-11-23 16:00:00,391,22.67,2020-11-23 16:00:00,750,25.39,2020-11-23 16:00:00,390,26.65,2020-11-23 16:00:00,390
2020-11-24,3635.41,2020-11-24 16:00:00,391,21.69,2020-11-24 16:00:00,749,24.89,2020-11-24 16:00:00,390,26.32,2020-11-24 16:00:00,390
2020-11-25,3629.68,2020-11-25 16:00:00,391,21.18,2020-11-25 16:00:00,750,24.43,2020-11-25 16:00:00,390,26.04,2020-11-25 16:00:00,390
2020-11-27,3638.35,2020-11-27 14:07:00,232,20.84,2020-11-27 13:14:00,584,24.43,2020-11-27 13:14:00,224,26.05,2020-11-27 13:14:00,224
2020-11-30,3621.82,2020-11-30 16:00:00,391,20.66,2020-11-30 16:00:00,750,24.35,2020-11-30 16:00:00,390,26.01,2020-11-30 16:00:00,390
2020-12-01,3662.41,2020-12-01 16:00:00,391,20.87,2020-12-01 16:00:00,749,24.6,2020-12-01 16:00:00,390,26.15,2020-12-01 16:00:00,390
2020-12-02,3668.99,2020-12-02 16:00:00,391,21.15,2020-12-02 16:00:00,750,24.56,2020-12-02 16:00:00,390,26.19,2020-12-02 16:00:00,390
2020-12-03,3666.74,2020-12-03 16:00:00,391,21.44,2020-12-03 16:00:00,750,24.69,2020-12-03 16:00:00,390,26.34,2020-12-03 16:00:00,390
2020-12-04,3699.13,2020-12-04 16:00:00,391,20.59,2020-12-04 16:00:00,750,24.19,2020-12-04 16:00:00,390,25.95,2020-12-04 16:00:00,390
2020-12-07,3691.94,2020-12-07 16:00:00,391,21.26,2020-12-07 16:00:00,750,24.5,2020-12-07 16:00:00,390,26.32,2020-12-07 16:00:00,390
2020-12-08,3702.2,2020-12-08 16:00:00,391,20.52,2020-12-08 16:00:00,750,23.82,2020-12-08 16:00:00,390,25.86,2020-12-08 16:00:00,390
2020-12-09,3672.48,2020-12-09 16:00:00,391,22.35,2020-12-09 16:00:00,750,24.83,2020-12-09 16:00:00,390,26.54,2020-12-09 16:00:00,390
2020-12-10,3668.05,2020-12-10 16:00:00,391,22.43,2020-12-10 16:00:00,750,24.95,2020-12-10 16:00:00,390,26.83,2020-12-10 16:00:00,390
2020-12-11,3663.45,2020-12-11 16:00:00,391,23.5,2020-12-11 16:00:00,750,26.12,2020-12-11 16:00:00,390,27.76,2020-12-11 16:00:00,390
2020-12-14,3647.33,2020-12-14 16:00:00,391,24.69,2020-12-14 16:00:00,750,27.04,2020-12-14 16:00:00,390,28.71,2020-12-14 16:00:00,390
2020-12-15,3694.74,2020-12-15 16:00:00,391,22.88,2020-12-15 16:00:00,750,25.92,2020-12-15 16:00:00,390,27.53,2020-12-15 16:00:00,390
2020-12-16,3701.26,2020-12-16 16:00:00,391,22.49,2020-12-16 16:00:00,749,25.41,2020-12-16 16:00:00,390,27.2,2020-12-16 16:00:00,390
2020-12-17,3722.42,2020-12-17 16:00:00,391,21.75,2020-12-17 16:00:00,750,25.05,2020-12-17 16:00:00,390,26.97,2020-12-17 16:00:00,390
2020-12-18,3709.83,2020-12-18 16:00:00,391,21.95,2020-12-18 16:00:00,750,25.41,2020-12-18 16:00:00,390,27.41,2020-12-18 16:00:00,390
2020-12-21,3694.94,2020-12-21 16:00:00,391,25.26,2020-12-21 16:00:00,750,27.66,2020-12-21 16:00:00,390,28.79,2020-12-21 16:00:00,390
2020-12-22,3687.27,2020-12-22 16:00:00,391,24.16,2020-12-22 16:00:00,750,27.21,2020-12-22 16:00:00,390,28.64,2020-12-22 16:00:00,390
2020-12-23,3689.98,2020-12-23 16:00:00,391,22.99,2020-12-23 16:00:00,749,26.1,2020-12-23 16:00:00,390,27.84,2020-12-23 16:00:00,390
2020-12-24,3703.06,2020-12-24 14:22:00,232,21.53,2020-12-24 13:14:00,584,25.37,2020-12-24 13:14:00,224,27.35,2020-12-24 13:14:00,224
2020-12-28,3735.36,2020-12-28 16:00:00,391,21.8,2020-12-28 16:00:00,750,25.22,2020-12-28 16:00:00,390,27.24,2020-12-28 16:00:00,390
2020-12-29,3727.04,2020-12-29 16:00:00,391,23.2,2020-12-29 16:00:00,750,26.33,2020-12-29 16:00:00,390,28.16,2020-12-29 16:00:00,390
2020-12-30,3732.04,2020-12-30 16:00:00,391,22.69,2020-12-30 16:00:00,749,25.43,2020-12-30 16:00:00,390,27.52,2020-12-30 16:00:00,390
2020-12-31,3756.07,2020-12-31 16:00:00,391,22.5,2020-12-31 16:00:00,750,25.21,2020-12-31 16:00:00,390,27.22,2020-12-31 16:00:00,390
2021-01-04,3700.65,2021-01-04 16:00:00,391,26.69,2021-01-04 16:00:00,750,28.08,2021-01-04 16:00:00,390,29.36,2021-01-04 16:00:00,390
2021-01-05,3726.86,2021-01-05 16:00:00,391,25.26,2021-01-05 16:00:00,750,27.11,2021-01-05 16:00:00,390,28.64,2021-01-05 16:00:00,390
2021-01-06,3748.14,2021-01-06 16:00:00,391,26.48,2021-01-06 16:00:00,749,27.4,2021-01-06 16:00:00,390,28.86,2021-01-06 16:00:00,390
2021-01-07,3803.79,2021-01-07 16:00:00,391,22.36,2021-01-07 16:00:00,750,25.17,2021-01-07 16:00:00,390,27.26,2021-01-07 16:00:00,390
2021-01-08,3824.68,2021-01-08 16:00:00,391,21.56,2021-01-08 16:00:00,750,24.89,2021-01-08 16:00:00,390,27.06,2021-01-08 16:00:00,390
2021-01-11,3799.61,2021-01-11 16:00:00,391,24.14,2021-01-11 16:00:00,750,26.71,2021-01-11 16:00:00,390,28.51,2021-01-11 16:00:00,390
2021-01-12,3801.19,2021-01-12 16:00:00,391,23.27,2021-01-12 16:00:00,750,25.98,2021-01-12 16:00:00,390,28.06,2021-01-12 16:00:00,390
2021-01-13,3809.84,2021-01-13 16:00:00,391,22.32,2021-01-13 16:00:00,749,25.64,2021-01-13 16:00:00,390,27.78,2021-01-13 16:00:00,390
2021-01-14,3795.54,2021-01-14 16:00:00,391,23.21,2021-01-14 16:00:00,750,26.36,2021-01-14 16:00:00,390,27.4,2021-01-14 16:00:00,390
2021-01-15,3768.25,2021-01-15 16:00:00,391,23.95,2021-01-15 16:00:00,750,27.03,2021-01-15 16:00:00,390,27.97,2021-01-15 16:00:00,390
2021-01-19,3798.91,2021-01-19 16:00:00,391,23.07,2021-01-19 16:00:00,750,26.63,2021-01-19 16:00:00,390,27.84,2021-01-19 16:00:00,390
2021-01-20,3851.85,2021-01-20 16:00:00,391,21.66,2021-01-20 16:00:00,749,25.76,2021-01-20 16:00:00,390,27.21,2021-01-20 16:00:00,390
2021-01-21,3853.07,2021-01-21 16:00:00,391,21.31,2021-01-21 16:00:00,750,25.67,2021-01-21 16:00:00,390,27.23,2021-01-21 16:00:00,390
2021-01-22,3841.47,2021-01-22 16:00:00,391,21.74,2021-01-22 16:00:00,750,25.91,2021-01-22 16:00:00,390,27.51,2021-01-22 16:00:00,390
2021-01-25,3855.34,2021-01-25 16:00:00,391,23.19,2021-01-25 16:00:00,750,26.99,2021-01-25 16:00:00,390,28.36,2021-01-25 16:00:00,390
2021-01-26,3849.55,2021-01-26 16:00:00,391,23.54,2021-01-26 16:00:00,750,27.18,2021-01-26 16:00:00,390,28.57,2021-01-26 16:00:00,390
2021-01-27,3750.95,2021-01-27 16:00:00,391,31.76,2021-01-27 16:00:00,749,32.98,2021-01-27 16:00:00,390,32.98,2021-01-27 16:00:00,390
2021-01-28,3787.26,2021-01-28 16:00:00,391,30.7,2021-01-28 16:00:00,750,31.95,2021-01-28 16:00:00,390,32.34,2021-01-28 16:00:00,390
2021-01-29,3714.04,2021-01-29 16:00:00,391,32.56,2021-01-29 16:00:00,750,33.49,2021-01-29 16:00:00,390,33.7,2021-01-29 16:00:00,390
2021-02-01,3773.77,2021-02-01 16:00:00,391,29.88,2021-02-01 16:00:00,750,32.17,2021-02-01 16:00:00,390,32.53,2021-02-01 16:00:00,390
2021-02-02,3826.23,2021-02-02 16:00:00,391,26.23,2021-02-02 16:00:00,750,29.83,2021-02-02 16:00:00,390,30.87,2021-02-02 16:00:00,390
2021-02-03,3830.08,2021-02-03 16:00:00,391,23.68,2021-02-03 16:00:00,749,28.04,2021-02-03 16:00:00,390,29.61,2021-02-03 16:00:00,390
2021-02-04,3871.74,2021-02-04 16:00:00,391,21.8,2021-02-04 16:00:00,750,26.62,2021-02-04 16:00:00,390,28.59,2021-02-04 16:00:00,390
2021-02-05,3886.8,2021-02-05 16:00:00,391,20.94,2021-02-05 16:00:00,750,26.55,2021-02-05 16:00:00,390,28.63,2021-02-05 16:00:00,390
2021-02-08,3915.58,2021-02-08 16:00:00,391,21.28,2021-02-08 16:00:00,750,26.63,2021-02-08 16:00:00,390,28.73,2021-02-08 16:00:00,390
2021-02-09,3911.29,2021-02-09 16:00:00,391,21.47,2021-02-09 16:00:00,750,26.95,2021-02-09 16:00:00,390,29.18,2021-02-09 16:00:00,390
2021-02-10,3909.92,2021-02-10 16:00:00,391,22.02,2021-02-10 16:00:00,749,27.42,2021-02-10 16:00:00,390,29.87,2021-02-10 16:00:00,390
2021-02-11,3916.28,2021-02-11 16:00:00,391,21.17,2021-02-11 16:00:00,750,27.11,2021-02-11 16:00:00,390,29.53,2021-02-11 16:00:00,390
2021-02-12,3934.99,2021-02-12 16:00:00,391,19.97,2021-02-12 16:00:00,750,26.5,2021-02-12 16:00:00,390,29.42,2021-02-12 16:00:00,390
2021-02-16,3932.48,2021-02-16 16:00:00,391,21.32,2021-02-16 16:00:00,750,27.38,2021-02-16 16:00:00,390,30.04,2021-02-16 16:00:00,390
2021-02-17,3931.43,2021-02-17 16:00:00,391,21.39,2021-02-17 16:00:00,749,27.41,2021-02-17 16:00:00,390,30.17,2021-02-17 16:00:00,390
2021-02-18,3914.03,2021-02-18 16:00:00,391,22.32,2021-02-18 16:00:00,750,27.65,2021-02-18 16:00:00,390,29.63,2021-02-18 16:00:00,390
2021-02-19,3906.73,2021-02-19 16:00:00,391,21.73,2021-02-19 16:00:00,750,26.99,2021-02-19 16:00:00,390,29.25,2021-02-19 16:00:00,390
2021-02-22,3876.51,2021-02-22 16:00:00,391,23.59,2021-02-22 16:00:00,750,27.95,2021-02-22 16:00:00,390,30.08,2021-02-22 16:00:00,390
2021-02-23,3881.35,2021-02-23 16:00:00,391,22.94,2021-02-23 16:00:00,750,27.04,2021-02-23 16:00:00,390,29.35,2021-02-23 16:00:00,390
2021-02-24,3925.35,2021-02-24 16:00:00,391,21.47,2021-02-24 16:00:00,749,25.97,2021-02-24 16:00:00,390,28.83,2021-02-24 16:00:00,390
2021-02-25,3829.25,2021-02-25 16:00:00,391,29.19,2021-02-25 16:00:00,750,30.66,2021-02-25 16:00:00,390,31.94,2021-02-25 16:00:00,390
2021-02-26,3810.84,2021-02-26 16:00:00,391,27.2,2021-02-26 16:00:00,750,29.12,2021-02-26 16:00:00,390,30.64,2021-02-26 16:00:00,390
2021-03-01,3901.75,2021-03-01 16:00:00,391,23.37,2021-03-01 16:00:00,750,26.8,2021-03-01 16:00:00,390,28.92,2021-03-01 16:00:00,390
2021-03-02,3870.36,2021-03-02 16:00:00,391,24.45,2021-03-02 16:00:00,749,27.4,2021-03-02 16:00:00,390,29.61,2021-03-02 16:00:00,390
2021-03-03,3819.83,2021-03-03 16:00:00,391,26.79,2021-03-03 16:00:00,750,28.84,2021-03-03 16:00:00,390,30.54,2021-03-03 16:00:00,390
2021-03-04,3768.58,2021-03-04 16:00:00,391,28.42,2021-03-04 16:00:00,750,29.92,2021-03-04 16:00:00,390,31.45,2021-03-04 16:00:00,390
2021-03-05,3841.78,2021-03-05 16:00:00,391,24.75,2021-03-05 16:00:00,750,27.9,2021-03-05 16:00:00,390,29.88,2021-03-05 16:00:00,390
2021-03-08,3821.22,2021-03-08 16:00:00,391,26.22,2021-03-08 16:00:00,750,28.47,2021-03-08 16:00:00,390,29.79,2021-03-08 16:00:00,390
2021-03-09,3875.47,2021-03-09 16:00:00,391,23.97,2021-03-09 16:00:00,750,27.26,2021-03-09 16:00:00,390,28.99,2021-03-09 16:00:00,390
2021-03-10,3898.73,2021-03-10 16:00:00,391,22.75,2021-03-10 16:00:00,749,26.78,2021-03-10 16:00:00,390,28.79,2021-03-10 16:00:00,390
2021-03-11,3939.27,2021-03-11 16:00:00,391,21.92,2021-03-11 16:00:00,750,26.09,2021-03-11 16:00:00,390,28.21,2021-03-11 16:00:00,390
2021-03-12,3943.32,2021-03-12 16:00:00,391,20.74,2021-03-12 16:00:00,750,25.77,2021-03-12 16:00:00,390,28.12,2021-03-12 16:00:00,390
2021-03-15,3968.77,2021-03-15 16:00:00,391,19.92,2021-03-15 16:00:00,750,24.81,2021-03-15 16:00:00,390,27.41,2021-03-15 16:00:00,390
2021-03-16,3962.64,2021-03-16 16:00:00,391,20.07,2021-03-16 16:00:00,750,24.85,2021-03-16 16:00:00,390,27.35,2021-03-16 16:00:00,390
2021-03-17,3974.16,2021-03-17 16:00:00,391,19.28,2021-03-17 16:00:00,749,23.97,2021-03-17 16:00:00,390,26.59,2021-03-17 16:00:00,390
2021-03-18,3915.5,2021-03-18 16:00:00,391,21.76,2021-03-18 16:00:00,750,25.51,2021-03-18 16:00:00,390,27.74,2021-03-18 16:00:00,390
2021-03-19,3912.81,2021-03-19 16:00:00,391,20.74,2021-03-19 16:00:00,750,24.78,2021-03-19 16:00:00,390,27.24,2021-03-19 16:00:00,390
2021-03-22,3940.56,2021-03-22 16:00:00,391,18.96,2021-03-22 16:00:00,750,22.97,2021-03-22 16:00:00,390,25.48,2021-03-22 16:00:00,390
2021-03-23,3910.43,2021-03-23 16:00:00,391,20.78,2021-03-23 16:00:00,750,24.16,2021-03-23 16:00:00,390,26.3,2021-03-23 16:00:00,390
2021-03-24,3889.15,2021-03-24 16:00:00,391,21.49,2021-03-24 16:00:00,749,24.61,2021-03-24 16:00:00,390,26.69,2021-03-24 16:00:00,390
2021-03-25,3909.73,2021-03-25 16:00:00,391,20.17,2021-03-25 16:00:00,750,23.56,2021-03-25 16:00:00,390,25.84,2021-03-25 16:00:00,390
2021-03-26,3974.52,2021-03-26 16:00:00,391,19.02,2021-03-26 16:00:00,750,22.49,2021-03-26 16:00:00,390,24.94,2021-03-26 16:00:00,390
2021-03-29,3971.29,2021-03-29 16:00:00,391,20.88,2021-03-29 16:00:00,750,23.34,2021-03-29 16:00:00,390,25.54,2021-03-29 16:00:00,390
2021-03-30,3958.88,2021-03-30 16:00:00,391,19.53,2021-03-30 16:00:00,750,22.24,2021-03-30 16:00:00,390,24.56,2021-03-30 16:00:00,390
2021-03-31,3973.33,2021-03-31 16:00:00,391,18.91,2021-03-31 16:00:00,749,21.9,2021-03-31 16:00:00,390,24.19,2021-03-31 16:00:00,390
2021-04-01,4019.81,2021-04-01 16:00:00,391,17.38,2021-04-01 16:00:00,750,20.96,2021-04-01 16:00:00,390,23.53,2021-04-01 16:00:00,390
2021-04-05,4077.78,2021-04-05 16:00:00,391,17.91,2021-04-05 16:00:00,750,20.98,2021-04-05 16:00:00,390,23.42,2021-04-05 16:00:00,390
2021-04-06,4073.83,2021-04-06 16:00:00,391,18.09,2021-04-06 16:00:00,750,21.11,2021-04-06 16:00:00,390,23.35,2021-04-06 16:00:00,390
2021-04-07,4079.73,2021-04-07 16:00:00,391,17.25,2021-04-07 16:00:00,748,20.67,2021-04-07 16:00:00,390,23.02,2021-04-07 16:00:00,390
2021-04-08,4097.16,2021-04-08 16:00:00,391,16.96,2021-04-08 16:00:00,750,20.6,2021-04-08 16:00:00,390,23.01,2021-04-08 16:00:00,390
2021-04-09,4128.75,2021-04-09 16:00:00,391,16.66,2021-04-09 16:00:00,750,20.54,2021-04-09 16:00:00,390,23.08,2021-04-09 16:00:00,390
2021-04-12,4128.1,2021-04-12 16:00:00,391,16.83,2021-04-12 16:00:00,750,20.78,2021-04-12 16:00:00,390,23.16,2021-04-12 16:00:00,390
2021-04-13,4141.66,2021-04-13 16:00:00,391,16.62,2021-04-13 16:00:00,750,20.72,2021-04-13 16:00:00,390,23.07,2021-04-13 16:00:00,390
2021-04-14,4124.84,2021-04-14 16:00:00,391,17.07,2021-04-14 16:00:00,749,21.02,2021-04-14 16:00:00,390,23.53,2021-04-14 16:00:00,390
2021-04-15,4170.45,2021-04-15 16:00:00,391,16.48,2021-04-15 16:00:00,750,20.7,2021-04-15 16:00:00,390,23.24,2021-04-15 16:00:00,390
2021-04-16,4185.64,2021-04-16 16:00:00,391,16.11,2021-04-16 16:00:00,750,20.48,2021-04-16 16:00:00,390,23.15,2021-04-16 16:00:00,390
2021-04-19,4163.64,2021-04-19 16:00:00,391,17.26,2021-04-19 16:00:00,750,21.33,2021-04-19 16:00:00,390,23.76,2021-04-19 16:00:00,390
2021-04-20,4134.96,2021-04-20 16:00:00,391,18.53,2021-04-20 16:00:00,750,22.2,2021-04-20 16:00:00,390,24.36,2021-04-20 16:00:00,390
2021-04-21,4173.46,2021-04-21 16:00:00,391,17.2,2021-04-21 16:00:00,749,21.25,2021-04-21 16:00:00,390,23.66,2021-04-21 16:00:00,390
2021-04-22,4134.95,2021-04-22 16:00:00,391,18.63,2021-04-22 16:00:00,750,22.45,2021-04-22 16:00:00,390,24.6,2021-04-22 16:00:00,390
2021-04-23,4180.2,2021-04-23 16:00:00,391,17.1,2021-04-23 16:00:00,750,21.37,2021-04-23 16:00:00,390,24.05,2021-04-23 16:00:00,390
2021-04-26,4187.74,2021-04-26 16:00:00,391,17.62,2021-04-26 16:00:00,750,21.54,2021-04-26 16:00:00,390,23.83,2021-04-26 16:00:00,390
2021-04-27,4186.57,2021-04-27 16:00:00,391,17.55,2021-04-27 16:00:00,750,21.3,2021-04-27 16:00:00,390,23.66,2021-04-27 16:00:00,390
2021-04-28,4183.45,2021-04-28 16:00:00,391,17.37,2021-04-28 16:00:00,749,21.2,2021-04-28 16:00:00,390,23.65,2021-04-28 16:00:00,390
2021-04-29,4211.6,2021-04-29 16:00:00,391,17.5,2021-04-29 16:00:00,750,21.31,2021-04-29 16:00:00,390,23.68,2021-04-29 16:00:00,390
2021-04-30,4181.21,2021-04-30 16:00:00,391,18.42,2021-04-30 16:00:00,750,21.93,2021-04-30 16:00:00,390,24.06,2021-04-30 16:00:00,390
2021-05-03,4192.65,2021-05-03 16:00:00,391,18.16,2021-05-03 16:00:00,750,21.75,2021-05-03 16:00:00,390,23.91,2021-05-03 16:00:00,390
2021-05-04,4165.05,2021-05-04 16:00:00,391,19.25,2021-05-04 16:00:00,750,22.59,2021-05-04 16:00:00,390,24.56,2021-05-04 16:00:00,390
2021-05-05,4167.63,2021-05-05 16:00:00,391,19.04,2021-05-05 16:00:00,749,22.24,2021-05-05 16:00:00,390,24.3,2021-05-05 16:00:00,390
2021-05-06,4201.55,2021-05-06 16:00:00,391,18.35,2021-05-06 16:00:00,750,21.86,2021-05-06 16:00:00,390,23.9,2021-05-06 16:00:00,390
2021-05-07,4232.43,2021-05-07 16:00:00,391,16.79,2021-05-07 16:00:00,750,20.88,2021-05-07 16:00:00,390,23.19,2021-05-07 16:00:00,390
2021-05-10,4188.51,2021-05-10 16:00:00,391,19.37,2021-05-10 16:00:00,750,22.33,2021-05-10 16:00:00,390,24.26,2021-05-10 16:00:00,390
2021-05-11,4152.1,2021-05-11 16:00:00,391,21.34,2021-05-11 16:00:00,750,23.81,2021-05-11 16:00:00,390,25.38,2021-05-11 16:00:00,390
2021-05-12,4062.9,2021-05-12 16:00:00,391,27.4,2021-05-12 16:00:00,749,28.17,2021-05-12 16:00:00,390,28.47,2021-05-12 16:00:00,390
2021-05-13,4112.43,2021-05-13 16:00:00,391,23.32,2021-05-13 16:00:00,750,25.2,2021-05-13 16:00:00,390,26.34,2021-05-13 16:00:00,390
2021-05-14,4173.74,2021-05-14 16:00:00,391,18.97,2021-05-14 16:00:00,750,22.34,2021-05-14 16:00:00,390,24.29,2021-05-14 16:00:00,390
2021-05-17,4163.29,2021-05-17 16:00:00,391,19.99,2021-05-17 16:00:00,750,23.3,2021-05-17 16:00:00,390,25.26,2021-05-17 16:00:00,390
2021-05-18,4127.74,2021-05-18 16:00:00,391,21.44,2021-05-18 16:00:00,750,24.34,2021-05-18 16:00:00,390,26.2,2021-05-18 16:00:00,390
2021-05-19,4115.96,2021-05-19 16:00:00,391,21.89,2021-05-19 16:00:00,748,24.94,2021-05-19 16:00:00,390,26.63,2021-05-19 16:00:00,390
2021-05-20,4159.24,2021-05-20 16:00:00,391,20.63,2021-05-20 16:00:00,750,23.85,2021-05-20 16:00:00,390,25.78,2021-05-20 16:00:00,390
2021-05-21,4156.08,2021-05-21 16:00:00,391,20.04,2021-05-21 16:00:00,750,23.43,2021-05-21 16:00:00,390,25.5,2021-05-21 16:00:00,390
2021-05-24,4197.16,2021-05-24 16:00:00,391,18.51,2021-05-24 16:00:00,750,22.29,2021-05-24 16:00:00,390,24.52,2021-05-24 16:00:00,390
2021-05-25,4188.17,2021-05-25 16:00:00,391,18.86,2021-05-25 16:00:00,750,22.46,2021-05-25 16:00:00,390,24.65,2021-05-25 16:00:00,390
2021-05-26,4196.06,2021-05-26 16:00:00,391,17.44,2021-05-26 16:00:00,749,21.35,2021-05-26 16:00:00,390,23.88,2021-05-26 16:00:00,390
2021-05-27,4200.48,2021-05-27 16:00:00,391,16.96,2021-05-27 16:00:00,750,20.48,2021-05-27 16:00:00,390,23.23,2021-05-27 16:00:00,390
2021-05-28,4204.32,2021-05-28 16:00:00,391,16.61,2021-05-28 16:00:00,750,20.34,2021-05-28 16:00:00,390,22.96,2021-05-28 16:00:00,390
2021-06-01,4202.03,2021-06-01 16:00:00,391,18.05,2021-06-01 16:00:00,750,21.49,2021-06-01 16:00:00,390,23.86,2021-06-01 16:00:00,390
2021-06-02,4208.17,2021-06-02 16:00:00,391,17.34,2021-06-02 16:00:00,749,21.29,2021-06-02 16:00:00,390,23.88,2021-06-02 16:00:00,390
2021-06-03,4192.82,2021-06-03 16:00:00,391,18.02,2021-06-03 16:00:00,750,21.8,2021-06-03 16:00:00,390,24.1,2021-06-03 16:00:00,390
2021-06-04,4229.99,2021-06-04 16:00:00,391,16.52,2021-06-04 16:00:00,750,20.64,2021-06-04 16:00:00,390,23.3,2021-06-04 16:00:00,390
2021-06-07,4226.47,2021-06-07 16:00:00,391,16.41,2021-06-07 16:00:00,750,20.5,2021-06-07 16:00:00,390,23.19,2021-06-07 16:00:00,390
2021-06-08,4227.23,2021-06-08 16:00:00,391,16.98,2021-06-08 16:00:00,750,20.77,2021-06-08 16:00:00,390,23.29,2021-06-08 16:00:00,390
2021-06-09,4219.61,2021-06-09 16:00:00,391,17.94,2021-06-09 16:00:00,749,21.32,2021-06-09 16:00:00,390,23.62,2021-06-09 16:00:00,390
2021-06-10,4239.33,2021-06-10 16:00:00,391,16.02,2021-06-10 16:00:00,750,19.97,2021-06-10 16:00:00,390,22.5,2021-06-10 16:00:00,390
2021-06-11,4247.47,2021-06-11 16:00:00,391,15.73,2021-06-11 16:00:00,750,19.58,2021-06-11 16:00:00,390,22.24,2021-06-11 16:00:00,390
2021-06-14,4255.2,2021-06-14 16:00:00,391,16.27,2021-06-14 16:00:00,750,20.11,2021-06-14 16:00:00,390,22.65,2021-06-14 16:00:00,390
2021-06-15,4246.82,2021-06-15 16:00:00,391,16.97,2021-06-15 16:00:00,750,20.65,2021-06-15 16:00:00,390,23.08,2021-06-15 16:00:00,390
2021-06-16,4223.76,2021-06-16 16:00:00,391,17.94,2021-06-16 16:00:00,750,21.06,2021-06-16 16:00:00,390,23.24,2021-06-16 16:00:00,390
2021-06-17,4221.94,2021-06-17 16:00:00,391,17.63,2021-06-17 16:00:00,750,20.8,2021-06-17 16:00:00,390,23.05,2021-06-17 16:00:00,390
2021-06-18,4166.38,2021-06-18 16:00:00,391,20.75,2021-06-18 16:00:00,750,23.02,2021-06-18 16:00:00,390,24.61,2021-06-18 16:00:00,390
2021-06-21,4224.7,2021-06-21 16:00:00,391,17.98,2021-06-21 16:00:00,750,21.02,2021-06-21 16:00:00,390,23.32,2021-06-21 16:00:00,390
2021-06-22,4246.46,2021-06-22 16:00:00,390,16.74,2021-06-22 16:00:00,748,20.18,2021-06-22 16:00:00,388,22.81,2021-06-22 16:00:00,388
2021-06-23,4241.89,2021-06-23 16:00:00,391,16.3,2021-06-23 16:00:00,749,19.71,2021-06-23 16:00:00,390,22.29,2021-06-23 16:00:00,390
2021-06-24,4266.5,2021-06-24 16:00:00,391,16.01,2021-06-24 16:00:00,750,19.3,2021-06-24 16:00:00,390,21.94,2021-06-24 16:00:00,390
2021-06-25,4280.79,2021-06-25 16:00:00,391,15.34,2021-06-25 16:00:00,750,18.89,2021-06-25 16:00:00,390,21.75,2021-06-25 16:00:00,390
2021-06-28,4290.57,2021-06-28 16:00:00,391,15.87,2021-06-28 16:00:00,750,19.1,2021-06-28 16:00:00,390,21.91,2021-06-28 16:00:00,390
2021-06-29,4292.07,2021-06-29 16:00:00,391,16.15,2021-06-29 16:00:00,750,19.57,2021-06-29 16:00:00,390,22.25,2021-06-29 16:00:00,390
2021-06-30,4297.32,2021-06-30 16:00:00,391,15.67,2021-06-30 16:00:00,750,19.44,2021-06-30 16:00:00,390,22.26,2021-06-30 16:00:00,390
2021-07-01,4319.81,2021-07-01 16:00:00,391,15.34,2021-07-01 16:00:00,750,19.35,2021-07-01 16:00:00,390,22.18,2021-07-01 16:00:00,390
2021-07-02,4352.45,2021-07-02 16:00:00,391,15.12,2021-07-02 16:00:00,750,19.25,2021-07-02 16:00:00,390,21.93,2021-07-02 16:00:00,390
2021-07-06,4343.6,2021-07-06 16:00:00,391,16.33,2021-07-06 16:00:00,750,20.2,2021-07-06 16:00:00,390,22.48,2021-07-06 16:00:00,390
2021-07-07,4358.35,2021-07-07 16:00:00,391,16.24,2021-07-07 16:00:00,749,20.43,2021-07-07 16:00:00,390,22.69,2021-07-07 16:00:00,390
2021-07-08,4321.07,2021-07-08 16:00:00,391,18.82,2021-07-08 16:00:00,750,21.88,2021-07-08 16:00:00,390,23.57,2021-07-08 16:00:00,390
2021-07-09,4369.5,2021-07-09 16:00:00,391,16.23,2021-07-09 16:00:00,750,20.45,2021-07-09 16:00:00,390,22.66,2021-07-09 16:00:00,390
2021-07-12,4384.75,2021-07-12 16:00:00,391,16.23,2021-07-12 16:00:00,750,20.54,2021-07-12 16:00:00,390,22.79,2021-07-12 16:00:00,390
2021-07-13,4369.32,2021-07-13 16:00:00,391,17.07,2021-07-13 16:00:00,750,20.99,2021-07-13 16:00:00,390,23.22,2021-07-13 16:00:00,390
2021-07-14,4374.49,2021-07-14 16:00:00,391,16.23,2021-07-14 16:00:00,749,20.56,2021-07-14 16:00:00,390,23.01,2021-07-14 16:00:00,390
2021-07-15,4360.01,2021-07-15 16:00:00,391,16.85,2021-07-15 16:00:00,750,20.96,2021-07-15 16:00:00,390,23.16,2021-07-15 16:00:00,390
2021-07-16,4327.09,2021-07-16 16:00:00,391,18.16,2021-07-16 16:00:00,750,21.89,2021-07-16 16:00:00,390,23.82,2021-07-16 16:00:00,390
2021-07-19,4258.8,2021-07-19 16:00:00,391,22.61,2021-07-19 16:00:00,750,24.98,2021-07-19 16:00:00,390,25.85,2021-07-19 16:00:00,390
2021-07-20,4323.2,2021-07-20 16:00:00,391,19.86,2021-07-20 16:00:00,750,23.15,2021-07-20 16:00:00,390,24.6,2021-07-20 16:00:00,390
2021-07-21,4358.65,2021-07-21 16:00:00,391,17.81,2021-07-21 16:00:00,749,21.86,2021-07-21 16:00:00,390,23.85,2021-07-21 16:00:00,390
2021-07-22,4367.5,2021-07-22 16:00:00,391,17.74,2021-07-22 16:00:00,750,21.88,2021-07-22 16:00:00,390,23.77,2021-07-22 16:00:00,390
2021-07-23,4411.81,2021-07-23 16:00:00,391,17.13,2021-07-23 16:00:00,750,21.64,2021-07-23 16:00:00,390,23.58,2021-07-23 16:00:00,390
2021-07-26,4422.22,2021-07-26 16:00:00,391,17.59,2021-07-26 16:00:00,750,21.79,2021-07-26 16:00:00,390,23.7,2021-07-26 16:00:00,390
2021-07-27,4401.7,2021-07-27 16:00:00,391,18.87,2021-07-27 16:00:00,750,22.73,2021-07-27 16:00:00,390,24.49,2021-07-27 16:00:00,390
2021-07-28,4400.64,2021-07-28 16:00:00,391,18.11,2021-07-28 16:00:00,749,22.21,2021-07-28 16:00:00,390,24.28,2021-07-28 16:00:00,390
2021-07-29,4419.01,2021-07-29 16:00:00,391,17.36,2021-07-29 16:00:00,750,21.71,2021-07-29 16:00:00,390,24.02,2021-07-29 16:00:00,390
2021-07-30,4395.29,2021-07-30 16:00:00,391,18.0,2021-07-30 16:00:00,750,22.1,2021-07-30 16:00:00,390,24.29,2021-07-30 16:00:00,390
2021-08-02,4387.11,2021-08-02 16:00:00,391,19.58,2021-08-02 16:00:00,750,23.15,2021-08-02 16:00:00,390,25.09,2021-08-02 16:00:00,390
2021-08-03,4423.31,2021-08-03 16:00:00,391,17.83,2021-08-03 16:00:00,750,22.07,2021-08-03 16:00:00,390,24.32,2021-08-03 16:00:00,390
2021-08-04,4402.69,2021-08-04 16:00:00,391,18.12,2021-08-04 16:00:00,749,22.23,2021-08-04 16:00:00,390,24.43,2021-08-04 16:00:00,390
2021-08-05,4429.13,2021-08-05 16:00:00,391,17.27,2021-08-05 16:00:00,750,21.51,2021-08-05 16:00:00,390,23.97,2021-08-05 16:00:00,390
2021-08-06,4436.54,2021-08-06 16:00:00,391,16.29,2021-08-06 16:00:00,750,20.93,2021-08-06 16:00:00,390,23.71,2021-08-06 16:00:00,390
2021-08-09,4432.41,2021-08-09 16:00:00,391,16.79,2021-08-09 16:00:00,750,21.34,2021-08-09 16:00:00,390,24.18,2021-08-09 16:00:00,390
2021-08-10,4436.82,2021-08-10 16:00:00,391,16.7,2021-08-10 16:00:00,750,21.16,2021-08-10 16:00:00,390,24.02,2021-08-10 16:00:00,390
2021-08-11,4447.77,2021-08-11 16:00:00,391,16.02,2021-08-11 16:00:00,750,20.65,2021-08-11 16:00:00,390,23.27,2021-08-11 16:00:00,390
2021-08-12,4460.82,2021-08-12 16:00:00,391,15.72,2021-08-12 16:00:00,750,20.34,2021-08-12 16:00:00,390,22.96,2021-08-12 16:00:00,390
2021-08-13,4468.09,2021-08-13 16:00:00,391,15.29,2021-08-13 16:00:00,750,20.15,2021-08-13 16:00:00,390,22.85,2021-08-13 16:00:00,390
2021-08-16,4479.66,2021-08-16 16:00:00,391,16.03,2021-08-16 16:00:00,750,20.5,2021-08-16 16:00:00,390,23.1,2021-08-16 16:00:00,390
2021-08-17,4448.34,2021-08-17 16:00:00,391,17.65,2021-08-17 16:00:00,750,21.63,2021-08-17 16:00:00,390,24.09,2021-08-17 16:00:00,390
2021-08-18,4400.33,2021-08-18 16:00:00,391,20.9,2021-08-18 16:00:00,750,23.46,2021-08-18 16:00:00,390,25.29,2021-08-18 16:00:00,390
2021-08-19,4405.85,2021-08-19 16:00:00,391,21.68,2021-08-19 16:00:00,750,24.12,2021-08-19 16:00:00,390,25.77,2021-08-19 16:00:00,390
2021-08-20,4441.62,2021-08-20 16:00:00,391,18.46,2021-08-20 16:00:00,750,22.23,2021-08-20 16:00:00,390,24.49,2021-08-20 16:00:00,390
2021-08-23,4479.51,2021-08-23 16:00:00,391,17.2,2021-08-23 16:00:00,750,21.23,2021-08-23 16:00:00,390,23.97,2021-08-23 16:00:00,390
2021-08-24,4486.27,2021-08-24 16:00:00,391,17.2,2021-08-24 16:00:00,750,21.26,2021-08-24 16:00:00,390,24.05,2021-08-24 16:00:00,390
2021-08-25,4496.15,2021-08-25 16:00:00,391,16.58,2021-08-25 16:00:00,750,20.72,2021-08-25 16:00:00,390,23.58,2021-08-25 16:00:00,390
2021-08-26,4469.99,2021-08-26 16:00:00,391,18.71,2021-08-26 16:00:00,750,21.73,2021-08-26 16:00:00,390,24.36,2021-08-26 16:00:00,390
2021-08-27,4509.38,2021-08-27 16:00:00,391,16.39,2021-08-27 16:00:00,750,20.48,2021-08-27 16:00:00,390,23.47,2021-08-27 16:00:00,390
2021-08-30,4528.76,2021-08-30 16:00:00,391,16.13,2021-08-30 16:00:00,750,20.42,2021-08-30 16:00:00,390,23.49,2021-08-30 16:00:00,390
2021-08-31,4522.57,2021-08-31 16:00:00,391,16.51,2021-08-31 16:00:00,750,20.5,2021-08-31 16:00:00,390,23.56,2021-08-31 16:00:00,390
2021-09-01,4524.17,2021-09-01 16:00:00,391,15.96,2021-09-01 16:00:00,750,20.09,2021-09-01 16:00:00,390,23.28,2021-09-01 16:00:00,390
2021-09-02,4536.97,2021-09-02 16:00:00,391,16.33,2021-09-02 16:00:00,750,20.06,2021-09-02 16:00:00,390,23.3,2021-09-02 16:00:00,390
2021-09-03,4535.54,2021-09-03 16:00:00,391,16.31,2021-09-03 16:00:00,750,20.3,2021-09-03 16:00:00,390,23.47,2021-09-03 16:00:00,390
2021-09-07,4520.14,2021-09-07 16:00:00,391,17.9,2021-09-07 16:00:00,750,21.42,2021-09-07 16:00:00,390,24.22,2021-09-07 16:00:00,390
2021-09-08,4514.15,2021-09-08 16:00:00,391,17.83,2021-09-08 16:00:00,750,21.47,2021-09-08 16:00:00,390,24.27,2021-09-08 16:00:00,390
2021-09-09,4493.26,2021-09-09 16:00:00,391,18.73,2021-09-09 16:00:00,750,21.96,2021-09-09 16:00:00,390,24.58,2021-09-09 16:00:00,390
2021-09-10,4458.55,2021-09-10 16:00:00,391,20.9,2021-09-10 16:00:00,750,23.2,2021-09-10 16:00:00,390,25.27,2021-09-10 16:00:00,390
2021-09-13,4468.75,2021-09-13 16:00:00,391,19.35,2021-09-13 16:00:00,750,22.52,2021-09-13 16:00:00,390,24.83,2021-09-13 16:00:00,390
2021-09-14,4443.23,2021-09-14 16:00:00,391,19.68,2021-09-14 16:00:00,750,22.75,2021-09-14 16:00:00,390,25.0,2021-09-14 16:00:00,390
2021-09-15,4480.88,2021-09-15 16:00:00,391,18.18,2021-09-15 16:00:00,750,21.77,2021-09-15 16:00:00,390,24.32,2021-09-15 16:00:00,390
2021-09-16,4473.9,2021-09-16 16:00:00,391,18.69,2021-09-16 16:00:00,750,21.82,2021-09-16 16:00:00,390,24.38,2021-09-16 16:00:00,390
2021-09-17,4432.7,2021-09-17 16:00:00,391,21.15,2021-09-17 16:00:00,750,23.44,2021-09-17 16:00:00,390,25.25,2021-09-17 16:00:00,390
2021-09-20,4357.64,2021-09-20 16:00:00,391,24.99,2021-09-20 16:00:00,750,25.98,2021-09-20 16:00:00,390,26.93,2021-09-20 16:00:00,390
2021-09-21,4354.16,2021-09-21 16:00:00,391,24.06,2021-09-21 16:00:00,750,25.2,2021-09-21 16:00:00,390,26.55,2021-09-21 16:00:00,390
2021-09-22,4395.65,2021-09-22 16:00:00,391,21.08,2021-09-22 16:00:00,750,23.15,2021-09-22 16:00:00,390,25.16,2021-09-22 16:00:00,390
2021-09-23,4448.94,2021-09-23 16:00:00,391,18.76,2021-09-23 16:00:00,750,21.44,2021-09-23 16:00:00,390,23.99,2021-09-23 16:00:00,390
2021-09-24,4455.57,2021-09-24 16:00:00,391,17.85,2021-09-24 16:00:00,750,20.93,2021-09-24 16:00:00,390,23.84,2021-09-24 16:00:00,390
2021-09-27,4443.18,2021-09-27 16:00:00,391,18.69,2021-09-27 16:00:00,751,21.36,2021-09-27 16:00:00,390,24.12,2021-09-27 16:00:00,390
2021-09-28,4352.61,2021-09-28 16:00:00,391,23.1,2021-09-28 16:00:00,751,23.99,2021-09-28 16:00:00,390,26.05,2021-09-28 16:00:00,390
2021-09-29,4359.49,2021-09-29 16:00:00,391,22.79,2021-09-29 16:00:00,750,23.85,2021-09-29 16:00:00,390,25.97,2021-09-29 16:00:00,390
2021-09-30,4307.44,2021-09-30 16:00:00,391,23.54,2021-09-30 16:00:00,751,24.2,2021-09-30 16:00:00,390,26.22,2021-09-30 16:00:00,390
2021-10-01,4357.09,2021-10-01 16:00:00,391,21.23,2021-10-01 16:00:00,751,23.07,2021-10-01 16:00:00,390,25.22,2021-10-01 16:00:00,390
2021-10-04,4300.48,2021-10-04 16:00:00,391,22.93,2021-10-04 16:00:00,751,24.1,2021-10-04 16:00:00,390,26.06,2021-10-04 16:00:00,390
2021-10-05,4345.7,2021-10-05 16:00:00,391,21.43,2021-10-05 16:00:00,751,23.17,2021-10-05 16:00:00,390,25.34,2021-10-05 16:00:00,390
2021-10-06,4363.62,2021-10-06 16:00:00,391,21.07,2021-10-06 16:00:00,749,22.91,2021-10-06 16:00:00,390,25.09,2021-10-06 16:00:00,390
2021-10-07,4399.83,2021-10-07 16:00:00,391,19.48,2021-10-07 16:00:00,751,22.12,2021-10-07 16:00:00,390,24.66,2021-10-07 16:00:00,390
2021-10-08,4391.42,2021-10-08 16:00:00,391,18.77,2021-10-08 16:00:00,751,21.87,2021-10-08 16:00:00,390,24.46,2021-10-08 16:00:00,390
2021-10-11,4361.05,2021-10-11 16:00:00,391,20.05,2021-10-11 16:00:00,751,22.49,2021-10-11 16:00:00,390,24.82,2021-10-11 16:00:00,390
2021-10-12,4350.61,2021-10-12 16:00:00,391,19.69,2021-10-12 16:00:00,751,22.2,2021-10-12 16:00:00,390,24.57,2021-10-12 16:00:00,390
2021-10-13,4363.94,2021-10-13 16:00:00,391,18.55,2021-10-13 16:00:00,750,21.46,2021-10-13 16:00:00,390,24.01,2021-10-13 16:00:00,390
2021-10-14,4438.22,2021-10-14 16:00:00,391,16.87,2021-10-14 16:00:00,751,20.37,2021-10-14 16:00:00,390,23.28,2021-10-14 16:00:00,390
2021-10-15,4471.48,2021-10-15 16:00:00,391,16.32,2021-10-15 16:00:00,751,20.31,2021-10-15 16:00:00,390,23.4,2021-10-15 16:00:00,390
2021-10-18,4486.39,2021-10-18 16:00:00,391,16.34,2021-10-18 16:00:00,751,20.35,2021-10-18 16:00:00,390,23.68,2021-10-18 16:00:00,390
2021-10-19,4519.76,2021-10-19 16:00:00,391,15.62,2021-10-19 16:00:00,751,19.94,2021-10-19 16:00:00,390,23.2,2021-10-19 16:00:00,390
2021-10-20,4536.37,2021-10-20 16:00:00,391,15.52,2021-10-20 16:00:00,750,19.9,2021-10-20 16:00:00,390,23.1,2021-10-20 16:00:00,390
2021-10-21,4549.78,2021-10-21 16:00:00,391,14.96,2021-10-21 16:00:00,751,19.43,2021-10-21 16:00:00,390,22.79,2021-10-21 16:00:00,390
2021-10-22,4544.98,2021-10-22 16:00:00,391,15.51,2021-10-22 16:00:00,751,20.02,2021-10-22 16:00:00,390,23.25,2021-10-22 16:00:00,390
2021-10-25,4566.92,2021-10-25 16:00:00,391,15.11,2021-10-25 16:00:00,751,19.53,2021-10-25 16:00:00,390,22.73,2021-10-25 16:00:00,390
2021-10-26,4574.67,2021-10-26 16:00:00,391,16.04,2021-10-26 16:00:00,751,20.12,2021-10-26 16:00:00,390,23.06,2021-10-26 16:00:00,390
2021-10-27,4551.68,2021-10-27 16:00:00,391,17.17,2021-10-27 16:00:00,750,21.03,2021-10-27 16:00:00,390,23.82,2021-10-27 16:00:00,390
2021-10-28,4596.36,2021-10-28 16:00:00,391,16.25,2021-10-28 16:00:00,751,20.31,2021-10-28 16:00:00,390,23.29,2021-10-28 16:00:00,390
2021-10-29,4605.36,2021-10-29 16:00:00,391,16.3,2021-10-29 16:00:00,751,20.41,2021-10-29 16:00:00,390,23.38,2021-10-29 16:00:00,390
2021-11-01,4613.67,2021-11-01 16:00:00,391,16.4,2021-11-01 16:00:00,751,20.47,2021-11-01 16:00:00,390,23.39,2021-11-01 16:00:00,390
2021-11-02,4630.71,2021-11-02 16:00:00,391,15.98,2021-11-02 16:00:00,751,20.05,2021-11-02 16:00:00,390,23.12,2021-11-02 16:00:00,390
2021-11-03,4660.56,2021-11-03 16:00:00,391,15.27,2021-11-03 16:00:00,750,19.55,2021-11-03 16:00:00,390,22.67,2021-11-03 16:00:00,390
2021-11-04,4680.18,2021-11-04 16:00:00,391,15.51,2021-11-04 16:00:00,751,19.74,2021-11-04 16:00:00,390,22.86,2021-11-04 16:00:00,390
2021-11-05,4697.6,2021-11-05 16:00:00,391,16.52,2021-11-05 16:00:00,751,20.54,2021-11-05 16:00:00,390,23.5,2021-11-05 16:00:00,390
2021-11-08,4701.72,2021-11-08 16:00:00,391,17.18,2021-11-08 16:00:00,751,20.98,2021-11-08 16:00:00,390,23.81,2021-11-08 16:00:00,390
2021-11-09,4685.3,2021-11-09 16:00:00,391,17.79,2021-11-09 16:00:00,751,21.41,2021-11-09 16:00:00,390,24.11,2021-11-09 16:00:00,390
2021-11-10,4646.71,2021-11-10 16:00:00,391,18.8,2021-11-10 16:00:00,750,22.02,2021-11-10 16:00:00,390,24.48,2021-11-10 16:00:00,390
2021-11-11,4649.27,2021-11-11 16:00:00,391,17.75,2021-11-11 16:00:00,751,21.42,2021-11-11 16:00:00,390,24.06,2021-11-11 16:00:00,390
2021-11-12,4682.82,2021-11-12 16:00:00,391,16.34,2021-11-12 16:00:00,751,20.81,2021-11-12 16:00:00,390,23.76,2021-11-12 16:00:00,390
2021-11-15,4682.88,2021-11-15 16:00:00,391,16.54,2021-11-15 16:00:00,751,20.89,2021-11-15 16:00:00,390,23.89,2021-11-15 16:00:00,390
2021-11-16,4701.16,2021-11-16 16:00:00,391,16.42,2021-11-16 16:00:00,751,20.86,2021-11-16 16:00:00,390,23.91,2021-11-16 16:00:00,390
2021-11-17,4688.75,2021-11-17 16:00:00,391,17.06,2021-11-17 16:00:00,750,21.56,2021-11-17 16:00:00,390,24.65,2021-11-17 16:00:00,390
2021-11-18,4704.57,2021-11-18 16:00:00,391,17.42,2021-11-18 16:00:00,751,21.76,2021-11-18 16:00:00,390,24.74,2021-11-18 16:00:00,390
2021-11-19,4697.98,2021-11-19 16:00:00,391,18.06,2021-11-19 16:00:00,751,22.03,2021-11-19 16:00:00,390,24.95,2021-11-19 16:00:00,390
2021-11-22,4682.93,2021-11-22 16:00:00,391,19.54,2021-11-22 16:00:00,751,22.83,2021-11-22 16:00:00,390,25.59,2021-11-22 16:00:00,390
2021-11-23,4690.72,2021-11-23 16:00:00,391,19.14,2021-11-23 16:00:00,750,22.32,2021-11-23 16:00:00,390,25.19,2021-11-23 16:00:00,390
2021-11-24,4701.54,2021-11-24 16:00:00,391,18.57,2021-11-24 16:00:00,751,21.93,2021-11-24 16:00:00,390,24.96,2021-11-24 16:00:00,390
2021-11-26,4594.62,2021-11-26 14:12:00,232,28.62,2021-11-26 13:15:00,534,29.17,2021-11-26 13:14:00,224,29.88,2021-11-26 13:14:00,224
2021-11-29,4655.12,2021-11-29 16:00:00,391,22.56,2021-11-29 16:00:00,751,24.63,2021-11-29 16:00:00,390,26.7,2021-11-29 16:00:00,390
2021-11-30,4566.97,2021-11-30 16:00:00,391,27.35,2021-11-30 16:00:00,751,28.29,2021-11-30 16:00:00,390,29.12,2021-11-30 16:00:00,390
2021-12-01,4512.91,2021-12-01 16:00:00,391,31.94,2021-12-01 16:00:00,750,31.43,2021-12-01 16:00:00,390,31.5,2021-12-01 16:00:00,390
2021-12-02,4577.34,2021-12-02 16:00:00,391,27.78,2021-12-02 16:00:00,751,29.05,2021-12-02 16:00:00,390,29.81,2021-12-02 16:00:00,390
2021-12-03,4538.42,2021-12-03 16:00:00,391,30.78,2021-12-03 16:00:00,751,31.75,2021-12-03 16:00:00,390,31.5,2021-12-03 16:00:00,390
2021-12-06,4591.76,2021-12-06 16:00:00,391,27.5,2021-12-06 16:00:00,751,29.15,2021-12-06 16:00:00,390,29.94,2021-12-06 16:00:00,390
2021-12-07,4686.85,2021-12-07 16:00:00,391,22.04,2021-12-07 16:00:00,751,25.16,2021-12-07 16:00:00,390,26.95,2021-12-07 16:00:00,390
2021-12-08,4701.18,2021-12-08 16:00:00,391,19.99,2021-12-08 16:00:00,750,23.81,2021-12-08 16:00:00,390,26.13,2021-12-08 16:00:00,390
2021-12-09,4667.53,2021-12-09 16:00:00,391,21.62,2021-12-09 16:00:00,751,24.76,2021-12-09 16:00:00,390,26.76,2021-12-09 16:00:00,390
2021-12-10,4712.05,2021-12-10 16:00:00,391,18.76,2021-12-10 16:00:00,751,23.21,2021-12-10 16:00:00,390,26.05,2021-12-10 16:00:00,390
2021-12-13,4669.21,2021-12-13 16:00:00,391,20.45,2021-12-13 16:00:00,751,24.43,2021-12-13 16:00:00,390,26.99,2021-12-13 16:00:00,390
2021-12-14,4634.3,2021-12-14 16:00:00,391,21.71,2021-12-14 16:00:00,751,25.16,2021-12-14 16:00:00,390,27.77,2021-12-14 16:00:00,390
2021-12-15,4709.75,2021-12-15 16:00:00,391,19.19,2021-12-15 16:00:00,750,23.23,2021-12-15 16:00:00,390,26.19,2021-12-15 16:00:00,390
2021-12-16,4668.54,2021-12-16 16:00:00,391,20.97,2021-12-16 16:00:00,751,24.63,2021-12-16 16:00:00,390,27.66,2021-12-16 16:00:00,390
2021-12-17,4620.55,2021-12-17 16:00:00,391,21.93,2021-12-17 16:00:00,751,25.61,2021-12-17 16:00:00,390,28.13,2021-12-17 16:00:00,390
2021-12-20,4568.18,2021-12-20 16:00:00,391,23.21,2021-12-20 16:00:00,751,26.61,2021-12-20 16:00:00,390,28.57,2021-12-20 16:00:00,390
2021-12-21,4649.24,2021-12-21 16:00:00,391,21.08,2021-12-21 16:00:00,751,25.04,2021-12-21 16:00:00,390,27.53,2021-12-21 16:00:00,390
2021-12-22,4696.53,2021-12-22 16:00:00,391,18.74,2021-12-22 16:00:00,750,23.62,2021-12-22 16:00:00,390,26.67,2021-12-22 16:00:00,390
2021-12-23,4725.72,2021-12-23 16:00:00,391,17.98,2021-12-23 16:00:00,751,23.26,2021-12-23 16:00:00,390,26.48,2021-12-23 16:00:00,390
2021-12-27,4791.33,2021-12-27 16:00:00,391,17.58,2021-12-27 16:00:00,751,22.72,2021-12-27 16:00:00,390,26.02,2021-12-27 16:00:00,390
2021-12-28,4786.49,2021-12-28 16:00:00,391,17.65,2021-12-28 16:00:00,751,22.41,2021-12-28 16:00:00,390,25.88,2021-12-28 16:00:00,390
2021-12-29,4793.14,2021-12-29 16:00:00,391,17.02,2021-12-29 16:00:00,750,21.86,2021-12-29 16:00:00,390,25.44,2021-12-29 16:00:00,390
2021-12-30,4778.81,2021-12-30 16:00:00,391,17.48,2021-12-30 16:00:00,751,22.0,2021-12-30 16:00:00,390,25.49,2021-12-30 16:00:00,390
2021-12-31,4766.24,2021-12-31 16:00:00,391,17.32,2021-12-31 16:00:00,751,21.91,2021-12-31 16:00:00,390,25.12,2021-12-31 16:00:00,390
2022-01-03,4796.59,2022-01-03 16:00:00,391,16.63,2022-01-03 16:00:00,751,21.47,2022-01-03 16:00:00,390,24.76,2022-01-03 16:00:00,390
2022-01-04,4793.53,2022-01-04 16:00:00,391,16.86,2022-01-04 16:00:00,751,21.65,2022-01-04 16:00:00,390,24.84,2022-01-04 16:00:00,390
2022-01-05,4700.67,2022-01-05 16:00:00,391,19.97,2022-01-05 16:00:00,750,23.61,2022-01-05 16:00:00,390,26.18,2022-01-05 16:00:00,390
2022-01-06,4696.05,2022-01-06 16:00:00,391,19.76,2022-01-06 16:00:00,751,23.49,2022-01-06 16:00:00,390,25.94,2022-01-06 16:00:00,390
2022-01-07,4677.02,2022-01-07 16:00:00,391,18.9,2022-01-07 16:00:00,751,22.81,2022-01-07 16:00:00,390,25.44,2022-01-07 16:00:00,390
2022-01-10,4670.29,2022-01-10 16:00:00,391,19.4,2022-01-10 16:00:00,751,22.72,2022-01-10 16:00:00,390,25.31,2022-01-10 16:00:00,390
2022-01-11,4713.1,2022-01-11 16:00:00,391,18.32,2022-01-11 16:00:00,751,21.93,2022-01-11 16:00:00,390,24.61,2022-01-11 16:00:00,390
2022-01-12,4726.43,2022-01-12 16:00:00,391,17.65,2022-01-12 16:00:00,750,21.59,2022-01-12 16:00:00,390,24.42,2022-01-12 16:00:00,390
2022-01-13,4659.25,2022-01-13 16:00:00,391,20.05,2022-01-13 16:00:00,751,23.25,2022-01-13 16:00:00,390,25.59,2022-01-13 16:00:00,390
2022-01-14,4662.82,2022-01-14 16:00:00,391,19.28,2022-01-14 16:00:00,751,22.74,2022-01-14 16:00:00,390,25.13,2022-01-14 16:00:00,390
2022-01-18,4577.34,2022-01-18 16:00:00,391,22.88,2022-01-18 16:00:00,751,25.15,2022-01-18 16:00:00,390,26.8,2022-01-18 16:00:00,390
2022-01-19,4532.89,2022-01-19 16:00:00,391,23.89,2022-01-19 16:00:00,750,25.89,2022-01-19 16:00:00,390,27.24,2022-01-19 16:00:00,390
2022-01-20,4482.56,2022-01-20 16:00:00,391,25.59,2022-01-20 16:00:00,751,27.24,2022-01-20 16:00:00,390,28.06,2022-01-20 16:00:00,390
2022-01-21,4397.73,2022-01-21 16:00:00,391,29.37,2022-01-21 16:00:00,751,29.99,2022-01-21 16:00:00,390,30.11,2022-01-21 16:00:00,390
2022-01-24,4410.5,2022-01-24 16:00:00,391,29.76,2022-01-24 16:00:00,751,30.76,2022-01-24 16:00:00,390,30.83,2022-01-24 16:00:00,390
2022-01-25,4356.45,2022-01-25 16:00:00,391,30.67,2022-01-25 16:00:00,751,31.38,2022-01-25 16:00:00,390,30.92,2022-01-25 16:00:00,390
2022-01-26,4349.78,2022-01-26 16:00:00,391,31.01,2022-01-26 16:00:00,750,31.36,2022-01-26 16:00:00,390,30.74,2022-01-26 16:00:00,390
2022-01-27,4326.5,2022-01-27 16:00:00,391,30.93,2022-01-27 16:00:00,751,31.11,2022-01-27 16:00:00,390,30.57,2022-01-27 16:00:00,390
2022-01-28,4432.0,2022-01-28 16:00:00,391,27.33,2022-01-28 16:00:00,751,28.67,2022-01-28 16:00:00,390,29.04,2022-01-28 16:00:00,390
2022-01-31,4515.45,2022-01-31 16:00:00,391,24.98,2022-01-31 16:00:00,751,26.93,2022-01-31 16:00:00,390,27.62,2022-01-31 16:00:00,390
2022-02-01,4546.35,2022-02-01 16:00:00,391,22.23,2022-02-01 16:00:00,751,24.92,2022-02-01 16:00:00,390,26.21,2022-02-01 16:00:00,390
2022-02-02,4589.31,2022-02-02 16:00:00,391,20.81,2022-02-02 16:00:00,750,24.26,2022-02-02 16:00:00,390,25.97,2022-02-02 16:00:00,390
2022-02-03,4477.3,2022-02-03 16:00:00,391,25.43,2022-02-03 16:00:00,751,27.33,2022-02-03 16:00:00,390,28.24,2022-02-03 16:00:00,390
2022-02-04,4500.61,2022-02-04 16:00:00,391,23.31,2022-02-04 16:00:00,751,26.35,2022-02-04 16:00:00,390,27.62,2022-02-04 16:00:00,390
2022-02-07,4483.92,2022-02-07 16:00:00,391,22.93,2022-02-07 16:00:00,751,25.73,2022-02-07 16:00:00,390,27.19,2022-02-07 16:00:00,390
2022-02-08,4521.48,2022-02-08 16:00:00,391,21.68,2022-02-08 16:00:00,751,24.59,2022-02-08 16:00:00,390,26.4,2022-02-08 16:00:00,390
2022-02-09,4587.21,2022-02-09 16:00:00,391,20.09,2022-02-09 16:00:00,751,23.63,2022-02-09 16:00:00,390,25.61,2022-02-09 16:00:00,390
2022-02-10,4504.06,2022-02-10 16:00:00,391,24.09,2022-02-10 16:00:00,751,26.13,2022-02-10 16:00:00,390,27.36,2022-02-10 16:00:00,390
2022-02-11,4418.49,2022-02-11 16:00:00,391,28.1,2022-02-11 16:00:00,751,29.17,2022-02-11 16:00:00,390,29.23,2022-02-11 16:00:00,390
2022-02-14,4401.55,2022-02-14 16:00:00,391,28.78,2022-02-14 16:00:00,751,29.58,2022-02-14 16:00:00,390,29.47,2022-02-14 16:00:00,390
2022-02-15,4471.0,2022-02-15 16:00:00,391,25.46,2022-02-15 16:00:00,751,27.17,2022-02-15 16:00:00,390,27.96,2022-02-15 16:00:00,390
2022-02-16,4475.1,2022-02-16 16:00:00,391,24.34,2022-02-16 16:00:00,750,26.27,2022-02-16 16:00:00,390,27.3,2022-02-16 16:00:00,390
2022-02-17,4380.04,2022-02-17 16:00:00,391,28.1,2022-02-17 16:00:00,751,29.07,2022-02-17 16:00:00,390,29.34,2022-02-17 16:00:00,390
2022-02-18,4348.97,2022-02-18 16:00:00,391,27.97,2022-02-18 16:00:00,751,29.41,2022-02-18 16:00:00,390,29.45,2022-02-18 16:00:00,390
2022-02-22,4304.66,2022-02-22 16:00:00,391,29.13,2022-02-22 16:00:00,751,29.41,2022-02-22 16:00:00,390,29.45,2022-02-22 16:00:00,390
2022-02-23,4225.62,2022-02-23 16:00:00,391,30.8,2022-02-23 16:00:00,751,30.8,2022-02-23 16:00:00,390,30.68,2022-02-23 16:00:00,390
2022-02-24,4288.65,2022-02-24 16:00:00,391,29.54,2022-02-24 16:00:00,751,29.54,2022-02-24 16:00:00,390,29.66,2022-02-24 16:00:00,390
2022-02-25,4384.62,2022-02-25 16:00:00,391,27.61,2022-02-25 16:00:00,751,28.08,2022-02-25 16:00:00,390,28.71,2022-02-25 16:00:00,390
2022-02-28,4373.39,2022-02-28 16:00:00,391,29.94,2022-02-28 16:00:00,751,29.58,2022-02-28 16:00:00,390,29.84,2022-02-28 16:00:00,390
2022-03-01,4306.19,2022-03-01 16:00:00,391,33.9,2022-03-01 16:00:00,751,32.91,2022-03-01 16:00:00,390,32.42,2022-03-01 16:00:00,390
2022-03-02,4386.47,2022-03-02 16:00:00,391,30.53,2022-03-02 16:00:00,751,30.84,2022-03-02 16:00:00,390,30.97,2022-03-02 16:00:00,390
2022-03-03,4363.54,2022-03-03 16:00:00,391,30.76,2022-03-03 16:00:00,751,30.98,2022-03-03 16:00:00,390,31.1,2022-03-03 16:00:00,390
2022-03-04,4328.87,2022-03-04 16:00:00,391,31.95,2022-03-04 16:00:00,751,32.25,2022-03-04 16:00:00,390,32.03,2022-03-04 16:00:00,390
2022-03-07,4200.89,2022-03-07 16:00:00,391,36.06,2022-03-07 16:00:00,751,35.51,2022-03-07 16:00:00,390,34.48,2022-03-07 16:00:00,390
2022-03-08,4170.62,2022-03-08 16:00:00,391,35.5,2022-03-08 16:00:00,751,35.19,2022-03-08 16:00:00,390,34.44,2022-03-08 16:00:00,390
2022-03-09,4277.86,2022-03-09 16:00:00,391,32.12,2022-03-09 16:00:00,751,32.82,2022-03-09 16:00:00,390,33.12,2022-03-09 16:00:00,390
2022-03-10,4259.4,2022-03-10 16:00:00,391,30.74,2022-03-10 16:00:00,751,31.96,2022-03-10 16:00:00,390,32.45,2022-03-10 16:00:00,390
2022-03-11,4204.36,2022-03-11 16:00:00,391,30.98,2022-03-11 16:00:00,751,32.48,2022-03-11 16:00:00,390,33.07,2022-03-11 16:00:00,390
2022-03-14,4173.06,2022-03-14 16:00:00,391,32.01,2022-03-14 16:00:00,712,33.52,2022-03-14 16:00:00,390,33.91,2022-03-14 16:00:00,390
2022-03-15,4262.73,2022-03-15 16:00:00,391,29.96,2022-03-15 16:00:00,750,32.01,2022-03-15 16:00:00,390,32.6,2022-03-15 16:00:00,390
2022-03-16,4358.11,2022-03-16 16:00:00,391,26.32,2022-03-16 16:00:00,751,29.0,2022-03-16 16:00:00,390,30.32,2022-03-16 16:00:00,390
2022-03-17,4411.36,2022-03-17 16:00:00,391,25.35,2022-03-17 16:00:00,751,27.87,2022-03-17 16:00:00,390,29.38,2022-03-17 16:00:00,390
2022-03-18,4463.08,2022-03-18 16:00:00,391,24.1,2022-03-18 16:00:00,751,26.66,2022-03-18 16:00:00,390,28.43,2022-03-18 16:00:00,390
2022-03-21,4461.18,2022-03-21 16:00:00,391,23.71,2022-03-21 16:00:00,751,26.53,2022-03-21 16:00:00,390,28.38,2022-03-21 16:00:00,390
2022-03-22,4511.81,2022-03-22 16:00:00,391,22.89,2022-03-22 16:00:00,751,25.73,2022-03-22 16:00:00,390,27.68,2022-03-22 16:00:00,390
2022-03-23,4456.12,2022-03-23 16:00:00,391,23.55,2022-03-23 16:00:00,751,26.39,2022-03-23 16:00:00,390,28.16,2022-03-23 16:00:00,390
2022-03-24,4520.19,2022-03-24 16:00:00,391,21.57,2022-03-24 16:00:00,751,25.09,2022-03-24 16:00:00,390,27.36,2022-03-24 16:00:00,390
2022-03-25,4543.06,2022-03-25 16:00:00,391,20.93,2022-03-25 16:00:00,751,24.76,2022-03-25 16:00:00,390,27.03,2022-03-25 16:00:00,390
2022-03-28,4575.49,2022-03-28 16:00:00,391,19.58,2022-03-28 16:00:00,751,24.16,2022-03-28 16:00:00,390,26.7,2022-03-28 16:00:00,390
2022-03-29,4631.69,2022-03-29 16:00:00,391,18.89,2022-03-29 16:00:00,751,23.17,2022-03-29 16:00:00,390,25.89,2022-03-29 16:00:00,390
2022-03-30,4602.49,2022-03-30 16:00:00,391,19.43,2022-03-30 16:00:00,750,23.66,2022-03-30 16:00:00,390,26.34,2022-03-30 16:00:00,390
2022-03-31,4530.5,2022-03-31 16:00:00,391,21.23,2022-03-31 16:00:00,751,24.96,2022-03-31 16:00:00,390,27.15,2022-03-31 16:00:00,390
2022-04-01,4545.8,2022-04-01 16:00:00,391,19.55,2022-04-01 16:00:00,751,24.16,2022-04-01 16:00:00,390,26.74,2022-04-01 16:00:00,390
2022-04-04,4582.62,2022-04-04 16:00:00,391,18.48,2022-04-04 16:00:00,751,22.99,2022-04-04 16:00:00,390,25.85,2022-04-04 16:00:00,390
2022-04-05,4525.33,2022-04-05 16:00:00,391,21.18,2022-04-05 16:00:00,751,25.01,2022-04-05 16:00:00,390,27.37,2022-04-05 16:00:00,390
2022-04-06,4481.26,2022-04-06 16:00:00,391,22.09,2022-04-06 16:00:00,750,25.8,2022-04-06 16:00:00,390,27.84,2022-04-06 16:00:00,390
2022-04-07,4500.27,2022-04-07 16:00:00,391,21.5,2022-04-07 16:00:00,751,25.24,2022-04-07 16:00:00,390,27.53,2022-04-07 16:00:00,390
2022-04-08,4488.68,2022-04-08 16:00:00,391,21.11,2022-04-08 16:00:00,751,25.12,2022-04-08 16:00:00,390,27.55,2022-04-08 16:00:00,390
2022-04-11,4412.83,2022-04-11 16:00:00,391,24.18,2022-04-11 16:00:00,751,26.97,2022-04-11 16:00:00,390,28.67,2022-04-11 16:00:00,390
2022-04-12,4397.35,2022-04-12 16:00:00,391,24.54,2022-04-12 16:00:00,751,27.32,2022-04-12 16:00:00,390,28.99,2022-04-12 16:00:00,390
2022-04-13,4446.67,2022-04-13 16:00:00,391,21.71,2022-04-13 16:00:00,751,25.42,2022-04-13 16:00:00,390,27.85,2022-04-13 16:00:00,390
2022-04-14,4392.62,2022-04-14 16:00:00,391,22.51,2022-04-14 16:00:00,751,25.97,2022-04-14 16:00:00,390,28.21,2022-04-14 16:00:00,390
2022-04-18,4391.81,2022-04-18 16:00:00,391,22.31,2022-04-18 16:00:00,751,25.84,2022-04-18 16:00:00,390,28.04,2022-04-18 16:00:00,390
2022-04-19,4462.48,2022-04-19 16:00:00,391,20.84,2022-04-19 16:00:00,751,24.64,2022-04-19 16:00:00,390,27.05,2022-04-19 16:00:00,390
2022-04-20,4459.4,2022-04-20 16:00:00,391,20.64,2022-04-20 16:00:00,751,24.41,2022-04-20 16:00:00,390,26.91,2022-04-20 16:00:00,390
2022-04-21,4393.79,2022-04-21 16:00:00,391,22.92,2022-04-21 16:00:00,751,26.24,2022-04-21 16:00:00,390,28.4,2022-04-21 16:00:00,390
2022-04-22,4271.94,2022-04-22 16:00:00,391,27.97,2022-04-22 16:00:00,751,29.63,2022-04-22 16:00:00,390,30.56,2022-04-22 16:00:00,390
2022-04-25,4296.43,2022-04-25 16:00:00,391,26.91,2022-04-25 16:00:00,751,28.97,2022-04-25 16:00:00,390,30.1,2022-04-25 16:00:00,390
2022-04-26,4175.2,2022-04-26 16:00:00,391,32.84,2022-04-26 16:00:00,751,32.78,2022-04-26 16:00:00,390,32.76,2022-04-26 16:00:00,390
2022-04-27,4183.94,2022-04-27 16:00:00,391,31.9,2022-04-27 16:00:00,751,32.39,2022-04-27 16:00:00,390,32.43,2022-04-27 16:00:00,390
2022-04-28,4287.91,2022-04-28 16:00:00,391,29.29,2022-04-28 16:00:00,751,30.63,2022-04-28 16:00:00,390,31.28,2022-04-28 16:00:00,390
2022-04-29,4131.76,2022-04-29 16:00:00,391,33.69,2022-04-29 16:00:00,751,33.47,2022-04-29 16:00:00,390,33.34,2022-04-29 16:00:00,390
2022-05-02,4155.58,2022-05-02 16:00:00,391,31.98,2022-05-02 16:00:00,751,32.78,2022-05-02 16:00:00,390,32.94,2022-05-02 16:00:00,390
2022-05-03,4175.27,2022-05-03 16:00:00,391,29.51,2022-05-03 16:00:00,751,31.05,2022-05-03 16:00:00,390,31.46,2022-05-03 16:00:00,390
2022-05-04,4300.39,2022-05-04 16:00:00,391,25.19,2022-05-04 16:00:00,751,27.94,2022-05-04 16:00:00,390,29.11,2022-05-04 16:00:00,390
2022-05-05,4147.69,2022-05-05 16:00:00,391,31.36,2022-05-05 16:00:00,751,32.71,2022-05-05 16:00:00,390,32.8,2022-05-05 16:00:00,390
2022-05-06,4123.67,2022-05-06 16:00:00,391,30.19,2022-05-06 16:00:00,751,32.32,2022-05-06 16:00:00,390,32.56,2022-05-06 16:00:00,390
2022-05-09,3991.36,2022-05-09 16:00:00,391,34.82,2022-05-09 16:00:00,751,35.11,2022-05-09 16:00:00,390,34.53,2022-05-09 16:00:00,390
2022-05-10,4000.99,2022-05-10 16:00:00,391,33.09,2022-05-10 16:00:00,751,34.03,2022-05-10 16:00:00,390,33.7,2022-05-10 16:00:00,390
2022-05-11,3935.25,2022-05-11 16:00:00,391,32.82,2022-05-11 16:00:00,750,33.94,2022-05-11 16:00:00,390,33.8,2022-05-11 16:00:00,390
2022-05-12,3930.29,2022-05-12 16:00:00,391,31.84,2022-05-12 16:00:00,751,32.96,2022-05-12 16:00:00,390,32.98,2022-05-12 16:00:00,390
2022-05-13,4023.86,2022-05-13 16:00:00,391,28.83,2022-05-13 16:00:00,751,30.79,2022-05-13 16:00:00,390,31.62,2022-05-13 16:00:00,390
2022-05-16,4008.36,2022-05-16 16:00:00,391,27.48,2022-05-16 16:00:00,751,29.62,2022-05-16 16:00:00,390,31.17,2022-05-16 16:00:00,390
2022-05-17,4088.93,2022-05-17 16:00:00,391,26.16,2022-05-17 16:00:00,751,28.53,2022-05-17 16:00:00,390,30.37,2022-05-17 16:00:00,390
2022-05-18,3924.18,2022-05-18 16:00:00,391,30.79,2022-05-18 16:00:00,751,32.46,2022-05-18 16:00:00,390,33.39,2022-05-18 16:00:00,390
2022-05-19,3900.72,2022-05-19 16:00:00,391,29.48,2022-05-19 16:00:00,751,30.88,2022-05-19 16:00:00,390,32.17,2022-05-19 16:00:00,390
2022-05-20,3901.37,2022-05-20 16:00:00,391,29.61,2022-05-20 16:00:00,751,31.07,2022-05-20 16:00:00,390,32.13,2022-05-20 16:00:00,390
2022-05-23,3973.85,2022-05-23 16:00:00,391,28.39,2022-05-23 16:00:00,751,30.28,2022-05-23 16:00:00,390,31.59,2022-05-23 16:00:00,390
2022-05-24,3942.21,2022-05-24 16:00:00,391,29.34,2022-05-24 16:00:00,751,30.7,2022-05-24 16:00:00,390,31.94,2022-05-24 16:00:00,390
2022-05-25,3979.0,2022-05-25 16:00:00,391,28.33,2022-05-25 16:00:00,751,29.73,2022-05-25 16:00:00,390,31.14,2022-05-25 16:00:00,390
2022-05-26,4057.94,2022-05-26 16:00:00,391,27.25,2022-05-26 16:00:00,751,29.12,2022-05-26 16:00:00,390,30.73,2022-05-26 16:00:00,390
2022-05-27,4158.27,2022-05-27 16:00:00,391,25.59,2022-05-27 16:00:00,751,28.03,2022-05-27 16:00:00,390,29.86,2022-05-27 16:00:00,390
2022-05-31,4132.47,2022-05-31 16:00:00,391,26.35,2022-05-31 16:00:00,751,28.09,2022-05-31 16:00:00,390,29.89,2022-05-31 16:00:00,390
2022-06-01,4101.18,2022-06-01 16:00:00,391,25.63,2022-06-01 16:00:00,748,27.73,2022-06-01 16:00:00,390,29.5,2022-06-01 16:00:00,390
2022-06-02,4171.68,2022-06-02 15:53:00,380,24.71,2022-06-02 15:47:00,738,27.02,2022-06-02 15:53:00,379,28.86,2022-06-02 15:53:00,379
2022-06-03,4108.44,2022-06-03 16:00:00,362,25.14,2022-06-03 16:00:00,720,27.49,2022-06-03 16:00:00,359,29.32,2022-06-03 16:00:00,359
2022-06-06,4121.32,2022-06-06 16:00:00,391,25.04,2022-06-06 16:00:00,751,27.25,2022-06-06 16:00:00,390,29.1,2022-06-06 16:00:00,390
2022-06-07,4160.54,2022-06-07 16:00:00,391,24.02,2022-06-07 16:00:00,751,26.53,2022-06-07 16:00:00,390,28.58,2022-06-07 16:00:00,390
2022-06-08,4115.72,2022-06-08 16:00:00,391,24.0,2022-06-08 16:00:00,751,26.58,2022-06-08 16:00:00,390,28.46,2022-06-08 16:00:00,390
2022-06-09,4017.74,2022-06-09 16:00:00,391,26.19,2022-06-09 16:00:00,751,28.08,2022-06-09 16:00:00,390,29.51,2022-06-09 16:00:00,390
2022-06-10,3900.76,2022-06-10 16:00:00,391,28.06,2022-06-10 16:00:00,751,29.93,2022-06-10 16:00:00,390,31.09,2022-06-10 16:00:00,390
2022-06-13,3749.91,2022-06-13 16:00:00,391,34.34,2022-06-13 16:00:00,751,34.36,2022-06-13 16:00:00,390,34.28,2022-06-13 16:00:00,390
2022-06-14,3735.88,2022-06-14 16:00:00,391,32.23,2022-06-14 16:00:00,751,33.13,2022-06-14 16:00:00,390,33.54,2022-06-14 16:00:00,390
2022-06-15,3789.91,2022-06-15 16:00:00,391,29.39,2022-06-15 16:00:00,745,30.91,2022-06-15 16:00:00,390,31.64,2022-06-15 16:00:00,390
2022-06-16,3667.24,2022-06-16 16:00:00,391,33.19,2022-06-16 16:00:00,751,33.59,2022-06-16 16:00:00,390,33.98,2022-06-16 16:00:00,390
2022-06-17,3674.45,2022-06-17 16:00:00,391,31.04,2022-06-17 16:00:00,751,32.31,2022-06-17 16:00:00,390,32.82,2022-06-17 16:00:00,390
2022-06-21,3764.84,2022-06-21 16:00:00,391,30.05,2022-06-21 16:00:00,751,31.32,2022-06-21 16:00:00,390,31.91,2022-06-21 16:00:00,390
2022-06-22,3759.84,2022-06-22 16:00:00,391,29.12,2022-06-22 16:00:00,751,30.36,2022-06-22 16:00:00,390,31.29,2022-06-22 16:00:00,390
2022-06-23,3795.76,2022-06-23 16:00:00,391,29.05,2022-06-23 16:00:00,751,30.16,2022-06-23 16:00:00,390,31.1,2022-06-23 16:00:00,390
2022-06-24,3912.15,2022-06-24 16:00:00,391,27.29,2022-06-24 16:00:00,751,29.02,2022-06-24 16:00:00,390,30.22,2022-06-24 16:00:00,390
2022-06-27,3900.35,2022-06-27 16:00:00,391,27.09,2022-06-27 16:00:00,751,28.21,2022-06-27 16:00:00,390,29.66,2022-06-27 16:00:00,390
2022-06-28,3821.74,2022-06-28 16:00:00,391,28.32,2022-06-28 16:00:00,751,29.1,2022-06-28 16:00:00,390,30.38,2022-06-28 16:00:00,390
2022-06-29,3818.7,2022-06-29 16:00:00,391,28.2,2022-06-29 16:00:00,751,29.01,2022-06-29 16:00:00,390,30.3,2022-06-29 16:00:00,390
2022-06-30,3786.03,2022-06-30 16:00:00,391,28.61,2022-06-30 16:00:00,751,29.59,2022-06-30 16:00:00,390,30.77,2022-06-30 16:00:00,390
2022-07-01,3825.36,2022-07-01 16:00:00,391,26.69,2022-07-01 16:00:00,751,28.53,2022-07-01 16:00:00,390,29.94,2022-07-01 16:00:00,390
2022-07-05,3831.59,2022-07-05 16:00:00,391,27.47,2022-07-05 16:00:00,751,28.83,2022-07-05 16:00:00,390,29.98,2022-07-05 16:00:00,390
2022-07-06,3845.15,2022-07-06 16:00:00,391,26.79,2022-07-06 16:00:00,751,28.41,2022-07-06 16:00:00,390,29.64,2022-07-06 16:00:00,390
2022-07-07,3902.43,2022-07-07 16:00:00,391,25.94,2022-07-07 16:00:00,751,27.9,2022-07-07 16:00:00,390,29.29,2022-07-07 16:00:00,390
2022-07-08,3899.37,2022-07-08 16:00:00,391,24.82,2022-07-08 16:00:00,751,27.44,2022-07-08 16:00:00,390,29.01,2022-07-08 16:00:00,390
2022-07-11,3854.47,2022-07-11 16:00:00,391,26.24,2022-07-11 16:00:00,751,28.32,2022-07-11 16:00:00,390,29.63,2022-07-11 16:00:00,390
2022-07-12,3819.14,2022-07-12 16:00:00,391,27.25,2022-07-12 16:00:00,751,28.77,2022-07-12 16:00:00,390,30.02,2022-07-12 16:00:00,390
2022-07-13,3801.59,2022-07-13 16:00:00,391,26.65,2022-07-13 16:00:00,751,28.47,2022-07-13 16:00:00,390,29.88,2022-07-13 16:00:00,390
2022-07-14,3790.25,2022-07-14 16:00:00,391,26.3,2022-07-14 16:00:00,751,28.47,2022-07-14 16:00:00,390,29.97,2022-07-14 16:00:00,390
2022-07-15,3862.89,2022-07-15 16:00:00,391,24.2,2022-07-15 16:00:00,751,27.0,2022-07-15 16:00:00,390,28.95,2022-07-15 16:00:00,390
2022-07-18,3830.83,2022-07-18 16:00:00,391,25.31,2022-07-18 16:00:00,751,27.92,2022-07-18 16:00:00,390,29.59,2022-07-18 16:00:00,390
2022-07-19,3936.14,2022-07-19 16:00:00,391,24.58,2022-07-19 16:00:00,751,27.26,2022-07-19 16:00:00,390,28.93,2022-07-19 16:00:00,390
2022-07-20,3959.95,2022-07-20 16:00:00,391,23.81,2022-07-20 16:00:00,751,26.73,2022-07-20 16:00:00,390,28.52,2022-07-20 16:00:00,390
2022-07-21,3999.1,2022-07-21 16:00:00,391,22.94,2022-07-21 16:00:00,751,26.08,2022-07-21 16:00:00,390,28.11,2022-07-21 16:00:00,390
2022-07-22,3961.9,2022-07-22 16:00:00,391,23.08,2022-07-22 16:00:00,751,26.06,2022-07-22 16:00:00,390,28.07,2022-07-22 16:00:00,390
2022-07-25,3966.72,2022-07-25 16:00:00,391,23.21,2022-07-25 16:00:00,751,25.74,2022-07-25 16:00:00,390,27.86,2022-07-25 16:00:00,390
2022-07-26,3920.85,2022-07-26 16:00:00,391,25.06,2022-07-26 16:00:00,751,26.56,2022-07-26 16:00:00,390,28.42,2022-07-26 16:00:00,390
2022-07-27,4023.32,2022-07-27 16:00:00,391,23.19,2022-07-27 16:00:00,751,25.3,2022-07-27 16:00:00,390,27.42,2022-07-27 16:00:00,390
2022-07-28,4072.17,2022-07-28 16:00:00,391,22.48,2022-07-28 16:00:00,751,24.4,2022-07-28 16:00:00,390,26.72,2022-07-28 16:00:00,390
2022-07-29,4130.44,2022-07-29 16:00:00,391,21.51,2022-07-29 16:00:00,751,23.85,2022-07-29 16:00:00,390,26.22,2022-07-29 16:00:00,390
2022-08-01,4118.62,2022-08-01 16:00:00,391,22.93,2022-08-01 16:00:00,751,24.96,2022-08-01 16:00:00,390,26.96,2022-08-01 16:00:00,390
2022-08-02,4091.36,2022-08-02 16:00:00,391,23.81,2022-08-02 16:00:00,751,25.63,2022-08-02 16:00:00,390,27.57,2022-08-02 16:00:00,390
2022-08-03,4155.12,2022-08-03 16:00:00,391,21.88,2022-08-03 16:00:00,751,24.29,2022-08-03 16:00:00,390,26.52,2022-08-03 16:00:00,390
2022-08-04,4152.02,2022-08-04 16:00:00,391,21.58,2022-08-04 16:00:00,751,24.43,2022-08-04 16:00:00,390,26.69,2022-08-04 16:00:00,390
2022-08-05,4145.07,2022-08-05 16:00:00,391,20.95,2022-08-05 16:00:00,751,24.07,2022-08-05 16:00:00,390,26.49,2022-08-05 16:00:00,390
2022-08-08,4140.05,2022-08-08 16:00:00,391,21.33,2022-08-08 16:00:00,751,24.49,2022-08-08 16:00:00,390,26.78,2022-08-08 16:00:00,390
2022-08-09,4122.65,2022-08-09 16:00:00,391,21.79,2022-08-09 16:00:00,751,24.74,2022-08-09 16:00:00,390,26.89,2022-08-09 16:00:00,390
2022-08-10,4210.12,2022-08-10 16:00:00,391,19.69,2022-08-10 16:00:00,751,23.41,2022-08-10 16:00:00,390,25.85,2022-08-10 16:00:00,390
2022-08-11,4207.34,2022-08-11 16:00:00,391,20.14,2022-08-11 16:00:00,751,23.76,2022-08-11 16:00:00,390,26.09,2022-08-11 16:00:00,390
2022-08-12,4279.95,2022-08-12 16:00:00,391,19.55,2022-08-12 16:00:00,751,23.24,2022-08-12 16:00:00,390,25.69,2022-08-12 16:00:00,390
2022-08-15,4297.14,2022-08-15 16:00:00,391,19.85,2022-08-15 16:00:00,751,23.26,2022-08-15 16:00:00,390,25.69,2022-08-15 16:00:00,390
2022-08-16,4305.24,2022-08-16 16:00:00,391,19.67,2022-08-16 16:00:00,751,23.31,2022-08-16 16:00:00,390,25.61,2022-08-16 16:00:00,390
2022-08-17,4274.06,2022-08-17 16:00:00,391,20.06,2022-08-17 16:00:00,751,23.71,2022-08-17 16:00:00,390,26.11,2022-08-17 16:00:00,390
2022-08-18,4284.15,2022-08-18 16:00:00,391,19.55,2022-08-18 16:00:00,751,23.35,2022-08-18 16:00:00,390,25.84,2022-08-18 16:00:00,390
2022-08-19,4228.37,2022-08-19 16:00:00,391,20.54,2022-08-19 16:00:00,751,24.31,2022-08-19 16:00:00,390,26.66,2022-08-19 16:00:00,390
2022-08-22,4138.37,2022-08-22 16:00:00,391,23.95,2022-08-22 16:00:00,751,26.05,2022-08-22 16:00:00,390,27.92,2022-08-22 16:00:00,390
2022-08-23,4128.71,2022-08-23 16:00:00,391,23.95,2022-08-23 16:00:00,751,25.77,2022-08-23 16:00:00,390,27.64,2022-08-23 16:00:00,390
2022-08-24,4140.99,2022-08-24 16:00:00,391,22.89,2022-08-24 16:00:00,751,24.92,2022-08-24 16:00:00,390,27.08,2022-08-24 16:00:00,390
2022-08-25,4199.52,2022-08-25 16:00:00,391,21.88,2022-08-25 16:00:00,751,24.12,2022-08-25 16:00:00,390,26.5,2022-08-25 16:00:00,390
2022-08-26,4057.74,2022-08-26 16:00:00,391,25.69,2022-08-26 16:00:00,751,26.67,2022-08-26 16:00:00,390,28.4,2022-08-26 16:00:00,390
2022-08-29,4030.76,2022-08-29 16:00:00,391,26.12,2022-08-29 16:00:00,751,26.68,2022-08-29 16:00:00,390,28.4,2022-08-29 16:00:00,390
2022-08-30,3986.18,2022-08-30 16:00:00,391,26.37,2022-08-30 16:00:00,751,26.99,2022-08-30 16:00:00,390,28.53,2022-08-30 16:00:00,390
2022-08-31,3955.02,2022-08-31 16:00:00,391,25.94,2022-08-31 16:00:00,751,26.71,2022-08-31 16:00:00,390,28.46,2022-08-31 16:00:00,390
2022-09-01,3966.87,2022-09-01 16:00:00,391,25.36,2022-09-01 16:00:00,751,26.32,2022-09-01 16:00:00,390,28.08,2022-09-01 16:00:00,390
2022-09-02,3924.41,2022-09-02 16:00:00,391,25.62,2022-09-02 16:00:00,751,26.64,2022-09-02 16:00:00,390,28.27,2022-09-02 16:00:00,390
2022-09-06,3908.55,2022-09-06 16:00:00,391,26.83,2022-09-06 16:00:00,751,27.53,2022-09-06 16:00:00,390,28.86,2022-09-06 16:00:00,390
2022-09-07,3979.99,2022-09-07 16:00:00,391,24.66,2022-09-07 16:00:00,751,26.03,2022-09-07 16:00:00,390,27.65,2022-09-07 16:00:00,390
2022-09-08,4006.09,2022-09-08 16:00:00,391,23.59,2022-09-08 16:00:00,751,25.5,2022-09-08 16:00:00,390,27.28,2022-09-08 16:00:00,390
2022-09-09,4067.41,2022-09-09 16:00:00,391,22.95,2022-09-09 16:00:00,751,25.22,2022-09-09 16:00:00,390,27.12,2022-09-09 16:00:00,390
2022-09-12,4110.69,2022-09-12 16:00:00,391,23.96,2022-09-12 16:00:00,751,25.43,2022-09-12 16:00:00,390,27.0,2022-09-12 16:00:00,390
2022-09-13,3932.63,2022-09-13 16:00:00,391,27.03,2022-09-13 16:00:00,751,28.93,2022-09-13 16:00:00,390,30.47,2022-09-13 16:00:00,390
2022-09-14,3946.14,2022-09-14 16:00:00,391,26.3,2022-09-14 16:00:00,750,27.56,2022-09-14 16:00:00,390,28.68,2022-09-14 16:00:00,390
2022-09-15,3901.32,2022-09-15 16:00:00,391,26.36,2022-09-15 16:00:00,751,27.67,2022-09-15 16:00:00,390,28.87,2022-09-15 16:00:00,390
2022-09-16,3873.44,2022-09-16 16:00:00,391,26.23,2022-09-16 16:00:00,751,27.63,2022-09-16 16:00:00,390,28.87,2022-09-16 16:00:00,390
2022-09-19,3900.0,2022-09-19 16:00:00,391,25.75,2022-09-19 16:00:00,751,27.0,2022-09-19 16:00:00,390,28.31,2022-09-19 16:00:00,390
2022-09-20,3856.04,2022-09-20 16:00:00,391,27.18,2022-09-20 16:00:00,751,27.93,2022-09-20 16:00:00,390,29.02,2022-09-20 16:00:00,390
2022-09-21,3789.82,2022-09-21 16:00:00,391,28.19,2022-09-21 16:00:00,751,28.69,2022-09-21 16:00:00,390,29.61,2022-09-21 16:00:00,390
2022-09-22,3757.86,2022-09-22 16:00:00,391,27.34,2022-09-22 16:00:00,751,28.3,2022-09-22 16:00:00,390,29.4,2022-09-22 16:00:00,390
2022-09-23,3693.49,2022-09-23 16:00:00,391,29.64,2022-09-23 16:00:00,751,30.11,2022-09-23 16:00:00,390,30.8,2022-09-23 16:00:00,390
2022-09-26,3655.52,2022-09-26 16:00:00,391,32.07,2022-09-26 16:00:00,751,31.6,2022-09-26 16:00:00,390,32.05,2022-09-26 16:00:00,390
2022-09-27,3647.6,2022-09-27 16:00:00,391,32.82,2022-09-27 16:00:00,751,32.27,2022-09-27 16:00:00,390,32.62,2022-09-27 16:00:00,390
2022-09-28,3718.67,2022-09-28 16:00:00,391,30.37,2022-09-28 16:00:00,751,30.7,2022-09-28 16:00:00,390,31.56,2022-09-28 16:00:00,390
2022-09-29,3640.71,2022-09-29 16:00:00,391,31.79,2022-09-29 16:00:00,751,31.72,2022-09-29 16:00:00,390,32.29,2022-09-29 16:00:00,390
2022-09-30,3586.47,2022-09-30 16:00:00,391,33.25,2022-09-30 16:00:00,751,32.29,2022-09-30 16:00:00,390,32.81,2022-09-30 16:00:00,390
2022-10-03,3678.43,2022-10-03 16:00:00,391,30.1,2022-10-03 16:00:00,751,30.7,2022-10-03 16:00:00,390,31.44,2022-10-03 16:00:00,390
2022-10-04,3791.05,2022-10-04 16:00:00,391,29.05,2022-10-04 16:00:00,751,29.63,2022-10-04 16:00:00,390,30.58,2022-10-04 16:00:00,390
2022-10-05,3783.65,2022-10-05 16:00:00,391,28.78,2022-10-05 16:00:00,751,29.61,2022-10-05 16:00:00,390,30.73,2022-10-05 16:00:00,390
2022-10-06,3744.4,2022-10-06 16:00:00,391,30.44,2022-10-06 16:00:00,751,30.77,2022-10-06 16:00:00,390,31.64,2022-10-06 16:00:00,390
2022-10-07,3639.84,2022-10-07 16:00:00,391,31.27,2022-10-07 16:00:00,751,31.87,2022-10-07 16:00:00,390,32.6,2022-10-07 16:00:00,390
2022-10-10,3612.44,2022-10-10 16:00:00,391,32.55,2022-10-10 16:00:00,751,32.79,2022-10-10 16:00:00,390,33.29,2022-10-10 16:00:00,390
2022-10-11,3588.7,2022-10-11 16:00:00,391,33.7,2022-10-11 16:00:00,751,33.36,2022-10-11 16:00:00,390,33.74,2022-10-11 16:00:00,390
2022-10-12,3576.94,2022-10-12 16:00:00,391,33.7,2022-10-12 16:00:00,750,33.14,2022-10-12 16:00:00,390,33.51,2022-10-12 16:00:00,390
2022-10-13,3669.86,2022-10-13 16:00:00,391,32.11,2022-10-13 16:00:00,751,31.9,2022-10-13 16:00:00,390,32.44,2022-10-13 16:00:00,390
2022-10-14,3584.01,2022-10-14 16:00:00,391,31.99,2022-10-14 16:00:00,751,32.48,2022-10-14 16:00:00,390,33.16,2022-10-14 16:00:00,390
2022-10-17,3678.16,2022-10-17 16:00:00,391,31.26,2022-10-17 16:00:00,751,31.73,2022-10-17 16:00:00,390,32.44,2022-10-17 16:00:00,390
2022-10-18,3720.5,2022-10-18 16:00:00,391,30.7,2022-10-18 16:00:00,751,31.13,2022-10-18 16:00:00,390,31.97,2022-10-18 16:00:00,390
2022-10-19,3695.47,2022-10-19 16:00:00,391,31.0,2022-10-19 16:00:00,751,31.48,2022-10-19 16:00:00,390,32.14,2022-10-19 16:00:00,390
2022-10-20,3665.58,2022-10-20 16:00:00,391,30.15,2022-10-20 16:00:00,751,30.93,2022-10-20 16:00:00,390,31.87,2022-10-20 16:00:00,390
2022-10-21,3753.14,2022-10-21 16:00:00,391,29.96,2022-10-21 16:00:00,751,30.61,2022-10-21 16:00:00,390,31.58,2022-10-21 16:00:00,390
2022-10-24,3797.68,2022-10-24 16:00:00,391,29.83,2022-10-24 16:00:00,751,30.36,2022-10-24 16:00:00,390,31.38,2022-10-24 16:00:00,390
2022-10-25,3859.35,2022-10-25 16:00:00,391,28.28,2022-10-25 16:00:00,751,29.11,2022-10-25 16:00:00,390,30.35,2022-10-25 16:00:00,390
2022-10-26,3830.68,2022-10-26 16:00:00,391,27.47,2022-10-26 16:00:00,751,28.53,2022-10-26 16:00:00,390,30.01,2022-10-26 16:00:00,390
2022-10-27,3808.02,2022-10-27 16:00:00,391,27.01,2022-10-27 16:00:00,751,27.91,2022-10-27 16:00:00,390,29.53,2022-10-27 16:00:00,390
2022-10-28,3901.04,2022-10-28 16:00:00,391,26.02,2022-10-28 16:00:00,751,26.96,2022-10-28 16:00:00,390,28.56,2022-10-28 16:00:00,390
2022-10-31,3872.25,2022-10-31 16:00:00,391,25.93,2022-10-31 16:00:00,751,26.91,2022-10-31 16:00:00,390,28.56,2022-10-31 16:00:00,390
2022-11-01,3856.02,2022-11-01 16:00:00,391,25.7,2022-11-01 16:00:00,751,26.62,2022-11-01 16:00:00,390,28.22,2022-11-01 16:00:00,390
2022-11-02,3759.48,2022-11-02 16:00:00,391,25.9,2022-11-02 16:00:00,751,27.24,2022-11-02 16:00:00,390,28.79,2022-11-02 16:00:00,390
2022-11-03,3719.68,2022-11-03 16:00:00,391,25.22,2022-11-03 16:00:00,751,26.64,2022-11-03 16:00:00,390,28.19,2022-11-03 16:00:00,390
2022-11-04,3770.59,2022-11-04 16:00:00,391,24.63,2022-11-04 16:00:00,751,26.38,2022-11-04 16:00:00,390,28.01,2022-11-04 16:00:00,390
2022-11-07,3807.13,2022-11-07 16:00:00,391,24.47,2022-11-07 16:00:00,751,26.28,2022-11-07 16:00:00,390,27.85,2022-11-07 16:00:00,390
2022-11-08,3828.31,2022-11-08 16:00:00,391,25.43,2022-11-08 16:00:00,751,26.99,2022-11-08 16:00:00,390,28.41,2022-11-08 16:00:00,390
2022-11-09,3748.67,2022-11-09 16:00:00,391,26.09,2022-11-09 16:00:00,751,27.94,2022-11-09 16:00:00,390,29.29,2022-11-09 16:00:00,390
2022-11-10,3955.88,2022-11-10 16:00:00,391,23.46,2022-11-10 16:00:00,751,26.08,2022-11-10 16:00:00,390,27.64,2022-11-10 16:00:00,390
2022-11-11,3993.05,2022-11-11 16:00:00,391,22.52,2022-11-11 16:00:00,751,25.73,2022-11-11 16:00:00,390,27.72,2022-11-11 16:00:00,390
2022-11-14,3957.53,2022-11-14 16:00:00,391,23.88,2022-11-14 16:00:00,751,26.23,2022-11-14 16:00:00,390,28.21,2022-11-14 16:00:00,390
2022-11-15,3991.91,2022-11-15 16:00:00,391,24.24,2022-11-15 16:00:00,751,26.41,2022-11-15 16:00:00,390,28.39,2022-11-15 16:00:00,390
2022-11-16,3959.1,2022-11-16 16:00:00,391,24.19,2022-11-16 16:00:00,751,26.09,2022-11-16 16:00:00,390,28.09,2022-11-16 16:00:00,390
2022-11-17,3946.86,2022-11-17 16:00:00,391,23.83,2022-11-17 16:00:00,751,25.76,2022-11-17 16:00:00,390,27.86,2022-11-17 16:00:00,390
2022-11-18,3965.48,2022-11-18 16:00:00,391,23.09,2022-11-18 16:00:00,751,25.29,2022-11-18 16:00:00,390,27.56,2022-11-18 16:00:00,390
2022-11-21,3949.99,2022-11-21 16:00:00,391,22.39,2022-11-21 16:00:00,751,24.72,2022-11-21 16:00:00,390,27.16,2022-11-21 16:00:00,390
2022-11-22,4003.63,2022-11-22 16:00:00,391,21.35,2022-11-22 16:00:00,751,23.86,2022-11-22 16:00:00,390,26.41,2022-11-22 16:00:00,390
2022-11-23,4027.46,2022-11-23 16:00:00,391,20.46,2022-11-23 16:00:00,751,23.42,2022-11-23 16:00:00,390,26.11,2022-11-23 16:00:00,390
2022-11-25,4026.12,2022-11-25 14:32:00,232,20.5,2022-11-25 13:15:00,586,23.59,2022-11-25 13:15:00,225,26.32,2022-11-25 13:15:00,225
2022-11-28,3964.02,2022-11-28 16:00:00,391,22.1,2022-11-28 16:00:00,751,24.82,2022-11-28 16:00:00,390,27.35,2022-11-28 16:00:00,390
2022-11-29,3957.43,2022-11-29 16:00:00,391,21.85,2022-11-29 16:00:00,751,24.62,2022-11-29 16:00:00,390,27.2,2022-11-29 16:00:00,390
2022-11-30,4079.64,2022-11-30 16:00:00,391,20.59,2022-11-30 16:00:00,751,23.53,2022-11-30 16:00:00,390,26.17,2022-11-30 16:00:00,390
2022-12-01,4076.79,2022-12-01 16:00:00,391,19.92,2022-12-01 16:00:00,751,23.33,2022-12-01 16:00:00,390,25.97,2022-12-01 16:00:00,390
2022-12-02,4071.63,2022-12-02 16:00:00,391,19.03,2022-12-02 16:00:00,751,22.95,2022-12-02 16:00:00,390,25.7,2022-12-02 16:00:00,390
2022-12-05,3998.82,2022-12-05 16:00:00,391,20.61,2022-12-05 16:00:00,751,23.86,2022-12-05 16:00:00,390,26.17,2022-12-05 16:00:00,390
2022-12-06,3941.23,2022-12-06 16:00:00,391,22.1,2022-12-06 16:00:00,751,24.67,2022-12-06 16:00:00,390,26.69,2022-12-06 16:00:00,390
2022-12-07,3933.78,2022-12-07 16:00:00,391,22.59,2022-12-07 16:00:00,750,25.11,2022-12-07 16:00:00,390,27.04,2022-12-07 16:00:00,390
2022-12-08,3963.45,2022-12-08 16:00:00,391,22.3,2022-12-08 16:00:00,751,24.73,2022-12-08 16:00:00,390,26.68,2022-12-08 16:00:00,390
2022-12-09,3934.29,2022-12-09 16:00:00,391,22.85,2022-12-09 16:00:00,751,25.24,2022-12-09 16:00:00,390,27.1,2022-12-09 16:00:00,390
2022-12-12,3990.59,2022-12-12 16:00:00,391,25.03,2022-12-12 16:00:00,751,25.65,2022-12-12 16:00:00,390,27.12,2022-12-12 16:00:00,390
2022-12-13,4019.95,2022-12-13 16:00:00,391,22.68,2022-12-13 16:00:00,751,24.33,2022-12-13 16:00:00,390,26.29,2022-12-13 16:00:00,390
2022-12-14,3995.21,2022-12-14 16:00:00,391,21.37,2022-12-14 16:00:00,751,23.7,2022-12-14 16:00:00,390,25.92,2022-12-14 16:00:00,390
2022-12-15,3896.1,2022-12-15 16:00:00,390,22.76,2022-12-15 16:00:00,750,25.0,2022-12-15 16:00:00,389,27.14,2022-12-15 16:00:00,389
2022-12-16,3852.13,2022-12-16 16:00:00,391,22.51,2022-12-16 16:00:00,751,25.14,2022-12-16 16:00:00,390,27.27,2022-12-16 16:00:00,390
2022-12-19,3817.47,2022-12-19 16:00:00,391,22.3,2022-12-19 16:00:00,751,25.02,2022-12-19 16:00:00,390,27.07,2022-12-19 16:00:00,390
2022-12-20,3821.73,2022-12-20 16:00:00,391,21.48,2022-12-20 16:00:00,751,24.44,2022-12-20 16:00:00,390,26.67,2022-12-20 16:00:00,390
2022-12-21,3878.4,2022-12-21 16:00:00,391,20.09,2022-12-21 16:00:00,751,23.4,2022-12-21 16:00:00,390,25.81,2022-12-21 16:00:00,390
2022-12-22,3822.6,2022-12-22 16:00:00,391,21.85,2022-12-22 16:00:00,751,24.7,2022-12-22 16:00:00,390,26.67,2022-12-22 16:00:00,390
2022-12-23,3844.88,2022-12-23 16:00:00,391,20.96,2022-12-23 16:00:00,751,24.1,2022-12-23 16:00:00,390,26.12,2022-12-23 16:00:00,390
2022-12-27,3829.24,2022-12-27 16:00:00,391,21.78,2022-12-27 16:00:00,751,24.49,2022-12-27 16:00:00,390,26.33,2022-12-27 16:00:00,390
2022-12-28,3783.0,2022-12-28 16:00:00,391,22.2,2022-12-28 16:00:00,751,24.65,2022-12-28 16:00:00,390,26.48,2022-12-28 16:00:00,390
2022-12-29,3849.14,2022-12-29 16:00:00,391,21.47,2022-12-29 16:00:00,751,23.98,2022-12-29 16:00:00,390,25.98,2022-12-29 16:00:00,390
2022-12-30,3839.53,2022-12-30 16:00:00,391,21.67,2022-12-30 16:00:00,751,24.3,2022-12-30 16:00:00,390,26.2,2022-12-30 16:00:00,390
2023-01-03,3823.94,2023-01-03 16:00:00,391,22.86,2023-01-03 16:00:00,751,24.55,2023-01-03 16:00:00,390,26.22,2023-01-03 16:00:00,390
2023-01-04,3852.79,2023-01-04 16:00:00,391,22.07,2023-01-04 16:00:00,751,23.85,2023-01-04 16:00:00,390,25.6,2023-01-04 16:00:00,390
2023-01-05,3807.99,2023-01-05 16:00:00,391,22.49,2023-01-05 16:00:00,751,24.03,2023-01-05 16:00:00,390,25.64,2023-01-05 16:00:00,390
2023-01-06,3895.0,2023-01-06 16:00:00,391,21.14,2023-01-06 16:00:00,751,23.15,2023-01-06 16:00:00,390,24.75,2023-01-06 16:00:00,390
2023-01-09,3892.1,2023-01-09 16:00:00,391,21.88,2023-01-09 16:00:00,751,23.68,2023-01-09 16:00:00,390,25.01,2023-01-09 16:00:00,390
2023-01-10,3919.41,2023-01-10 16:00:00,391,20.64,2023-01-10 16:00:00,751,22.73,2023-01-10 16:00:00,390,24.24,2023-01-10 16:00:00,390
2023-01-11,3969.51,2023-01-11 16:00:00,391,21.16,2023-01-11 16:00:00,751,22.74,2023-01-11 16:00:00,390,24.16,2023-01-11 16:00:00,390
2023-01-12,3983.09,2023-01-12 16:00:00,391,18.9,2023-01-12 16:00:00,751,21.58,2023-01-12 16:00:00,390,23.48,2023-01-12 16:00:00,390
2023-01-13,3999.03,2023-01-13 16:00:00,391,18.23,2023-01-13 16:00:00,751,20.97,2023-01-13 16:00:00,390,22.92,2023-01-13 16:00:00,390
2023-01-17,3990.96,2023-01-17 16:00:00,391,19.29,2023-01-17 16:00:00,751,21.37,2023-01-17 16:00:00,390,23.25,2023-01-17 16:00:00,390
2023-01-18,3928.75,2023-01-18 16:00:00,391,20.34,2023-01-18 16:00:00,751,22.33,2023-01-18 16:00:00,390,24.03,2023-01-18 16:00:00,390
2023-01-19,3898.92,2023-01-19 16:00:00,391,20.48,2023-01-19 16:00:00,751,22.36,2023-01-19 16:00:00,390,24.01,2023-01-19 16:00:00,390
2023-01-20,3972.35,2023-01-20 16:00:00,391,19.77,2023-01-20 16:00:00,751,21.63,2023-01-20 16:00:00,390,23.33,2023-01-20 16:00:00,390
2023-01-23,4019.65,2023-01-23 16:00:00,391,19.79,2023-01-23 16:00:00,751,21.6,2023-01-23 16:00:00,390,23.14,2023-01-23 16:00:00,390
2023-01-24,4016.82,2023-01-24 16:00:00,391,19.39,2023-01-24 16:00:00,751,21.08,2023-01-24 16:00:00,390,22.71,2023-01-24 16:00:00,390
2023-01-25,4016.17,2023-01-25 16:00:00,391,19.04,2023-01-25 16:00:00,751,20.92,2023-01-25 16:00:00,390,22.53,2023-01-25 16:00:00,390
2023-01-26,4060.33,2023-01-26 16:00:00,391,18.79,2023-01-26 16:00:00,751,20.72,2023-01-26 16:00:00,390,22.32,2023-01-26 16:00:00,390
2023-01-27,4070.48,2023-01-27 16:00:00,391,18.42,2023-01-27 16:00:00,751,20.4,2023-01-27 16:00:00,390,22.11,2023-01-27 16:00:00,390
2023-01-30,4017.9,2023-01-30 16:00:00,391,19.93,2023-01-30 16:00:00,751,21.36,2023-01-30 16:00:00,390,22.7,2023-01-30 16:00:00,390
2023-01-31,4076.7,2023-01-31 16:00:00,391,19.35,2023-01-31 16:00:00,751,20.82,2023-01-31 16:00:00,390,22.32,2023-01-31 16:00:00,390
2023-02-01,4119.49,2023-02-01 16:00:00,391,18.14,2023-02-01 16:00:00,751,20.19,2023-02-01 16:00:00,390,21.78,2023-02-01 16:00:00,390
2023-02-02,4179.73,2023-02-02 16:00:00,391,18.4,2023-02-02 16:00:00,751,20.62,2023-02-02 16:00:00,390,22.12,2023-02-02 16:00:00,390
2023-02-03,4136.42,2023-02-03 16:00:00,391,18.43,2023-02-03 16:00:00,751,20.85,2023-02-03 16:00:00,390,22.44,2023-02-03 16:00:00,390
2023-02-06,4110.98,2023-02-06 16:00:00,391,19.44,2023-02-06 16:00:00,751,21.43,2023-02-06 16:00:00,390,22.85,2023-02-06 16:00:00,390
2023-02-07,4164.03,2023-02-07 16:00:00,391,18.58,2023-02-07 16:00:00,751,20.82,2023-02-07 16:00:00,390,22.34,2023-02-07 16:00:00,390
2023-02-08,4117.91,2023-02-08 16:00:00,391,19.57,2023-02-08 16:00:00,751,21.78,2023-02-08 16:00:00,390,23.12,2023-02-08 16:00:00,390
2023-02-09,4081.6,2023-02-09 16:00:00,391,20.73,2023-02-09 16:00:00,751,22.47,2023-02-09 16:00:00,390,23.65,2023-02-09 16:00:00,390
2023-02-10,4090.48,2023-02-10 16:00:00,391,20.53,2023-02-10 16:00:00,751,22.58,2023-02-10 16:00:00,390,23.86,2023-02-10 16:00:00,390
2023-02-13,4137.4,2023-02-13 16:00:00,391,20.38,2023-02-13 16:00:00,751,21.99,2023-02-13 16:00:00,390,23.38,2023-02-13 16:00:00,390
2023-02-14,4136.18,2023-02-14 16:00:00,391,18.75,2023-02-14 16:00:00,751,21.03,2023-02-14 16:00:00,390,22.59,2023-02-14 16:00:00,390
2023-02-15,4147.76,2023-02-15 16:00:00,391,18.24,2023-02-15 16:00:00,750,20.66,2023-02-15 16:00:00,390,22.23,2023-02-15 16:00:00,390
2023-02-16,4090.51,2023-02-16 16:00:00,391,20.21,2023-02-16 16:00:00,751,21.9,2023-02-16 16:00:00,390,23.21,2023-02-16 16:00:00,390
2023-02-17,4079.23,2023-02-17 16:00:00,391,19.9,2023-02-17 16:00:00,751,21.64,2023-02-17 16:00:00,390,23.12,2023-02-17 16:00:00,390
2023-02-21,3997.39,2023-02-21 16:00:00,391,22.88,2023-02-21 16:00:00,751,23.32,2023-02-21 16:00:00,390,24.54,2023-02-21 16:00:00,390
2023-02-22,3991.28,2023-02-22 16:00:00,391,22.33,2023-02-22 16:00:00,750,22.68,2023-02-22 16:00:00,390,24.06,2023-02-22 16:00:00,390
2023-02-23,4012.39,2023-02-23 16:00:00,391,21.12,2023-02-23 16:00:00,751,21.73,2023-02-23 16:00:00,390,23.32,2023-02-23 16:00:00,390
2023-02-24,3970.05,2023-02-24 16:00:00,391,21.63,2023-02-24 16:00:00,751,22.36,2023-02-24 16:00:00,390,23.96,2023-02-24 16:00:00,390
2023-02-27,3982.35,2023-02-27 16:00:00,391,20.92,2023-02-27 16:00:00,751,21.59,2023-02-27 16:00:00,390,23.38,2023-02-27 16:00:00,390
2023-02-28,3969.69,2023-02-28 16:00:00,391,20.62,2023-02-28 16:00:00,751,21.24,2023-02-28 16:00:00,390,23.0,2023-02-28 16:00:00,390
2023-03-01,3951.61,2023-03-01 16:00:00,391,20.68,2023-03-01 16:00:00,750,21.41,2023-03-01 16:00:00,390,23.13,2023-03-01 16:00:00,390
2023-03-02,3981.54,2023-03-02 16:00:00,391,19.66,2023-03-02 16:00:00,751,20.65,2023-03-02 16:00:00,390,22.39,2023-03-02 16:00:00,390
2023-03-03,4045.48,2023-03-03 16:00:00,391,18.53,2023-03-03 16:00:00,751,20.0,2023-03-03 16:00:00,390,21.87,2023-03-03 16:00:00,390
2023-03-06,4048.39,2023-03-06 16:00:00,391,18.65,2023-03-06 16:00:00,751,20.0,2023-03-06 16:00:00,390,21.79,2023-03-06 16:00:00,390
2023-03-07,3986.44,2023-03-07 16:00:00,391,19.58,2023-03-07 16:00:00,750,20.6,2023-03-07 16:00:00,390,22.19,2023-03-07 16:00:00,390
2023-03-08,3992.08,2023-03-08 16:00:00,391,19.06,2023-03-08 16:00:00,751,20.16,2023-03-08 16:00:00,390,21.85,2023-03-08 16:00:00,390
2023-03-09,3918.43,2023-03-09 16:00:00,391,22.36,2023-03-09 16:00:00,751,22.67,2023-03-09 16:00:00,390,23.73,2023-03-09 16:00:00,390
2023-03-10,3861.73,2023-03-10 16:00:00,391,24.71,2023-03-10 16:00:00,751,25.28,2023-03-10 16:00:00,390,25.85,2023-03-10 16:00:00,390
2023-03-13,3855.74,2023-03-13 16:00:00,391,26.81,2023-03-13 16:00:00,730,26.88,2023-03-13 16:00:00,390,27.15,2023-03-13 16:00:00,390
2023-03-14,3920.3,2023-03-14 16:00:00,391,23.69,2023-03-14 16:00:00,751,24.75,2023-03-14 16:00:00,390,25.58,2023-03-14 16:00:00,390
2023-03-15,3892.37,2023-03-15 16:00:00,391,25.82,2023-03-15 16:00:00,750,27.01,2023-03-15 16:00:00,390,27.6,2023-03-15 16:00:00,390
2023-03-16,3960.33,2023-03-16 16:00:00,391,23.19,2023-03-16 16:00:00,751,24.72,2023-03-16 16:00:00,390,25.81,2023-03-16 16:00:00,390
2023-03-17,3916.64,2023-03-17 16:00:00,391,25.44,2023-03-17 16:00:00,751,27.34,2023-03-17 16:00:00,390,28.18,2023-03-17 16:00:00,390
2023-03-20,3951.55,2023-03-20 16:00:00,391,24.15,2023-03-20 16:00:00,751,25.84,2023-03-20 16:00:00,390,27.0,2023-03-20 16:00:00,390
2023-03-21,4003.16,2023-03-21 16:00:00,391,21.48,2023-03-21 16:00:00,751,23.6,2023-03-21 16:00:00,390,25.11,2023-03-21 16:00:00,390
2023-03-22,3936.82,2023-03-22 16:00:00,391,22.23,2023-03-22 16:00:00,750,24.37,2023-03-22 16:00:00,390,25.66,2023-03-22 16:00:00,390
2023-03-23,3948.3,2023-03-23 16:00:00,391,22.89,2023-03-23 16:00:00,751,24.71,2023-03-23 16:00:00,390,26.08,2023-03-23 16:00:00,390
2023-03-24,3971.18,2023-03-24 16:00:00,391,21.76,2023-03-24 16:00:00,751,23.95,2023-03-24 16:00:00,390,25.54,2023-03-24 16:00:00,390
2023-03-27,3977.75,2023-03-27 16:00:00,391,20.74,2023-03-27 16:00:00,751,22.96,2023-03-27 16:00:00,390,24.71,2023-03-27 16:00:00,390
2023-03-28,3971.3,2023-03-28 16:00:00,391,20.03,2023-03-28 16:00:00,751,22.42,2023-03-28 16:00:00,390,24.35,2023-03-28 16:00:00,390
2023-03-29,4027.88,2023-03-29 16:00:00,391,19.16,2023-03-29 16:00:00,750,21.52,2023-03-29 16:00:00,390,23.61,2023-03-29 16:00:00,390
2023-03-30,4050.85,2023-03-30 16:00:00,391,19.06,2023-03-30 16:00:00,751,21.47,2023-03-30 16:00:00,390,23.54,2023-03-30 16:00:00,390
2023-03-31,4108.93,2023-03-31 16:00:00,391,18.82,2023-03-31 16:00:00,751,21.31,2023-03-31 16:00:00,390,23.34,2023-03-31 16:00:00,390
2023-04-03,4124.41,2023-04-03 16:00:00,391,18.58,2023-04-03 16:00:00,751,20.87,2023-04-03 16:00:00,390,23.02,2023-04-03 16:00:00,390
2023-04-04,4100.68,2023-04-04 16:00:00,391,19.02,2023-04-04 16:00:00,751,21.37,2023-04-04 16:00:00,390,23.5,2023-04-04 16:00:00,390
2023-04-05,4090.21,2023-04-05 16:00:00,391,19.06,2023-04-05 16:00:00,750,21.45,2023-04-05 16:00:00,390,23.76,2023-04-05 16:00:00,390
2023-04-06,4104.99,2023-04-06 16:00:00,391,18.43,2023-04-06 16:00:00,751,20.98,2023-04-06 16:00:00,390,23.29,2023-04-06 16:00:00,390
2023-04-10,4109.13,2023-04-10 16:00:00,391,18.99,2023-04-10 16:00:00,751,21.09,2023-04-10 16:00:00,390,23.19,2023-04-10 16:00:00,390
2023-04-11,4109.05,2023-04-11 16:00:00,391,19.12,2023-04-11 16:00:00,751,21.04,2023-04-11 16:00:00,390,23.14,2023-04-11 16:00:00,390
2023-04-12,4092.12,2023-04-12 16:00:00,391,19.1,2023-04-12 16:00:00,750,21.07,2023-04-12 16:00:00,390,23.18,2023-04-12 16:00:00,390
2023-04-13,4146.32,2023-04-13 16:00:00,391,17.85,2023-04-13 16:00:00,751,20.27,2023-04-13 16:00:00,390,22.6,2023-04-13 16:00:00,390
2023-04-14,4137.51,2023-04-14 16:00:00,391,17.09,2023-04-14 16:00:00,751,20.05,2023-04-14 16:00:00,390,22.5,2023-04-14 16:00:00,390
2023-04-17,4151.4,2023-04-17 16:00:00,391,16.93,2023-04-17 16:00:00,751,19.64,2023-04-17 16:00:00,390,22.16,2023-04-17 16:00:00,390
2023-04-18,4154.76,2023-04-18 16:00:00,391,16.88,2023-04-18 16:00:00,751,19.8,2023-04-18 16:00:00,390,22.37,2023-04-18 16:00:00,390
2023-04-19,4154.54,2023-04-19 16:00:00,391,16.39,2023-04-19 16:00:00,750,19.99,2023-04-19 16:00:00,390,22.57,2023-04-19 16:00:00,390
2023-04-20,4129.96,2023-04-20 16:00:00,391,17.16,2023-04-20 16:00:00,751,20.53,2023-04-20 16:00:00,390,23.09,2023-04-20 16:00:00,390
2023-04-21,4133.52,2023-04-21 16:00:00,391,16.7,2023-04-21 16:00:00,751,20.31,2023-04-21 16:00:00,390,23.07,2023-04-21 16:00:00,390
2023-04-24,4137.12,2023-04-24 16:00:00,391,16.77,2023-04-24 16:00:00,751,20.31,2023-04-24 16:00:00,390,23.12,2023-04-24 16:00:00,390
2023-04-25,4071.71,2023-04-25 16:00:00,391,19.64,2023-04-25 16:00:00,750,22.17,2023-04-25 16:00:00,389,24.61,2023-04-25 16:00:00,389
2023-04-26,4055.94,2023-04-26 16:00:00,391,19.08,2023-04-26 16:00:00,750,21.65,2023-04-26 16:00:00,390,24.22,2023-04-26 16:00:00,390
2023-04-27,4135.45,2023-04-27 16:00:00,391,16.99,2023-04-27 16:00:00,751,20.34,2023-04-27 16:00:00,390,23.26,2023-04-27 16:00:00,390
2023-04-28,4169.58,2023-04-28 16:00:00,391,15.79,2023-04-28 16:00:00,751,19.56,2023-04-28 16:00:00,390,22.8,2023-04-28 16:00:00,390
2023-05-01,4167.59,2023-05-01 16:00:00,391,16.08,2023-05-01 16:00:00,751,19.62,2023-05-01 16:00:00,390,22.62,2023-05-01 16:00:00,390
2023-05-02,4119.59,2023-05-02 16:00:00,391,17.79,2023-05-02 16:00:00,751,20.75,2023-05-02 16:00:00,390,23.46,2023-05-02 16:00:00,390
2023-05-03,4090.85,2023-05-03 16:00:00,391,18.63,2023-05-03 16:00:00,750,21.5,2023-05-03 16:00:00,390,23.94,2023-05-03 16:00:00,390
2023-05-04,4061.37,2023-05-04 16:00:00,391,20.04,2023-05-04 16:00:00,751,22.69,2023-05-04 16:00:00,390,24.89,2023-05-04 16:00:00,390
2023-05-05,4136.37,2023-05-05 16:00:00,391,17.03,2023-05-05 16:00:00,751,20.71,2023-05-05 16:00:00,390,23.5,2023-05-05 16:00:00,390
2023-05-08,4138.12,2023-05-08 16:00:00,391,17.03,2023-05-08 16:00:00,751,20.74,2023-05-08 16:00:00,390,23.58,2023-05-08 16:00:00,390
2023-05-09,4119.23,2023-05-09 16:00:00,391,17.7,2023-05-09 16:00:00,751,21.21,2023-05-09 16:00:00,390,23.85,2023-05-09 16:00:00,390
2023-05-10,4137.59,2023-05-10 16:00:00,391,16.85,2023-05-10 16:00:00,750,20.66,2023-05-10 16:00:00,390,23.37,2023-05-10 16:00:00,390
2023-05-11,4130.58,2023-05-11 16:00:00,391,16.89,2023-05-11 16:00:00,751,20.57,2023-05-11 16:00:00,390,23.32,2023-05-11 16:00:00,390
2023-05-12,4124.12,2023-05-12 16:00:00,391,16.89,2023-05-12 16:00:00,751,20.65,2023-05-12 16:00:00,390,23.35,2023-05-12 16:00:00,390
2023-05-15,4136.55,2023-05-15 16:00:00,391,17.16,2023-05-15 16:00:00,751,20.32,2023-05-15 16:00:00,390,23.08,2023-05-15 16:00:00,390
2023-05-16,4109.9,2023-05-16 16:00:00,391,18.12,2023-05-16 16:00:00,751,21.05,2023-05-16 16:00:00,390,23.61,2023-05-16 16:00:00,390
2023-05-17,4158.81,2023-05-17 16:00:00,391,16.88,2023-05-17 16:00:00,750,20.13,2023-05-17 16:00:00,390,22.89,2023-05-17 16:00:00,390
2023-05-18,4198.01,2023-05-18 16:00:00,391,16.16,2023-05-18 16:00:00,751,19.35,2023-05-18 16:00:00,390,22.29,2023-05-18 16:00:00,390
2023-05-19,4191.91,2023-05-19 16:00:00,391,16.69,2023-05-19 16:00:00,751,20.0,2023-05-19 16:00:00,390,22.82,2023-05-19 16:00:00,390
2023-05-22,4192.68,2023-05-22 16:00:00,391,17.26,2023-05-22 16:00:00,751,20.4,2023-05-22 16:00:00,390,22.94,2023-05-22 16:00:00,390
2023-05-23,4145.67,2023-05-23 16:00:00,391,18.63,2023-05-23 16:00:00,751,21.14,2023-05-23 16:00:00,390,23.44,2023-05-23 16:00:00,390
2023-05-24,4115.33,2023-05-24 16:00:00,391,20.12,2023-05-24 16:00:00,749,22.08,2023-05-24 16:00:00,390,23.98,2023-05-24 16:00:00,390
2023-05-25,4151.31,2023-05-25 16:00:00,391,19.02,2023-05-25 16:00:00,751,21.34,2023-05-25 16:00:00,390,23.46,2023-05-25 16:00:00,390
2023-05-26,4205.46,2023-05-26 16:00:00,391,17.96,2023-05-26 16:00:00,751,20.47,2023-05-26 16:00:00,390,22.84,2023-05-26 16:00:00,390
2023-05-30,4205.59,2023-05-30 16:00:00,391,17.55,2023-05-30 16:00:00,751,20.23,2023-05-30 16:00:00,390,22.64,2023-05-30 16:00:00,390
2023-05-31,4180.13,2023-05-31 16:00:00,391,17.56,2023-05-31 16:00:00,750,20.1,2023-05-31 16:00:00,390,22.48,2023-05-31 16:00:00,390
2023-06-01,4221.09,2023-06-01 16:00:00,391,15.79,2023-06-01 16:00:00,751,18.79,2023-06-01 16:00:00,390,21.41,2023-06-01 16:00:00,390
2023-06-02,4282.17,2023-06-02 16:00:00,391,14.58,2023-06-02 16:00:00,751,17.87,2023-06-02 16:00:00,390,20.58,2023-06-02 16:00:00,390
2023-06-05,4273.76,2023-06-05 16:00:00,391,14.73,2023-06-05 16:00:00,751,17.96,2023-06-05 16:00:00,390,20.57,2023-06-05 16:00:00,390
2023-06-06,4283.73,2023-06-06 16:00:00,391,14.01,2023-06-06 16:00:00,751,17.11,2023-06-06 16:00:00,390,19.8,2023-06-06 16:00:00,390
2023-06-07,4267.62,2023-06-07 16:00:00,391,13.91,2023-06-07 16:00:00,750,17.14,2023-06-07 16:00:00,390,19.77,2023-06-07 16:00:00,390
2023-06-08,4293.87,2023-06-08 16:00:00,391,13.69,2023-06-08 16:00:00,751,16.9,2023-06-08 16:00:00,390,19.46,2023-06-08 16:00:00,390
2023-06-09,4298.95,2023-06-09 16:00:00,391,13.84,2023-06-09 16:00:00,751,16.97,2023-06-09 16:00:00,390,19.52,2023-06-09 16:00:00,390
2023-06-12,4339.08,2023-06-12 16:00:00,391,14.88,2023-06-12 16:00:00,751,17.26,2023-06-12 16:00:00,390,19.62,2023-06-12 16:00:00,390
2023-06-13,4369.06,2023-06-13 16:00:00,391,14.6,2023-06-13 16:00:00,751,17.21,2023-06-13 16:00:00,390,19.63,2023-06-13 16:00:00,390
2023-06-14,4372.67,2023-06-14 16:00:00,391,13.86,2023-06-14 16:00:00,750,16.82,2023-06-14 16:00:00,390,19.41,2023-06-14 16:00:00,390
2023-06-15,4426.03,2023-06-15 16:00:00,391,14.37,2023-06-15 16:00:00,751,17.03,2023-06-15 16:00:00,390,19.43,2023-06-15 16:00:00,390
2023-06-16,4409.8,2023-06-16 16:00:00,391,13.5,2023-06-16 16:00:00,751,16.71,2023-06-16 16:00:00,390,19.28,2023-06-16 16:00:00,390
2023-06-20,4388.8,2023-06-20 16:00:00,391,13.93,2023-06-20 16:00:00,751,17.3,2023-06-20 16:00:00,390,19.78,2023-06-20 16:00:00,390
2023-06-21,4365.73,2023-06-21 16:00:00,391,13.25,2023-06-21 16:00:00,750,16.93,2023-06-21 16:00:00,390,19.57,2023-06-21 16:00:00,390
2023-06-22,4381.84,2023-06-22 16:00:00,391,12.84,2023-06-22 16:00:00,751,16.49,2023-06-22 16:00:00,390,19.24,2023-06-22 16:00:00,390
2023-06-23,4348.38,2023-06-23 16:00:00,391,13.33,2023-06-23 16:00:00,751,16.82,2023-06-23 16:00:00,390,19.44,2023-06-23 16:00:00,390
2023-06-26,4329.01,2023-06-26 16:00:00,391,14.14,2023-06-26 16:00:00,751,17.01,2023-06-26 16:00:00,390,19.44,2023-06-26 16:00:00,390
2023-06-27,4378.33,2023-06-27 16:00:00,391,13.76,2023-06-27 16:00:00,751,16.41,2023-06-27 16:00:00,390,18.9,2023-06-27 16:00:00,390
2023-06-28,4377.15,2023-06-28 16:00:00,391,13.44,2023-06-28 16:00:00,750,15.9,2023-06-28 16:00:00,390,18.34,2023-06-28 16:00:00,390
2023-06-29,4396.55,2023-06-29 16:00:00,391,13.45,2023-06-29 16:00:00,751,16.08,2023-06-29 16:00:00,390,18.47,2023-06-29 16:00:00,390
2023-06-30,4450.16,2023-06-30 16:00:00,391,13.3,2023-06-30 16:00:00,751,15.91,2023-06-30 16:00:00,390,18.26,2023-06-30 16:00:00,390
2023-07-03,4455.59,2023-07-03 14:23:00,232,13.57,2023-07-03 13:15:00,586,16.07,2023-07-03 13:15:00,225,18.37,2023-07-03 13:15:00,225
2023-07-05,4446.83,2023-07-05 16:00:00,391,14.18,2023-07-05 16:00:00,750,16.53,2023-07-05 16:00:00,390,18.69,2023-07-05 16:00:00,390
2023-07-06,4411.67,2023-07-06 16:00:00,391,15.37,2023-07-06 16:00:00,751,17.47,2023-07-06 16:00:00,390,19.47,2023-07-06 16:00:00,390
2023-07-07,4399.04,2023-07-07 16:00:00,391,14.85,2023-07-07 16:00:00,751,17.26,2023-07-07 16:00:00,390,19.34,2023-07-07 16:00:00,390
2023-07-10,4409.72,2023-07-10 16:00:00,391,15.06,2023-07-10 16:00:00,751,17.23,2023-07-10 16:00:00,390,19.19,2023-07-10 16:00:00,390
2023-07-11,4439.25,2023-07-11 16:00:00,391,14.9,2023-07-11 16:00:00,751,17.05,2023-07-11 16:00:00,390,19.0,2023-07-11 16:00:00,390
2023-07-12,4472.37,2023-07-12 16:00:00,391,13.55,2023-07-12 16:00:00,750,16.13,2023-07-12 16:00:00,390,18.29,2023-07-12 16:00:00,390
2023-07-13,4509.97,2023-07-13 16:00:00,391,13.55,2023-07-13 16:00:00,751,16.05,2023-07-13 16:00:00,390,18.19,2023-07-13 16:00:00,390
2023-07-14,4505.7,2023-07-14 16:00:00,391,13.23,2023-07-14 16:00:00,751,16.04,2023-07-14 16:00:00,390,18.22,2023-07-14 16:00:00,390
2023-07-17,4522.73,2023-07-17 16:00:00,391,13.51,2023-07-17 16:00:00,751,16.25,2023-07-17 16:00:00,390,18.24,2023-07-17 16:00:00,390
2023-07-18,4555.1,2023-07-18 16:00:00,391,13.32,2023-07-18 16:00:00,751,16.1,2023-07-18 16:00:00,390,18.15,2023-07-18 16:00:00,390
2023-07-19,4565.69,2023-07-19 16:00:00,391,13.81,2023-07-19 16:00:00,750,16.58,2023-07-19 16:00:00,390,18.59,2023-07-19 16:00:00,390
2023-07-20,4534.8,2023-07-20 16:00:00,391,14.0,2023-07-20 16:00:00,751,16.68,2023-07-20 16:00:00,390,18.75,2023-07-20 16:00:00,390
2023-07-21,4536.32,2023-07-21 16:00:00,391,13.62,2023-07-21 16:00:00,751,16.41,2023-07-21 16:00:00,390,18.52,2023-07-21 16:00:00,390
2023-07-24,4554.67,2023-07-24 16:00:00,391,13.88,2023-07-24 16:00:00,751,16.25,2023-07-24 16:00:00,390,18.39,2023-07-24 16:00:00,390
2023-07-25,4567.53,2023-07-25 16:00:00,391,13.98,2023-07-25 16:00:00,751,16.28,2023-07-25 16:00:00,390,18.4,2023-07-25 16:00:00,390
2023-07-26,4566.96,2023-07-26 16:00:00,391,13.25,2023-07-26 16:00:00,751,15.74,2023-07-26 16:00:00,390,18.14,2023-07-26 16:00:00,390
2023-07-27,4537.43,2023-07-27 16:00:00,391,14.56,2023-07-27 16:00:00,751,16.72,2023-07-27 16:00:00,390,18.8,2023-07-27 16:00:00,390
2023-07-28,4582.14,2023-07-28 16:00:00,391,13.33,2023-07-28 16:00:00,751,15.89,2023-07-28 16:00:00,390,18.28,2023-07-28 16:00:00,390
2023-07-31,4589.15,2023-07-31 16:00:00,391,13.59,2023-07-31 16:00:00,751,16.01,2023-07-31 16:00:00,390,18.42,2023-07-31 16:00:00,390
2023-08-01,4576.72,2023-08-01 16:00:00,391,13.89,2023-08-01 16:00:00,751,16.3,2023-08-01 16:00:00,390,18.63,2023-08-01 16:00:00,390
2023-08-02,4513.45,2023-08-02 16:00:00,391,16.1,2023-08-02 16:00:00,751,18.02,2023-08-02 16:00:00,390,19.94,2023-08-02 16:00:00,390
2023-08-03,4501.73,2023-08-03 16:00:00,391,16.41,2023-08-03 16:00:00,751,18.04,2023-08-03 16:00:00,390,19.92,2023-08-03 16:00:00,390
2023-08-04,4478.38,2023-08-04 16:00:00,391,17.18,2023-08-04 16:00:00,751,18.67,2023-08-04 16:00:00,390,20.21,2023-08-04 16:00:00,390
2023-08-07,4518.53,2023-08-07 16:00:00,391,15.84,2023-08-07 16:00:00,751,17.78,2023-08-07 16:00:00,390,19.5,2023-08-07 16:00:00,390
2023-08-08,4499.33,2023-08-08 16:00:00,391,16.0,2023-08-08 16:00:00,751,18.13,2023-08-08 16:00:00,390,19.93,2023-08-08 16:00:00,390
2023-08-09,4467.84,2023-08-09 16:00:00,391,16.03,2023-08-09 16:00:00,750,18.15,2023-08-09 16:00:00,390,19.94,2023-08-09 16:00:00,390
2023-08-10,4468.91,2023-08-10 16:00:00,391,15.9,2023-08-10 16:00:00,751,18.21,2023-08-10 16:00:00,390,19.86,2023-08-10 16:00:00,390
2023-08-11,4464.18,2023-08-11 16:00:00,391,14.99,2023-08-11 16:00:00,751,17.7,2023-08-11 16:00:00,390,19.68,2023-08-11 16:00:00,390
2023-08-14,4489.83,2023-08-14 16:00:00,391,14.79,2023-08-14 16:00:00,751,17.39,2023-08-14 16:00:00,390,19.36,2023-08-14 16:00:00,390
2023-08-15,4437.79,2023-08-15 16:00:00,391,16.35,2023-08-15 16:00:00,751,18.55,2023-08-15 16:00:00,390,20.3,2023-08-15 16:00:00,390
2023-08-16,4404.27,2023-08-16 16:00:00,391,16.83,2023-08-16 16:00:00,747,19.03,2023-08-16 16:00:00,390,20.75,2023-08-16 16:00:00,390
2023-08-17,4370.13,2023-08-17 16:00:00,391,17.95,2023-08-17 16:00:00,751,19.88,2023-08-17 16:00:00,390,21.42,2023-08-17 16:00:00,390
2023-08-18,4370.04,2023-08-18 16:00:00,391,17.22,2023-08-18 16:00:00,751,19.15,2023-08-18 16:00:00,390,20.98,2023-08-18 16:00:00,390
2023-08-21,4399.91,2023-08-21 16:00:00,391,17.08,2023-08-21 16:00:00,751,18.75,2023-08-21 16:00:00,390,20.69,2023-08-21 16:00:00,390
2023-08-22,4387.65,2023-08-22 16:00:00,391,16.98,2023-08-22 16:00:00,751,18.7,2023-08-22 16:00:00,390,20.75,2023-08-22 16:00:00,390
2023-08-23,4436.13,2023-08-23 16:00:00,391,15.99,2023-08-23 16:00:00,750,17.94,2023-08-23 16:00:00,390,20.16,2023-08-23 16:00:00,390
2023-08-24,4376.21,2023-08-24 16:00:00,391,17.29,2023-08-24 16:00:00,751,18.83,2023-08-24 16:00:00,390,20.68,2023-08-24 16:00:00,390
2023-08-25,4405.73,2023-08-25 16:00:00,391,15.63,2023-08-25 16:00:00,751,17.69,2023-08-25 16:00:00,390,19.72,2023-08-25 16:00:00,390
2023-08-28,4433.28,2023-08-28 16:00:00,391,15.14,2023-08-28 16:00:00,751,17.14,2023-08-28 16:00:00,390,19.33,2023-08-28 16:00:00,390
2023-08-29,4497.77,2023-08-29 16:00:00,391,14.4,2023-08-29 16:00:00,751,16.57,2023-08-29 16:00:00,390,18.74,2023-08-29 16:00:00,390
2023-08-30,4515.0,2023-08-30 16:00:00,391,13.89,2023-08-30 16:00:00,751,16.19,2023-08-30 16:00:00,390,18.53,2023-08-30 16:00:00,390
2023-08-31,4507.54,2023-08-31 16:00:00,391,13.56,2023-08-31 16:00:00,751,15.9,2023-08-31 16:00:00,390,18.3,2023-08-31 16:00:00,390
2023-09-01,4515.74,2023-09-01 16:00:00,391,13.09,2023-09-01 16:00:00,751,15.73,2023-09-01 16:00:00,390,18.16,2023-09-01 16:00:00,390
2023-09-05,4496.79,2023-09-05 16:00:00,391,13.94,2023-09-05 16:00:00,751,16.2,2023-09-05 16:00:00,390,18.3,2023-09-05 16:00:00,390
2023-09-06,4465.61,2023-09-06 16:00:00,391,14.4,2023-09-06 16:00:00,751,16.59,2023-09-06 16:00:00,390,18.61,2023-09-06 16:00:00,390
2023-09-07,4451.2,2023-09-07 16:00:00,391,14.49,2023-09-07 16:00:00,751,16.62,2023-09-07 16:00:00,390,18.64,2023-09-07 16:00:00,390
2023-09-08,4457.58,2023-09-08 16:00:00,391,13.95,2023-09-08 16:00:00,751,16.27,2023-09-08 16:00:00,390,18.36,2023-09-08 16:00:00,390
2023-09-11,4487.59,2023-09-11 16:00:00,391,13.8,2023-09-11 16:00:00,751,16.01,2023-09-11 16:00:00,390,18.05,2023-09-11 16:00:00,390
2023-09-12,4462.03,2023-09-12 16:00:00,391,14.23,2023-09-12 16:00:00,751,16.27,2023-09-12 16:00:00,390,18.24,2023-09-12 16:00:00,390
2023-09-13,4467.48,2023-09-13 16:00:00,391,13.49,2023-09-13 16:00:00,751,15.92,2023-09-13 16:00:00,390,18.0,2023-09-13 16:00:00,390
2023-09-14,4505.18,2023-09-14 16:00:00,391,12.86,2023-09-14 16:00:00,751,15.38,2023-09-14 16:00:00,390,17.62,2023-09-14 16:00:00,390
2023-09-15,4450.3,2023-09-15 16:00:00,391,13.88,2023-09-15 16:00:00,751,16.06,2023-09-15 16:00:00,390,18.18,2023-09-15 16:00:00,390
2023-09-18,4453.53,2023-09-18 16:00:00,391,14.07,2023-09-18 16:00:00,751,16.15,2023-09-18 16:00:00,390,18.21,2023-09-18 16:00:00,390
2023-09-19,4444.04,2023-09-19 16:00:00,391,14.11,2023-09-19 16:00:00,751,16.1,2023-09-19 16:00:00,390,18.16,2023-09-19 16:00:00,390
2023-09-20,4402.25,2023-09-20 16:00:00,391,14.99,2023-09-20 16:00:00,750,16.74,2023-09-20 16:00:00,390,18.57,2023-09-20 16:00:00,390
2023-09-21,4329.95,2023-09-21 16:00:00,391,17.22,2023-09-21 16:00:00,751,18.05,2023-09-21 16:00:00,390,19.47,2023-09-21 16:00:00,390
2023-09-22,4319.95,2023-09-22 16:00:00,391,17.08,2023-09-22 16:00:00,751,18.0,2023-09-22 16:00:00,390,19.51,2023-09-22 16:00:00,390
2023-09-25,4337.51,2023-09-25 16:00:00,391,16.8,2023-09-25 16:00:00,751,17.99,2023-09-25 16:00:00,390,19.61,2023-09-25 16:00:00,390
2023-09-26,4273.51,2023-09-26 16:00:00,391,19.1,2023-09-26 16:00:00,751,19.88,2023-09-26 16:00:00,390,21.1,2023-09-26 16:00:00,390
2023-09-27,4274.61,2023-09-27 16:00:00,391,18.31,2023-09-27 16:00:00,750,19.17,2023-09-27 16:00:00,390,20.75,2023-09-27 16:00:00,390
2023-09-28,4299.73,2023-09-28 16:00:00,391,17.39,2023-09-28 16:00:00,751,18.41,2023-09-28 16:00:00,390,20.1,2023-09-28 16:00:00,390
2023-09-29,4288.24,2023-09-29 16:00:00,391,17.74,2023-09-29 16:00:00,751,18.59,2023-09-29 16:00:00,390,20.26,2023-09-29 16:00:00,390
2023-10-02,4288.4,2023-10-02 16:00:00,391,17.6,2023-10-02 16:00:00,751,18.59,2023-10-02 16:00:00,390,20.22,2023-10-02 16:00:00,390
2023-10-03,4229.6,2023-10-03 16:00:00,391,19.84,2023-10-03 16:00:00,751,20.44,2023-10-03 16:00:00,390,21.66,2023-10-03 16:00:00,390
2023-10-04,4263.42,2023-10-04 16:00:00,391,18.52,2023-10-04 16:00:00,750,19.53,2023-10-04 16:00:00,390,21.1,2023-10-04 16:00:00,390
2023-10-05,4258.19,2023-10-05 16:00:00,391,18.36,2023-10-05 16:00:00,751,19.43,2023-10-05 16:00:00,390,21.08,2023-10-05 16:00:00,390
2023-10-06,4308.48,2023-10-06 16:00:00,391,17.52,2023-10-06 16:00:00,751,18.77,2023-10-06 16:00:00,390,20.53,2023-10-06 16:00:00,390
2023-10-09,4335.65,2023-10-09 16:00:00,391,17.7,2023-10-09 16:00:00,751,18.82,2023-10-09 16:00:00,390,20.57,2023-10-09 16:00:00,390
2023-10-10,4358.25,2023-10-10 16:00:00,391,17.07,2023-10-10 16:00:00,751,18.29,2023-10-10 16:00:00,390,20.14,2023-10-10 16:00:00,390
2023-10-11,4376.94,2023-10-11 16:00:00,391,16.25,2023-10-11 16:00:00,751,17.75,2023-10-11 16:00:00,390,19.73,2023-10-11 16:00:00,390
2023-10-12,4349.6,2023-10-12 16:00:00,391,16.73,2023-10-12 16:00:00,751,18.12,2023-10-12 16:00:00,390,20.0,2023-10-12 16:00:00,390
2023-10-13,4327.81,2023-10-13 16:00:00,391,19.28,2023-10-13 16:00:00,751,20.48,2023-10-13 16:00:00,390,21.78,2023-10-13 16:00:00,390
2023-10-16,4373.67,2023-10-16 16:00:00,391,17.36,2023-10-16 16:00:00,751,18.88,2023-10-16 16:00:00,390,20.72,2023-10-16 16:00:00,390
2023-10-17,4373.21,2023-10-17 16:00:00,391,17.79,2023-10-17 16:00:00,751,19.17,2023-10-17 16:00:00,390,20.97,2023-10-17 16:00:00,390
2023-10-18,4314.6,2023-10-18 16:00:00,391,19.52,2023-10-18 16:00:00,750,20.63,2023-10-18 16:00:00,390,22.1,2023-10-18 16:00:00,390
2023-10-19,4277.95,2023-10-19 16:00:00,391,20.96,2023-10-19 16:00:00,751,21.92,2023-10-19 16:00:00,390,23.13,2023-10-19 16:00:00,390
2023-10-20,4224.09,2023-10-20 16:00:00,391,21.44,2023-10-20 16:00:00,751,22.31,2023-10-20 16:00:00,390,23.52,2023-10-20 16:00:00,390
2023-10-23,4216.96,2023-10-23 16:00:00,391,20.51,2023-10-23 16:00:00,751,21.43,2023-10-23 16:00:00,390,22.83,2023-10-23 16:00:00,390
2023-10-24,4247.65,2023-10-24 16:00:00,391,18.97,2023-10-24 16:00:00,751,20.05,2023-10-24 16:00:00,390,21.82,2023-10-24 16:00:00,390
2023-10-25,4186.75,2023-10-25 16:00:00,391,20.45,2023-10-25 16:00:00,750,21.54,2023-10-25 16:00:00,390,23.05,2023-10-25 16:00:00,390
2023-10-26,4137.19,2023-10-26 16:00:00,391,21.04,2023-10-26 16:00:00,751,21.79,2023-10-26 16:00:00,390,23.18,2023-10-26 16:00:00,390
2023-10-27,4117.43,2023-10-27 16:00:00,391,21.24,2023-10-27 16:00:00,751,22.22,2023-10-27 16:00:00,390,23.6,2023-10-27 16:00:00,390
2023-10-30,4166.78,2023-10-30 16:00:00,391,19.7,2023-10-30 16:00:00,751,20.79,2023-10-30 16:00:00,390,22.48,2023-10-30 16:00:00,390
2023-10-31,4193.77,2023-10-31 16:00:00,391,18.04,2023-10-31 16:00:00,751,19.46,2023-10-31 16:00:00,390,21.31,2023-10-31 16:00:00,390
2023-11-01,4237.86,2023-11-01 16:00:00,391,16.85,2023-11-01 16:00:00,750,18.56,2023-11-01 16:00:00,390,20.46,2023-11-01 16:00:00,390
2023-11-02,4317.78,2023-11-02 16:00:00,391,15.59,2023-11-02 16:00:00,751,17.76,2023-11-02 16:00:00,390,19.81,2023-11-02 16:00:00,390
2023-11-03,4358.33,2023-11-03 16:00:00,391,15.09,2023-11-03 16:00:00,751,17.35,2023-11-03 16:00:00,390,19.43,2023-11-03 16:00:00,390
2023-11-06,4366.0,2023-11-06 16:00:00,391,14.86,2023-11-06 16:00:00,751,17.03,2023-11-06 16:00:00,390,19.2,2023-11-06 16:00:00,390
2023-11-07,4378.39,2023-11-07 16:00:00,391,14.83,2023-11-07 16:00:00,751,16.93,2023-11-07 16:00:00,390,19.16,2023-11-07 16:00:00,390
2023-11-08,4382.82,2023-11-08 16:00:00,391,14.43,2023-11-08 16:00:00,750,16.62,2023-11-08 16:00:00,390,18.86,2023-11-08 16:00:00,390
2023-11-09,4347.32,2023-11-09 16:00:00,391,15.35,2023-11-09 16:00:00,751,17.34,2023-11-09 16:00:00,390,19.39,2023-11-09 16:00:00,390
2023-11-10,4415.28,2023-11-10 16:00:00,391,14.21,2023-11-10 16:00:00,751,16.52,2023-11-10 16:00:00,390,18.72,2023-11-10 16:00:00,390
2023-11-13,4411.53,2023-11-13 16:00:00,391,14.76,2023-11-13 16:00:00,751,16.6,2023-11-13 16:00:00,390,18.8,2023-11-13 16:00:00,390
2023-11-14,4495.54,2023-11-14 16:00:00,391,14.09,2023-11-14 16:00:00,751,16.24,2023-11-14 16:00:00,390,18.49,2023-11-14 16:00:00,390
2023-11-15,4502.93,2023-11-15 16:00:00,391,14.1,2023-11-15 16:00:00,750,16.23,2023-11-15 16:00:00,390,18.54,2023-11-15 16:00:00,390
2023-11-16,4508.26,2023-11-16 16:00:00,391,14.23,2023-11-16 16:00:00,751,16.08,2023-11-16 16:00:00,390,18.45,2023-11-16 16:00:00,390
2023-11-17,4514.04,2023-11-17 16:00:00,391,13.78,2023-11-17 16:00:00,751,15.82,2023-11-17 16:00:00,390,18.32,2023-11-17 16:00:00,390
2023-11-20,4547.41,2023-11-20 16:00:00,391,13.42,2023-11-20 16:00:00,751,15.67,2023-11-20 16:00:00,390,18.21,2023-11-20 16:00:00,390
2023-11-21,4538.19,2023-11-21 16:00:00,391,13.31,2023-11-21 16:00:00,751,15.49,2023-11-21 16:00:00,390,18.03,2023-11-21 16:00:00,390
2023-11-22,4556.61,2023-11-22 16:00:00,391,12.9,2023-11-22 16:00:00,750,15.48,2023-11-22 16:00:00,390,18.08,2023-11-22 16:00:00,390
2023-11-24,4559.34,2023-11-24 14:15:00,232,12.46,2023-11-24 13:15:00,586,15.12,2023-11-24 13:15:00,225,17.81,2023-11-24 13:15:00,225
2023-11-27,4550.42,2023-11-27 16:00:00,391,12.71,2023-11-27 16:00:00,751,15.35,2023-11-27 16:00:00,390,17.9,2023-11-27 16:00:00,390
2023-11-28,4554.9,2023-11-28 16:00:00,391,12.63,2023-11-28 16:00:00,751,15.21,2023-11-28 16:00:00,390,17.79,2023-11-28 16:00:00,390
2023-11-29,4550.64,2023-11-29 16:00:00,391,12.98,2023-11-29 16:00:00,750,15.53,2023-11-29 16:00:00,390,18.04,2023-11-29 16:00:00,390
2023-11-30,4567.69,2023-11-30 16:00:00,391,12.87,2023-11-30 16:00:00,751,15.39,2023-11-30 16:00:00,390,17.94,2023-11-30 16:00:00,390
2023-12-01,4594.63,2023-12-01 16:00:00,391,12.64,2023-12-01 16:00:00,751,15.33,2023-12-01 16:00:00,390,17.81,2023-12-01 16:00:00,390
2023-12-04,4569.78,2023-12-04 16:00:00,391,13.05,2023-12-04 16:00:00,751,15.66,2023-12-04 16:00:00,390,18.11,2023-12-04 16:00:00,390
2023-12-05,4567.21,2023-12-05 16:00:00,391,12.83,2023-12-05 16:00:00,751,15.55,2023-12-05 16:00:00,390,17.99,2023-12-05 16:00:00,390
2023-12-06,4549.37,2023-12-06 16:00:00,391,12.94,2023-12-06 16:00:00,751,15.71,2023-12-06 16:00:00,390,18.13,2023-12-06 16:00:00,390
2023-12-07,4585.58,2023-12-07 16:00:00,391,13.05,2023-12-07 16:00:00,751,15.68,2023-12-07 16:00:00,390,17.98,2023-12-07 16:00:00,390
2023-12-08,4604.37,2023-12-08 16:00:00,391,12.45,2023-12-08 16:00:00,751,15.2,2023-12-08 16:00:00,390,17.66,2023-12-08 16:00:00,390
2023-12-11,4622.41,2023-12-11 16:00:00,391,12.66,2023-12-11 16:00:00,751,15.19,2023-12-11 16:00:00,390,17.53,2023-12-11 16:00:00,390
2023-12-12,4643.71,2023-12-12 16:00:00,391,12.03,2023-12-12 16:00:00,751,14.82,2023-12-12 16:00:00,390,17.21,2023-12-12 16:00:00,390
2023-12-13,4707.17,2023-12-13 16:00:00,391,12.13,2023-12-13 16:00:00,750,14.62,2023-12-13 16:00:00,390,16.98,2023-12-13 16:00:00,390
2023-12-14,4719.57,2023-12-14 16:00:00,391,12.35,2023-12-14 16:00:00,751,14.69,2023-12-14 16:00:00,390,16.97,2023-12-14 16:00:00,390
2023-12-15,4718.91,2023-12-15 16:00:00,391,12.31,2023-12-15 16:00:00,751,15.12,2023-12-15 16:00:00,390,17.34,2023-12-15 16:00:00,390
2023-12-18,4740.54,2023-12-18 16:00:00,391,12.51,2023-12-18 16:00:00,751,15.45,2023-12-18 16:00:00,390,17.57,2023-12-18 16:00:00,390
2023-12-19,4768.38,2023-12-19 16:00:00,391,12.5,2023-12-19 16:00:00,751,15.62,2023-12-19 16:00:00,390,17.8,2023-12-19 16:00:00,390
2023-12-20,4698.39,2023-12-20 16:00:00,391,13.78,2023-12-20 16:00:00,750,16.75,2023-12-20 16:00:00,390,18.79,2023-12-20 16:00:00,390
2023-12-21,4746.71,2023-12-21 16:00:00,391,13.59,2023-12-21 16:00:00,751,16.28,2023-12-21 16:00:00,390,18.39,2023-12-21 16:00:00,390
2023-12-22,4754.64,2023-12-22 16:00:00,391,13.03,2023-12-22 16:00:00,751,16.0,2023-12-22 16:00:00,390,18.19,2023-12-22 16:00:00,390
2023-12-26,4774.76,2023-12-26 16:00:00,391,12.97,2023-12-26 16:00:00,751,15.85,2023-12-26 16:00:00,390,18.07,2023-12-26 16:00:00,390
2023-12-27,4781.62,2023-12-27 16:00:00,391,12.39,2023-12-27 16:00:00,750,15.18,2023-12-27 16:00:00,390,17.53,2023-12-27 16:00:00,390
2023-12-28,4783.37,2023-12-28 16:00:00,391,12.47,2023-12-28 16:00:00,751,15.19,2023-12-28 16:00:00,390,17.49,2023-12-28 16:00:00,390
2023-12-29,4769.89,2023-12-29 16:00:00,391,12.44,2023-12-29 16:00:00,751,15.22,2023-12-29 16:00:00,390,17.52,2023-12-29 16:00:00,390
2024-01-02,4742.88,2024-01-02 16:00:00,391,13.23,2024-01-02 16:00:00,751,15.5,2024-01-02 16:00:00,390,17.71,2024-01-02 16:00:00,390
2024-01-03,4704.79,2024-01-03 16:00:00,391,13.96,2024-01-03 16:00:00,750,16.01,2024-01-03 16:00:00,390,18.06,2024-01-03 16:00:00,390
2024-01-04,4688.69,2024-01-04 16:00:00,391,14.08,2024-01-04 16:00:00,751,16.04,2024-01-04 16:00:00,390,18.02,2024-01-04 16:00:00,390
2024-01-05,4697.22,2024-01-05 16:00:00,391,13.38,2024-01-05 16:00:00,751,15.52,2024-01-05 16:00:00,390,17.57,2024-01-05 16:00:00,390
2024-01-08,4763.54,2024-01-08 16:00:00,391,13.03,2024-01-08 16:00:00,751,15.12,2024-01-08 16:00:00,390,17.06,2024-01-08 16:00:00,390
2024-01-09,4756.47,2024-01-09 16:00:00,391,12.76,2024-01-09 16:00:00,751,14.88,2024-01-09 16:00:00,390,16.94,2024-01-09 16:00:00,390
2024-01-10,4783.44,2024-01-10 16:00:00,391,12.71,2024-01-10 16:00:00,750,14.7,2024-01-10 16:00:00,390,16.72,2024-01-10 16:00:00,390
2024-01-11,4780.27,2024-01-11 16:00:00,391,12.44,2024-01-11 16:00:00,751,14.58,2024-01-11 16:00:00,390,16.71,2024-01-11 16:00:00,390
2024-01-12,4783.84,2024-01-12 16:00:00,391,12.69,2024-01-12 16:00:00,751,14.9,2024-01-12 16:00:00,390,16.83,2024-01-12 16:00:00,390
2024-01-16,4765.95,2024-01-16 16:00:00,391,13.82,2024-01-16 16:00:00,751,15.75,2024-01-16 16:00:00,390,17.43,2024-01-16 16:00:00,390
2024-01-17,4739.24,2024-01-17 16:00:00,391,14.77,2024-01-17 16:00:00,750,16.33,2024-01-17 16:00:00,390,17.89,2024-01-17 16:00:00,390
2024-01-18,4780.94,2024-01-18 16:00:00,391,14.23,2024-01-18 16:00:00,751,15.88,2024-01-18 16:00:00,390,17.49,2024-01-18 16:00:00,390
2024-01-19,4839.8,2024-01-19 16:00:00,391,13.32,2024-01-19 16:00:00,751,15.27,2024-01-19 16:00:00,390,16.97,2024-01-19 16:00:00,390
2024-01-22,4850.43,2024-01-22 16:00:00,391,13.2,2024-01-22 16:00:00,751,14.96,2024-01-22 16:00:00,390,16.71,2024-01-22 16:00:00,390
2024-01-23,4864.61,2024-01-23 16:00:00,391,12.58,2024-01-23 16:00:00,751,14.51,2024-01-23 16:00:00,390,16.33,2024-01-23 16:00:00,390
2024-01-24,4868.57,2024-01-24 16:00:00,391,13.01,2024-01-24 16:00:00,750,14.85,2024-01-24 16:00:00,390,16.66,2024-01-24 16:00:00,390
2024-01-25,4894.17,2024-01-25 16:00:00,391,13.46,2024-01-25 16:00:00,751,15.11,2024-01-25 16:00:00,390,16.84,2024-01-25 16:00:00,390
2024-01-26,4890.97,2024-01-26 16:00:00,391,13.24,2024-01-26 16:00:00,751,15.01,2024-01-26 16:00:00,390,16.83,2024-01-26 16:00:00,390
2024-01-29,4927.94,2024-01-29 16:00:00,391,13.61,2024-01-29 16:00:00,751,15.21,2024-01-29 16:00:00,390,16.97,2024-01-29 16:00:00,390
2024-01-30,4924.94,2024-01-30 16:00:00,391,13.27,2024-01-30 16:00:00,751,15.1,2024-01-30 16:00:00,390,16.89,2024-01-30 16:00:00,390
2024-01-31,4845.57,2024-01-31 16:00:00,391,14.6,2024-01-31 16:00:00,750,16.12,2024-01-31 16:00:00,390,17.67,2024-01-31 16:00:00,390
2024-02-01,4906.24,2024-02-01 16:00:00,391,14.15,2024-02-01 16:00:00,751,15.68,2024-02-01 16:00:00,390,17.35,2024-02-01 16:00:00,390
2024-02-02,4958.6,2024-02-02 16:00:00,391,13.95,2024-02-02 16:00:00,751,15.64,2024-02-02 16:00:00,390,17.35,2024-02-02 16:00:00,390
2024-02-05,4942.79,2024-02-05 16:00:00,391,13.72,2024-02-05 16:00:00,751,15.39,2024-02-05 16:00:00,390,17.07,2024-02-05 16:00:00,390
2024-02-06,4954.24,2024-02-06 16:00:00,391,13.01,2024-02-06 16:00:00,751,14.94,2024-02-06 16:00:00,390,16.76,2024-02-06 16:00:00,390
2024-02-07,4995.05,2024-02-07 16:00:00,391,12.85,2024-02-07 16:00:00,751,14.87,2024-02-07 16:00:00,390,16.68,2024-02-07 16:00:00,390
2024-02-08,4997.96,2024-02-08 16:00:00,391,12.77,2024-02-08 16:00:00,751,14.91,2024-02-08 16:00:00,390,16.72,2024-02-08 16:00:00,390
2024-02-09,5026.57,2024-02-09 16:00:00,391,12.93,2024-02-09 16:00:00,751,15.05,2024-02-09 16:00:00,390,16.92,2024-02-09 16:00:00,390
2024-02-12,5021.9,2024-02-12 16:00:00,391,13.86,2024-02-12 16:00:00,751,15.62,2024-02-12 16:00:00,390,17.33,2024-02-12 16:00:00,390
2024-02-13,4953.16,2024-02-13 16:00:00,391,15.94,2024-02-13 16:00:00,751,16.93,2024-02-13 16:00:00,390,18.24,2024-02-13 16:00:00,390
2024-02-14,5000.52,2024-02-14 16:00:00,391,14.42,2024-02-14 16:00:00,751,15.98,2024-02-14 16:00:00,390,17.62,2024-02-14 16:00:00,390
2024-02-15,5029.76,2024-02-15 16:00:00,391,14.18,2024-02-15 16:00:00,751,15.82,2024-02-15 16:00:00,390,17.56,2024-02-15 16:00:00,390
2024-02-16,5005.55,2024-02-16 16:00:00,391,14.23,2024-02-16 16:00:00,751,15.84,2024-02-16 16:00:00,390,17.58,2024-02-16 16:00:00,390
2024-02-20,4975.55,2024-02-20 16:00:00,391,15.31,2024-02-20 16:00:00,751,16.36,2024-02-20 16:00:00,390,17.96,2024-02-20 16:00:00,390
2024-02-21,4981.83,2024-02-21 16:00:00,391,15.26,2024-02-21 16:00:00,750,16.2,2024-02-21 16:00:00,390,17.74,2024-02-21 16:00:00,390
2024-02-22,5087.02,2024-02-22 16:00:00,391,14.58,2024-02-22 16:00:00,751,15.79,2024-02-22 16:00:00,390,17.41,2024-02-22 16:00:00,390
2024-02-23,5088.84,2024-02-23 16:00:00,391,13.77,2024-02-23 16:00:00,751,15.26,2024-02-23 16:00:00,390,17.11,2024-02-23 16:00:00,390
2024-02-26,5069.53,2024-02-26 16:00:00,391,13.73,2024-02-26 16:00:00,751,15.24,2024-02-26 16:00:00,390,17.05,2024-02-26 16:00:00,390
2024-02-27,5078.2,2024-02-27 16:00:00,391,13.46,2024-02-27 16:00:00,750,14.88,2024-02-27 16:00:00,390,16.78,2024-02-27 16:00:00,390
2024-02-28,5069.81,2024-02-28 16:00:00,391,13.68,2024-02-28 16:00:00,751,15.11,2024-02-28 16:00:00,390,16.95,2024-02-28 16:00:00,390
2024-02-29,5095.88,2024-02-29 16:00:00,391,13.44,2024-02-29 16:00:00,751,14.96,2024-02-29 16:00:00,390,16.88,2024-02-29 16:00:00,390
2024-03-01,5137.09,2024-03-01 16:00:00,391,13.16,2024-03-01 16:00:00,751,14.94,2024-03-01 16:00:00,390,16.87,2024-03-01 16:00:00,390
2024-03-04,5130.95,2024-03-04 16:00:00,391,13.49,2024-03-04 16:00:00,751,15.24,2024-03-04 16:00:00,390,17.1,2024-03-04 16:00:00,390
2024-03-05,5078.66,2024-03-05 16:00:00,391,14.49,2024-03-05 16:00:00,751,15.98,2024-03-05 16:00:00,390,17.65,2024-03-05 16:00:00,390
2024-03-06,5104.77,2024-03-06 16:00:00,391,14.43,2024-03-06 16:00:00,751,15.94,2024-03-06 16:00:00,390,17.64,2024-03-06 16:00:00,390
2024-03-07,5157.34,2024-03-07 16:00:00,391,14.41,2024-03-07 16:00:00,751,15.86,2024-03-07 16:00:00,390,17.56,2024-03-07 16:00:00,390
2024-03-08,5123.71,2024-03-08 16:00:00,391,14.76,2024-03-08 16:00:00,751,16.3,2024-03-08 16:00:00,390,17.97,2024-03-08 16:00:00,390
2024-03-11,5117.95,2024-03-11 16:00:00,391,15.16,2024-03-11 16:00:00,751,16.44,2024-03-11 16:00:00,390,18.1,2024-03-11 16:00:00,390
2024-03-12,5175.24,2024-03-12 16:00:00,391,13.86,2024-03-12 16:00:00,751,15.67,2024-03-12 16:00:00,390,17.59,2024-03-12 16:00:00,390
2024-03-13,5165.35,2024-03-13 16:00:00,391,13.78,2024-03-13 16:00:00,751,15.68,2024-03-13 16:00:00,390,17.61,2024-03-13 16:00:00,390
2024-03-14,5150.55,2024-03-14 16:00:00,391,14.42,2024-03-14 16:00:00,751,16.14,2024-03-14 16:00:00,390,17.93,2024-03-14 16:00:00,390
2024-03-15,5116.98,2024-03-15 16:00:00,391,14.43,2024-03-15 16:00:00,751,16.42,2024-03-15 16:00:00,390,18.17,2024-03-15 16:00:00,390
2024-03-18,5149.39,2024-03-18 16:00:00,391,14.4,2024-03-18 16:00:00,751,16.28,2024-03-18 16:00:00,390,18.06,2024-03-18 16:00:00,390
2024-03-19,5178.49,2024-03-19 16:00:00,391,13.84,2024-03-19 16:00:00,751,15.78,2024-03-19 16:00:00,390,17.63,2024-03-19 16:00:00,390
2024-03-20,5224.59,2024-03-20 16:00:00,391,13.03,2024-03-20 16:00:00,750,15.28,2024-03-20 16:00:00,390,17.29,2024-03-20 16:00:00,390
2024-03-21,5241.52,2024-03-21 16:00:00,391,13.01,2024-03-21 16:00:00,751,15.24,2024-03-21 16:00:00,390,17.27,2024-03-21 16:00:00,390
2024-03-22,5234.16,2024-03-22 16:00:00,391,13.04,2024-03-22 16:00:00,751,15.23,2024-03-22 16:00:00,390,17.32,2024-03-22 16:00:00,390
2024-03-25,5218.25,2024-03-25 16:00:00,391,13.16,2024-03-25 16:00:00,751,15.38,2024-03-25 16:00:00,390,17.44,2024-03-25 16:00:00,390
2024-03-26,5203.71,2024-03-26 16:00:00,391,13.31,2024-03-26 16:00:00,751,15.3,2024-03-26 16:00:00,390,17.36,2024-03-26 16:00:00,390
2024-03-27,5248.61,2024-03-27 16:00:00,391,12.69,2024-03-27 16:00:00,750,14.99,2024-03-27 16:00:00,390,17.06,2024-03-27 16:00:00,390
2024-03-28,5254.34,2024-03-28 16:00:00,391,13.09,2024-03-28 16:00:00,751,15.23,2024-03-28 16:00:00,390,17.22,2024-03-28 16:00:00,390
2024-04-01,5243.73,2024-04-01 16:00:00,391,13.69,2024-04-01 16:00:00,751,15.53,2024-04-01 16:00:00,390,17.44,2024-04-01 16:00:00,390
2024-04-02,5205.88,2024-04-02 16:00:00,391,14.59,2024-04-02 16:00:00,751,16.09,2024-04-02 16:00:00,390,17.86,2024-04-02 16:00:00,390
2024-04-03,5211.59,2024-04-03 16:00:00,391,14.35,2024-04-03 16:00:00,751,15.92,2024-04-03 16:00:00,390,17.75,2024-04-03 16:00:00,390
2024-04-04,5147.26,2024-04-04 16:00:00,391,16.49,2024-04-04 16:00:00,751,17.24,2024-04-04 16:00:00,390,18.71,2024-04-04 16:00:00,390
2024-04-05,5204.29,2024-04-05 16:00:00,391,16.13,2024-04-05 16:00:00,751,17.17,2024-04-05 16:00:00,390,18.7,2024-04-05 16:00:00,390
2024-04-08,5202.47,2024-04-08 16:00:00,391,15.22,2024-04-08 16:00:00,751,16.56,2024-04-08 16:00:00,390,18.15,2024-04-08 16:00:00,390
2024-04-09,5209.96,2024-04-09 16:00:00,391,15.04,2024-04-09 16:00:00,751,16.46,2024-04-09 16:00:00,390,18.1,2024-04-09 16:00:00,390
2024-04-10,5160.57,2024-04-10 16:00:00,391,15.79,2024-04-10 16:00:00,750,17.03,2024-04-10 16:00:00,390,18.56,2024-04-10 16:00:00,390
2024-04-11,5198.99,2024-04-11 16:00:00,391,15.07,2024-04-11 16:00:00,751,16.59,2024-04-11 16:00:00,390,18.19,2024-04-11 16:00:00,390
2024-04-12,5123.4,2024-04-12 16:00:00,391,17.35,2024-04-12 16:00:00,751,18.8,2024-04-12 16:00:00,390,19.41,2024-04-12 16:00:00,390
2024-04-15,5061.82,2024-04-15 16:00:00,391,19.21,2024-04-15 16:00:00,751,19.47,2024-04-15 16:00:00,390,20.34,2024-04-15 16:00:00,390
2024-04-16,5051.33,2024-04-16 16:00:00,391,18.39,2024-04-16 16:00:00,751,18.8,2024-04-16 16:00:00,390,19.92,2024-04-16 16:00:00,390
2024-04-17,5022.19,2024-04-17 16:00:00,391,18.2,2024-04-17 16:00:00,750,18.8,2024-04-17 16:00:00,390,19.89,2024-04-17 16:00:00,390
2024-04-18,5011.17,2024-04-18 16:00:00,391,18.02,2024-04-18 16:00:00,751,18.68,2024-04-18 16:00:00,390,19.81,2024-04-18 16:00:00,390
2024-04-19,4967.26,2024-04-19 16:00:00,391,18.84,2024-04-19 16:00:00,751,19.31,2024-04-19 16:00:00,390,20.26,2024-04-19 16:00:00,390
2024-04-22,5010.61,2024-04-22 16:00:00,391,16.89,2024-04-22 16:00:00,751,17.64,2024-04-22 16:00:00,390,18.88,2024-04-22 16:00:00,390
2024-04-23,5070.54,2024-04-23 16:00:00,391,15.78,2024-04-23 16:00:00,751,16.73,2024-04-23 16:00:00,390,18.23,2024-04-23 16:00:00,390
2024-04-24,5071.68,2024-04-24 16:00:00,391,15.64,2024-04-24 16:00:00,750,16.6,2024-04-24 16:00:00,390,18.13,2024-04-24 16:00:00,390
2024-04-25,5048.41,2024-04-25 16:00:00,391,15.96,2024-04-25 16:00:00,751,16.76,2024-04-25 16:00:00,390,18.16,2024-04-25 16:00:00,390
2024-04-26,5099.82,2024-04-26 16:00:00,391,15.06,2024-04-26 16:00:00,751,16.27,2024-04-26 16:00:00,390,17.85,2024-04-26 16:00:00,390
2024-04-29,5116.15,2024-04-29 16:00:00,391,14.66,2024-04-29 16:00:00,751,15.98,2024-04-29 16:00:00,390,17.61,2024-04-29 16:00:00,390
2024-04-30,5035.64,2024-04-30 16:00:00,391,15.87,2024-04-30 16:00:00,751,16.62,2024-04-30 16:00:00,390,18.11,2024-04-30 16:00:00,390
2024-05-01,5018.36,2024-05-01 16:00:00,391,15.43,2024-05-01 16:00:00,750,16.57,2024-05-01 16:00:00,390,18.17,2024-05-01 16:00:00,390
2024-05-02,5064.22,2024-05-02 16:00:00,391,14.65,2024-05-02 16:00:00,751,16.04,2024-05-02 16:00:00,390,17.7,2024-05-02 16:00:00,390
2024-05-03,5127.79,2024-05-03 16:00:00,391,13.52,2024-05-03 16:00:00,751,15.29,2024-05-03 16:00:00,390,17.16,2024-05-03 16:00:00,390
2024-05-06,5180.76,2024-05-06 16:00:00,391,13.44,2024-05-06 16:00:00,751,14.99,2024-05-06 16:00:00,390,16.92,2024-05-06 16:00:00,390
2024-05-07,5187.69,2024-05-07 16:00:00,391,13.23,2024-05-07 16:00:00,751,14.96,2024-05-07 16:00:00,390,16.91,2024-05-07 16:00:00,390
2024-05-08,5187.69,2024-05-08 16:00:00,391,12.99,2024-05-08 16:00:00,751,14.92,2024-05-08 16:00:00,390,16.9,2024-05-08 16:00:00,390
2024-05-09,5214.08,2024-05-09 16:00:00,391,12.72,2024-05-09 16:00:00,751,14.73,2024-05-09 16:00:00,390,16.7,2024-05-09 16:00:00,390
2024-05-10,5222.67,2024-05-10 16:00:00,391,12.57,2024-05-10 16:00:00,751,14.65,2024-05-10 16:00:00,390,16.65,2024-05-10 16:00:00,390
2024-05-13,5221.42,2024-05-13 16:00:00,391,13.59,2024-05-13 16:00:00,751,14.87,2024-05-13 16:00:00,390,16.84,2024-05-13 16:00:00,390
2024-05-14,5246.59,2024-05-14 16:00:00,391,13.37,2024-05-14 16:00:00,751,14.68,2024-05-14 16:00:00,390,16.75,2024-05-14 16:00:00,390
2024-05-15,5308.18,2024-05-15 16:00:00,391,12.42,2024-05-15 16:00:00,750,14.08,2024-05-15 16:00:00,390,16.29,2024-05-15 16:00:00,390
2024-05-16,5297.12,2024-05-16 16:00:00,391,12.46,2024-05-16 16:00:00,751,14.22,2024-05-16 16:00:00,390,16.48,2024-05-16 16:00:00,390
2024-05-17,5303.3,2024-05-17 16:00:00,391,11.96,2024-05-17 16:00:00,751,13.99,2024-05-17 16:00:00,390,16.32,2024-05-17 16:00:00,390
2024-05-20,5308.19,2024-05-20 16:00:00,391,12.09,2024-05-20 16:00:00,751,14.08,2024-05-20 16:00:00,390,16.31,2024-05-20 16:00:00,390
2024-05-21,5321.47,2024-05-21 16:00:00,391,11.91,2024-05-21 16:00:00,751,13.95,2024-05-21 16:00:00,390,16.18,2024-05-21 16:00:00,390
2024-05-22,5306.98,2024-05-22 16:00:00,391,12.19,2024-05-22 16:00:00,751,14.24,2024-05-22 16:00:00,390,16.44,2024-05-22 16:00:00,390
2024-05-23,5267.87,2024-05-23 16:00:00,391,12.97,2024-05-23 16:00:00,751,14.75,2024-05-23 16:00:00,390,16.77,2024-05-23 16:00:00,390
2024-05-24,5304.71,2024-05-24 16:00:00,391,11.91,2024-05-24 16:00:00,751,14.17,2024-05-24 16:00:00,390,16.36,2024-05-24 16:00:00,390
2024-05-28,5306.06,2024-05-28 16:00:00,391,12.73,2024-05-28 16:00:00,751,14.6,2024-05-28 16:00:00,390,16.63,2024-05-28 16:00:00,390
2024-05-29,5266.97,2024-05-29 16:00:00,391,14.11,2024-05-29 16:00:00,751,15.31,2024-05-29 16:00:00,390,17.13,2024-05-29 16:00:00,390
2024-05-30,5235.48,2024-05-30 16:00:00,314,14.25,2024-05-30 16:00:00,751,15.46,2024-05-30 16:00:00,390,17.22,2024-05-30 16:00:00,390
2024-05-31,5277.8,2024-05-31 16:00:00,391,13.03,2024-05-31 16:00:00,751,14.72,2024-05-31 16:00:00,390,16.67,2024-05-31 16:00:00,390
2024-06-03,5283.42,2024-06-03 16:00:00,391,13.09,2024-06-03 16:00:00,751,14.8,2024-06-03 16:00:00,390,16.74,2024-06-03 16:00:00,390
2024-06-04,5291.32,2024-06-04 16:00:00,391,13.17,2024-06-04 16:00:00,751,14.91,2024-06-04 16:00:00,390,16.87,2024-06-04 16:00:00,390
2024-06-05,5354.03,2024-06-05 16:00:00,391,12.64,2024-06-05 16:00:00,751,14.5,2024-06-05 16:00:00,390,16.57,2024-06-05 16:00:00,390
2024-06-06,5352.97,2024-06-06 16:00:00,391,12.56,2024-06-06 16:00:00,751,14.54,2024-06-06 16:00:00,390,16.6,2024-06-06 16:00:00,390
2024-06-07,5347.01,2024-06-07 16:00:00,391,12.22,2024-06-07 16:00:00,751,14.42,2024-06-07 16:00:00,390,16.54,2024-06-07 16:00:00,390
2024-06-10,5360.9,2024-06-10 16:00:00,391,12.74,2024-06-10 16:00:00,751,14.55,2024-06-10 16:00:00,390,16.64,2024-06-10 16:00:00,390
2024-06-11,5375.36,2024-06-11 16:00:00,391,12.94,2024-06-11 16:00:00,751,14.58,2024-06-11 16:00:00,390,16.63,2024-06-11 16:00:00,390
2024-06-12,5420.96,2024-06-12 16:00:00,391,12.03,2024-06-12 16:00:00,751,14.04,2024-06-12 16:00:00,390,16.33,2024-06-12 16:00:00,390
2024-06-13,5433.64,2024-06-13 16:00:00,391,11.95,2024-06-13 16:00:00,751,14.16,2024-06-13 16:00:00,390,16.46,2024-06-13 16:00:00,390
2024-06-14,5431.64,2024-06-14 16:00:00,391,12.54,2024-06-14 16:00:00,751,14.71,2024-06-14 16:00:00,390,16.96,2024-06-14 16:00:00,390
2024-06-17,5473.3,2024-06-17 16:00:00,391,12.71,2024-06-17 16:00:00,751,14.82,2024-06-17 16:00:00,390,17.01,2024-06-17 16:00:00,390
2024-06-18,5487.04,2024-06-18 16:00:00,391,12.28,2024-06-18 16:00:00,751,14.76,2024-06-18 16:00:00,390,17.02,2024-06-18 16:00:00,390
2024-06-20,5473.22,2024-06-20 16:00:00,391,13.34,2024-06-20 16:00:00,751,15.42,2024-06-20 16:00:00,390,17.58,2024-06-20 16:00:00,390
2024-06-21,5464.72,2024-06-21 16:00:00,391,13.16,2024-06-21 16:00:00,751,15.13,2024-06-21 16:00:00,390,17.44,2024-06-21 16:00:00,390
2024-06-24,5447.85,2024-06-24 16:00:00,391,13.41,2024-06-24 16:00:00,751,15.28,2024-06-24 16:00:00,390,17.63,2024-06-24 16:00:00,390
2024-06-25,5469.36,2024-06-25 16:00:00,391,12.92,2024-06-25 16:00:00,751,14.85,2024-06-25 16:00:00,390,17.21,2024-06-25 16:00:00,390
2024-06-26,5477.85,2024-06-26 16:00:00,391,12.47,2024-06-26 16:00:00,750,14.67,2024-06-26 16:00:00,390,17.15,2024-06-26 16:00:00,390
2024-06-27,5482.93,2024-06-27 16:00:00,391,12.24,2024-06-27 16:00:00,751,14.44,2024-06-27 16:00:00,390,16.94,2024-06-27 16:00:00,390
2024-06-28,5460.71,2024-06-28 16:00:00,391,12.44,2024-06-28 16:00:00,751,14.5,2024-06-28 16:00:00,390,16.96,2024-06-28 16:00:00,390
2024-07-01,5475.1,2024-07-01 16:00:00,391,12.11,2024-07-01 16:00:00,751,14.14,2024-07-01 16:00:00,390,16.65,2024-07-01 16:00:00,390
2024-07-02,5509.04,2024-07-02 16:00:00,391,12.0,2024-07-02 16:00:00,751,14.0,2024-07-02 16:00:00,390,16.53,2024-07-02 16:00:00,390
2024-07-03,5537.02,2024-07-03 14:03:00,232,12.09,2024-07-03 13:15:00,585,14.02,2024-07-03 13:15:00,225,16.55,2024-07-03 13:15:00,225
2024-07-05,5567.19,2024-07-05 16:00:00,391,12.34,2024-07-05 16:00:00,751,14.29,2024-07-05 16:00:00,390,16.7,2024-07-05 16:00:00,390
2024-07-08,5572.85,2024-07-08 16:00:00,391,12.38,2024-07-08 16:00:00,751,14.3,2024-07-08 16:00:00,390,16.66,2024-07-08 16:00:00,390
2024-07-09,5577.04,2024-07-09 16:00:00,391,12.48,2024-07-09 16:00:00,751,14.37,2024-07-09 16:00:00,390,16.75,2024-07-09 16:00:00,390
2024-07-10,5633.86,2024-07-10 16:00:00,391,12.88,2024-07-10 16:00:00,750,14.5,2024-07-10 16:00:00,390,16.79,2024-07-10 16:00:00,390
2024-07-11,5584.46,2024-07-11 16:00:00,391,13.02,2024-07-11 16:00:00,751,14.71,2024-07-11 16:00:00,390,17.02,2024-07-11 16:00:00,390
2024-07-12,5615.39,2024-07-12 16:00:00,391,12.35,2024-07-12 16:00:00,751,14.31,2024-07-12 16:00:00,390,16.77,2024-07-12 16:00:00,390
2024-07-15,5631.25,2024-07-15 16:00:00,391,13.09,2024-07-15 16:00:00,751,14.84,2024-07-15 16:00:00,390,17.08,2024-07-15 16:00:00,390
2024-07-16,5667.21,2024-07-16 16:00:00,391,13.24,2024-07-16 16:00:00,751,14.91,2024-07-16 16:00:00,390,17.15,2024-07-16 16:00:00,390
2024-07-17,5588.28,2024-07-17 16:00:00,391,14.52,2024-07-17 16:00:00,751,15.86,2024-07-17 16:00:00,390,17.78,2024-07-17 16:00:00,390
2024-07-18,5544.49,2024-07-18 16:00:00,391,15.99,2024-07-18 16:00:00,751,16.52,2024-07-18 16:00:00,390,18.19,2024-07-18 16:00:00,390
2024-07-19,5505.09,2024-07-19 16:00:00,391,16.45,2024-07-19 16:00:00,751,17.11,2024-07-19 16:00:00,390,18.61,2024-07-19 16:00:00,390
2024-07-22,5564.44,2024-07-22 16:00:00,391,14.8,2024-07-22 16:00:00,751,16.0,2024-07-22 16:00:00,390,17.87,2024-07-22 16:00:00,390
2024-07-23,5555.69,2024-07-23 16:00:00,391,14.54,2024-07-23 16:00:00,751,15.89,2024-07-23 16:00:00,390,17.89,2024-07-23 16:00:00,390
2024-07-24,5427.12,2024-07-24 16:00:00,391,18.23,2024-07-24 16:00:00,751,18.5,2024-07-24 16:00:00,390,19.64,2024-07-24 16:00:00,390
2024-07-25,5399.28,2024-07-25 16:00:00,391,18.4,2024-07-25 16:00:00,751,18.64,2024-07-25 16:00:00,390,19.82,2024-07-25 16:00:00,390
2024-07-26,5459.1,2024-07-26 16:00:00,391,16.38,2024-07-26 16:00:00,751,17.26,2024-07-26 16:00:00,390,18.78,2024-07-26 16:00:00,390
2024-07-29,5463.56,2024-07-29 16:00:00,391,16.49,2024-07-29 16:00:00,751,17.1,2024-07-29 16:00:00,390,18.6,2024-07-29 16:00:00,390
2024-07-30,5436.43,2024-07-30 16:00:00,391,17.42,2024-07-30 16:00:00,751,17.77,2024-07-30 16:00:00,390,19.18,2024-07-30 16:00:00,390
2024-07-31,5522.28,2024-07-31 16:00:00,391,16.38,2024-07-31 16:00:00,750,16.98,2024-07-31 16:00:00,390,18.49,2024-07-31 16:00:00,390
2024-08-01,5446.59,2024-08-01 16:00:00,391,18.27,2024-08-01 16:00:00,751,18.89,2024-08-01 16:00:00,390,20.69,2024-08-01 16:00:00,390
2024-08-02,5346.5,2024-08-02 16:00:00,391,23.68,2024-08-02 16:00:00,751,23.51,2024-08-02 16:00:00,390,23.08,2024-08-02 16:00:00,390
2024-08-05,5186.48,2024-08-05 16:00:00,391,37.73,2024-08-05 16:00:00,751,33.15,2024-08-05 16:00:00,390,29.38,2024-08-05 16:00:00,390
2024-08-06,5239.85,2024-08-06 16:00:00,391,27.59,2024-08-06 16:00:00,751,26.55,2024-08-06 16:00:00,390,25.26,2024-08-06 16:00:00,390
2024-08-07,5199.58,2024-08-07 16:00:00,391,28.25,2024-08-07 16:00:00,748,27.32,2024-08-07 16:00:00,390,25.96,2024-08-07 16:00:00,390
2024-08-08,5319.3,2024-08-08 16:00:00,391,23.4,2024-08-08 16:00:00,751,23.91,2024-08-08 16:00:00,390,23.33,2024-08-08 16:00:00,390
2024-08-09,5344.17,2024-08-09 16:00:00,391,20.38,2024-08-09 16:00:00,751,21.27,2024-08-09 16:00:00,390,21.51,2024-08-09 16:00:00,390
2024-08-12,5344.38,2024-08-12 16:00:00,391,20.59,2024-08-12 16:00:00,751,21.58,2024-08-12 16:00:00,390,21.5,2024-08-12 16:00:00,390
2024-08-13,5434.42,2024-08-13 16:00:00,391,18.08,2024-08-13 16:00:00,751,19.86,2024-08-13 16:00:00,390,20.22,2024-08-13 16:00:00,390
2024-08-14,5455.11,2024-08-14 16:00:00,391,16.24,2024-08-14 16:00:00,750,18.47,2024-08-14 16:00:00,390,19.26,2024-08-14 16:00:00,390
2024-08-15,5543.21,2024-08-15 16:00:00,391,15.13,2024-08-15 16:00:00,751,17.82,2024-08-15 16:00:00,390,18.71,2024-08-15 16:00:00,390
2024-08-16,5554.25,2024-08-16 16:00:00,391,14.77,2024-08-16 16:00:00,751,17.83,2024-08-16 16:00:00,390,18.8,2024-08-16 16:00:00,390
2024-08-19,5608.23,2024-08-19 16:00:00,391,14.52,2024-08-19 16:00:00,751,17.5,2024-08-19 16:00:00,390,18.56,2024-08-19 16:00:00,390
2024-08-20,5597.09,2024-08-20 16:00:00,391,15.8,2024-08-20 16:00:00,751,18.24,2024-08-20 16:00:00,390,19.26,2024-08-20 16:00:00,390
2024-08-21,5620.78,2024-08-21 16:00:00,391,16.31,2024-08-21 16:00:00,750,18.59,2024-08-21 16:00:00,390,19.57,2024-08-21 16:00:00,390
2024-08-22,5570.68,2024-08-22 16:00:00,391,17.58,2024-08-22 16:00:00,751,19.42,2024-08-22 16:00:00,390,20.15,2024-08-22 16:00:00,390
2024-08-23,5634.61,2024-08-23 16:00:00,391,15.74,2024-08-23 16:00:00,751,18.15,2024-08-23 16:00:00,390,19.33,2024-08-23 16:00:00,390
2024-08-26,5616.88,2024-08-26 16:00:00,391,15.97,2024-08-26 16:00:00,761,18.15,2024-08-26 16:00:00,390,19.31,2024-08-26 16:00:00,390
2024-08-27,5625.82,2024-08-27 16:00:00,391,15.47,2024-08-27 16:00:00,761,17.79,2024-08-27 16:00:00,390,19.04,2024-08-27 16:00:00,390
2024-08-28,5592.21,2024-08-28 16:00:00,391,17.09,2024-08-28 16:00:00,760,18.88,2024-08-28 16:00:00,390,19.82,2024-08-28 16:00:00,390
2024-08-29,5592.0,2024-08-29 16:00:00,391,15.79,2024-08-29 16:00:00,761,18.07,2024-08-29 16:00:00,390,19.37,2024-08-29 16:00:00,390
2024-08-30,5648.21,2024-08-30 16:00:00,391,15.0,2024-08-30 16:00:00,761,17.51,2024-08-30 16:00:00,390,18.92,2024-08-30 16:00:00,390
2024-09-03,5528.94,2024-09-03 16:00:00,391,20.66,2024-09-03 16:00:00,761,21.8,2024-09-03 16:00:00,390,22.01,2024-09-03 16:00:00,390
2024-09-04,5520.01,2024-09-04 16:00:00,391,21.11,2024-09-04 16:00:00,758,21.94,2024-09-04 16:00:00,390,22.23,2024-09-04 16:00:00,390
2024-09-05,5503.4,2024-09-05 16:00:00,391,19.91,2024-09-05 16:00:00,761,20.94,2024-09-05 16:00:00,390,21.4,2024-09-05 16:00:00,390
2024-09-06,5408.52,2024-09-06 16:00:00,391,22.29,2024-09-06 16:00:00,761,22.72,2024-09-06 16:00:00,390,22.8,2024-09-06 16:00:00,390
2024-09-09,5471.07,2024-09-09 16:00:00,391,19.53,2024-09-09 16:00:00,761,20.97,2024-09-09 16:00:00,390,21.52,2024-09-09 16:00:00,390
2024-09-10,5495.54,2024-09-10 16:00:00,391,19.08,2024-09-10 16:00:00,761,20.57,2024-09-10 16:00:00,390,21.22,2024-09-10 16:00:00,390
2024-09-11,5554.12,2024-09-11 16:00:00,391,17.69,2024-09-11 16:00:00,759,19.61,2024-09-11 16:00:00,390,21.4,2024-09-11 16:00:00,390
2024-09-12,5595.79,2024-09-12 16:00:00,391,16.97,2024-09-12 16:00:00,761,19.38,2024-09-12 16:00:00,390,20.31,2024-09-12 16:00:00,390
2024-09-13,5626.03,2024-09-13 16:00:00,391,16.52,2024-09-13 16:00:00,761,19.29,2024-09-13 16:00:00,390,20.3,2024-09-13 16:00:00,390
2024-09-16,5633.1,2024-09-16 16:00:00,391,17.13,2024-09-16 16:00:00,761,19.78,2024-09-16 16:00:00,390,20.57,2024-09-16 16:00:00,390
2024-09-17,5634.59,2024-09-17 16:00:00,391,17.63,2024-09-17 16:00:00,761,20.13,2024-09-17 16:00:00,390,20.9,2024-09-17 16:00:00,390
2024-09-18,5618.29,2024-09-18 16:00:00,391,18.33,2024-09-18 16:00:00,757,20.45,2024-09-18 16:00:00,390,21.08,2024-09-18 16:00:00,390
2024-09-19,5713.64,2024-09-19 16:00:00,391,16.38,2024-09-19 16:00:00,761,19.06,2024-09-19 16:00:00,390,20.01,2024-09-19 16:00:00,390
2024-09-20,5702.63,2024-09-20 16:00:00,391,16.05,2024-09-20 16:00:00,761,18.84,2024-09-20 16:00:00,390,20.03,2024-09-20 16:00:00,390
2024-09-23,5718.56,2024-09-23 16:00:00,391,15.81,2024-09-23 16:00:00,761,18.66,2024-09-23 16:00:00,390,20.02,2024-09-23 16:00:00,390
2024-09-24,5732.99,2024-09-24 16:00:00,391,15.32,2024-09-24 16:00:00,761,18.43,2024-09-24 16:00:00,390,19.83,2024-09-24 16:00:00,390
2024-09-25,5722.25,2024-09-25 16:00:00,391,15.52,2024-09-25 16:00:00,760,18.65,2024-09-25 16:00:00,390,20.07,2024-09-25 16:00:00,390
2024-09-26,5745.38,2024-09-26 16:00:00,391,15.49,2024-09-26 16:00:00,761,18.5,2024-09-26 16:00:00,390,20.0,2024-09-26 16:00:00,390
2024-09-27,5738.12,2024-09-27 16:00:00,391,16.8,2024-09-27 16:00:00,761,19.47,2024-09-27 16:00:00,390,20.87,2024-09-27 16:00:00,390
2024-09-30,5762.4,2024-09-30 16:00:00,391,16.73,2024-09-30 16:00:00,761,19.21,2024-09-30 16:00:00,390,20.61,2024-09-30 16:00:00,390
2024-10-01,5708.72,2024-10-01 16:00:00,391,19.16,2024-10-01 16:00:00,761,20.81,2024-10-01 16:00:00,390,21.77,2024-10-01 16:00:00,390
2024-10-02,5709.55,2024-10-02 16:00:00,391,19.03,2024-10-02 16:00:00,760,20.68,2024-10-02 16:00:00,390,21.69,2024-10-02 16:00:00,390
2024-10-03,5699.98,2024-10-03 16:00:00,391,20.48,2024-10-03 16:00:00,761,21.62,2024-10-03 16:00:00,390,22.36,2024-10-03 16:00:00,390
2024-10-04,5751.07,2024-10-04 16:00:00,391,18.69,2024-10-04 16:00:00,761,20.52,2024-10-04 16:00:00,390,21.56,2024-10-04 16:00:00,390
2024-10-07,5695.95,2024-10-07 16:00:00,391,22.66,2024-10-07 16:00:00,761,22.6,2024-10-07 16:00:00,390,23.04,2024-10-07 16:00:00,390
2024-10-08,5751.15,2024-10-08 16:00:00,391,21.49,2024-10-08 16:00:00,761,21.54,2024-10-08 16:00:00,390,22.48,2024-10-08 16:00:00,390
2024-10-09,5792.04,2024-10-09 16:00:00,391,20.87,2024-10-09 16:00:00,761,20.88,2024-10-09 16:00:00,390,21.88,2024-10-09 16:00:00,390
2024-10-10,5780.03,2024-10-10 16:00:00,391,20.84,2024-10-10 16:00:00,761,21.0,2024-10-10 16:00:00,390,21.94,2024-10-10 16:00:00,390
2024-10-11,5815.04,2024-10-11 16:00:00,391,20.5,2024-10-11 16:00:00,761,20.74,2024-10-11 16:00:00,390,21.74,2024-10-11 16:00:00,390
2024-10-14,5859.96,2024-10-14 16:00:00,391,19.75,2024-10-14 16:00:00,761,20.15,2024-10-14 16:00:00,390,21.18,2024-10-14 16:00:00,390
2024-10-15,5815.31,2024-10-15 16:00:00,391,20.49,2024-10-15 16:00:00,761,20.71,2024-10-15 16:00:00,390,21.58,2024-10-15 16:00:00,390
2024-10-16,5842.46,2024-10-16 16:00:00,391,19.57,2024-10-16 16:00:00,760,20.32,2024-10-16 16:00:00,390,21.15,2024-10-16 16:00:00,390
2024-10-17,5841.44,2024-10-17 16:00:00,391,19.05,2024-10-17 16:00:00,761,19.81,2024-10-17 16:00:00,390,20.83,2024-10-17 16:00:00,390
2024-10-18,5864.69,2024-10-18 16:00:00,391,18.11,2024-10-18 16:00:00,761,19.32,2024-10-18 16:00:00,390,20.25,2024-10-18 16:00:00,390
2024-10-21,5853.99,2024-10-21 16:00:00,391,18.44,2024-10-21 16:00:00,761,19.26,2024-10-21 16:00:00,390,20.23,2024-10-21 16:00:00,390
2024-10-22,5851.21,2024-10-22 16:00:00,391,18.19,2024-10-22 16:00:00,761,19.13,2024-10-22 16:00:00,390,20.19,2024-10-22 16:00:00,390
2024-10-23,5797.4,2024-10-23 16:00:00,391,19.43,2024-10-23 16:00:00,760,20.14,2024-10-23 16:00:00,390,20.82,2024-10-23 16:00:00,390
2024-10-24,5809.87,2024-10-24 16:00:00,391,19.16,2024-10-24 16:00:00,761,19.88,2024-10-24 16:00:00,390,20.6,2024-10-24 16:00:00,390
2024-10-25,5808.13,2024-10-25 16:00:00,391,20.28,2024-10-25 16:00:00,761,20.84,2024-10-25 16:00:00,390,21.44,2024-10-25 16:00:00,390
2024-10-28,5823.6,2024-10-28 16:00:00,391,19.77,2024-10-28 16:00:00,761,20.16,2024-10-28 16:00:00,390,20.77,2024-10-28 16:00:00,390
2024-10-29,5833.09,2024-10-29 16:00:00,391,19.55,2024-10-29 16:00:00,761,20.01,2024-10-29 16:00:00,390,20.64,2024-10-29 16:00:00,390
2024-10-30,5813.92,2024-10-30 16:00:00,391,20.05,2024-10-30 16:00:00,760,20.6,2024-10-30 16:00:00,390,20.93,2024-10-30 16:00:00,390
2024-10-31,5705.37,2024-10-31 16:00:00,391,23.02,2024-10-31 16:00:00,761,22.61,2024-10-31 16:00:00,390,24.98,2024-10-31 16:00:00,390
2024-11-01,5728.88,2024-11-01 16:00:00,391,21.95,2024-11-01 16:00:00,761,21.96,2024-11-01 16:00:00,390,22.23,2024-11-01 16:00:00,390
2024-11-04,5712.73,2024-11-04 16:00:00,391,22.02,2024-11-04 16:00:00,761,21.57,2024-11-04 16:00:00,390,22.01,2024-11-04 16:00:00,390
2024-11-05,5782.85,2024-11-05 16:00:00,391,20.52,2024-11-05 16:00:00,761,20.26,2024-11-05 16:00:00,390,20.87,2024-11-05 16:00:00,390
2024-11-06,5928.91,2024-11-06 16:00:00,391,16.21,2024-11-06 16:00:00,759,17.61,2024-11-06 16:00:00,390,19.09,2024-11-06 16:00:00,390
2024-11-07,5973.11,2024-11-07 16:00:00,391,15.2,2024-11-07 16:00:00,761,16.95,2024-11-07 16:00:00,390,18.69,2024-11-07 16:00:00,390
2024-11-08,5995.6,2024-11-08 16:00:00,391,14.88,2024-11-08 16:00:00,761,16.8,2024-11-08 16:00:00,390,18.55,2024-11-08 16:00:00,390
2024-11-11,6001.4,2024-11-11 16:00:00,391,14.96,2024-11-11 16:00:00,761,16.76,2024-11-11 16:00:00,390,18.44,2024-11-11 16:00:00,390
2024-11-12,5984.0,2024-11-12 16:00:00,391,14.75,2024-11-12 16:00:00,761,16.74,2024-11-12 16:00:00,390,18.58,2024-11-12 16:00:00,390
2024-11-13,5985.4,2024-11-13 16:00:00,391,14.08,2024-11-13 16:00:00,761,16.54,2024-11-13 16:00:00,390,18.48,2024-11-13 16:00:00,390
2024-11-14,5949.18,2024-11-14 16:00:00,391,14.07,2024-11-14 16:00:00,761,16.52,2024-11-14 16:00:00,390,18.46,2024-11-14 16:00:00,390
2024-11-15,5870.62,2024-11-15 16:00:00,391,16.1,2024-11-15 16:00:00,761,17.78,2024-11-15 16:00:00,390,19.31,2024-11-15 16:00:00,390
2024-11-18,5893.63,2024-11-18 16:00:00,391,15.53,2024-11-18 16:00:00,761,17.14,2024-11-18 16:00:00,390,18.71,2024-11-18 16:00:00,390
2024-11-19,5916.97,2024-11-19 16:00:00,391,16.23,2024-11-19 16:00:00,761,17.56,2024-11-19 16:00:00,390,19.06,2024-11-19 16:00:00,390
2024-11-20,5917.21,2024-11-20 16:00:00,391,17.24,2024-11-20 16:00:00,761,18.34,2024-11-20 16:00:00,390,19.51,2024-11-20 16:00:00,390
2024-11-21,5948.7,2024-11-21 16:00:00,391,16.8,2024-11-21 16:00:00,761,18.16,2024-11-21 16:00:00,390,19.48,2024-11-21 16:00:00,390
2024-11-22,5969.27,2024-11-22 16:00:00,391,15.38,2024-11-22 16:00:00,761,17.36,2024-11-22 16:00:00,390,18.83,2024-11-22 16:00:00,390
2024-11-25,5987.3,2024-11-25 16:00:00,391,14.72,2024-11-25 16:00:00,761,16.97,2024-11-25 16:00:00,390,18.54,2024-11-25 16:00:00,390
2024-11-26,6021.6,2024-11-26 16:00:00,391,14.08,2024-11-26 16:00:00,761,16.55,2024-11-26 16:00:00,390,18.2,2024-11-26 16:00:00,390
2024-11-27,5998.83,2024-11-27 16:00:00,391,14.08,2024-11-27 16:00:00,760,16.63,2024-11-27 16:00:00,390,18.3,2024-11-27 16:00:00,390
2024-11-29,6032.38,2024-11-29 13:39:00,232,13.51,2024-11-29 13:15:00,596,16.26,2024-11-29 13:15:00,225,18.15,2024-11-29 13:15:00,225
2024-12-02,6047.13,2024-12-02 16:00:00,391,13.39,2024-12-02 16:00:00,761,16.38,2024-12-02 16:00:00,390,18.09,2024-12-02 16:00:00,390
2024-12-03,6049.88,2024-12-03 16:00:00,391,13.32,2024-12-03 16:00:00,761,16.26,2024-12-03 16:00:00,390,18.01,2024-12-03 16:00:00,390
2024-12-04,6086.49,2024-12-04 16:00:00,391,13.46,2024-12-04 16:00:00,760,16.39,2024-12-04 16:00:00,390,18.28,2024-12-04 16:00:00,390
2024-12-05,6075.1,2024-12-05 16:00:00,391,13.42,2024-12-05 16:00:00,761,16.53,2024-12-05 16:00:00,390,18.37,2024-12-05 16:00:00,390
2024-12-06,6090.27,2024-12-06 16:00:00,391,12.73,2024-12-06 16:00:00,761,16.31,2024-12-06 16:00:00,390,18.22,2024-12-06 16:00:00,390
2024-12-09,6053.0,2024-12-09 16:00:00,391,14.04,2024-12-09 16:00:00,761,17.01,2024-12-09 16:00:00,390,18.74,2024-12-09 16:00:00,390
2024-12-10,6034.9,2024-12-10 16:00:00,391,14.21,2024-12-10 16:00:00,761,17.02,2024-12-10 16:00:00,390,18.83,2024-12-10 16:00:00,390
2024-12-11,6084.23,2024-12-11 16:00:00,391,13.58,2024-12-11 16:00:00,761,16.86,2024-12-11 16:00:00,390,18.89,2024-12-11 16:00:00,390
2024-12-12,6051.28,2024-12-12 16:00:00,391,13.81,2024-12-12 16:00:00,761,17.16,2024-12-12 16:00:00,390,19.19,2024-12-12 16:00:00,390
2024-12-13,6051.09,2024-12-13 16:00:00,391,13.78,2024-12-13 16:00:00,761,17.12,2024-12-13 16:00:00,390,19.22,2024-12-13 16:00:00,390
2024-12-16,6074.11,2024-12-16 16:00:00,391,14.51,2024-12-16 16:00:00,761,17.48,2024-12-16 16:00:00,390,19.43,2024-12-16 16:00:00,390
2024-12-17,6050.6,2024-12-17 16:00:00,391,15.77,2024-12-17 16:00:00,761,18.12,2024-12-17 16:00:00,390,19.88,2024-12-17 16:00:00,390
2024-12-18,5872.07,2024-12-18 16:00:00,391,24.6,2024-12-18 16:00:00,760,22.77,2024-12-18 16:00:00,390,22.76,2024-12-18 16:00:00,390
2024-12-19,5867.09,2024-12-19 16:00:00,391,23.64,2024-12-19 16:00:00,761,24.1,2024-12-19 16:00:00,390,23.89,2024-12-19 16:00:00,390
2024-12-20,5931.01,2024-12-20 16:00:00,391,17.97,2024-12-20 16:00:00,761,19.94,2024-12-20 16:00:00,390,21.38,2024-12-20 16:00:00,390
2024-12-23,5974.06,2024-12-23 16:00:00,391,16.81,2024-12-23 16:00:00,761,18.72,2024-12-23 16:00:00,390,20.36,2024-12-23 16:00:00,390
2024-12-24,6040.04,2024-12-24 13:58:00,232,14.27,2024-12-24 13:15:00,595,17.2,2024-12-24 13:15:00,225,19.28,2024-12-24 13:15:00,225
2024-12-26,6037.57,2024-12-26 16:00:00,391,14.73,2024-12-26 16:00:00,761,17.34,2024-12-26 16:00:00,390,19.36,2024-12-26 16:00:00,390
2024-12-27,5970.86,2024-12-27 16:00:00,391,16.1,2024-12-27 16:00:00,761,18.19,2024-12-27 16:00:00,390,19.92,2024-12-27 16:00:00,390
2024-12-30,5906.93,2024-12-30 16:00:00,391,17.23,2024-12-30 16:00:00,761,18.88,2024-12-30 16:00:00,390,20.47,2024-12-30 16:00:00,390
2024-12-31,5881.79,2024-12-31 16:00:00,391,17.42,2024-12-31 16:00:00,760,19.02,2024-12-31 16:00:00,390,20.6,2024-12-31 16:00:00,390
2025-01-02,5868.56,2025-01-02 16:00:00,391,17.94,2025-01-02 16:00:00,761,19.37,2025-01-02 16:00:00,390,20.73,2025-01-02 16:00:00,390
2025-01-03,5942.48,2025-01-03 16:00:00,391,16.15,2025-01-03 16:00:00,761,18.12,2025-01-03 16:00:00,390,19.81,2025-01-03 16:00:00,390
2025-01-06,5975.38,2025-01-06 16:00:00,391,16.02,2025-01-06 16:00:00,761,18.07,2025-01-06 16:00:00,390,19.7,2025-01-06 16:00:00,390
2025-01-07,5909.04,2025-01-07 16:00:00,391,18.01,2025-01-07 16:00:00,761,19.29,2025-01-07 16:00:00,390,20.61,2025-01-07 16:00:00,390
2025-01-08,5918.22,2025-01-08 16:00:00,391,17.57,2025-01-08 16:00:00,761,19.2,2025-01-08 16:00:00,390,20.37,2025-01-08 16:00:00,390
2025-01-10,5827.02,2025-01-10 16:00:00,391,19.5,2025-01-10 16:00:00,761,20.9,2025-01-10 16:00:00,390,21.66,2025-01-10 16:00:00,390
2025-01-13,5836.25,2025-01-13 16:00:00,391,19.22,2025-01-13 16:00:00,761,20.44,2025-01-13 16:00:00,390,21.15,2025-01-13 16:00:00,390
2025-01-14,5842.9,2025-01-14 16:00:00,391,18.86,2025-01-14 16:00:00,761,20.08,2025-01-14 16:00:00,390,21.04,2025-01-14 16:00:00,390
2025-01-15,5949.9,2025-01-15 16:00:00,391,16.17,2025-01-15 16:00:00,760,18.22,2025-01-15 16:00:00,390,20.98,2025-01-15 16:00:00,390
2025-01-16,5937.32,2025-01-16 16:00:00,391,16.3,2025-01-16 16:00:00,761,18.2,2025-01-16 16:00:00,390,19.72,2025-01-16 16:00:00,390
2025-01-17,5996.71,2025-01-17 16:00:00,391,15.93,2025-01-17 16:00:00,761,18.12,2025-01-17 16:00:00,390,19.73,2025-01-17 16:00:00,390
2025-01-21,6049.29,2025-01-21 16:00:00,391,14.97,2025-01-21 16:00:00,761,17.45,2025-01-21 16:00:00,390,19.2,2025-01-21 16:00:00,390
2025-01-22,6086.32,2025-01-22 16:00:00,391,15.11,2025-01-22 16:00:00,754,17.78,2025-01-22 16:00:00,390,19.36,2025-01-22 16:00:00,390
2025-01-23,6118.72,2025-01-23 16:00:00,391,14.96,2025-01-23 16:00:00,761,17.49,2025-01-23 16:00:00,390,19.14,2025-01-23 16:00:00,390
2025-01-24,6101.24,2025-01-24 16:00:00,391,14.82,2025-01-24 16:00:00,761,17.51,2025-01-24 16:00:00,390,19.23,2025-01-24 16:00:00,390
2025-01-27,6012.31,2025-01-27 16:00:00,391,18.02,2025-01-27 16:00:00,761,19.08,2025-01-27 16:00:00,390,20.18,2025-01-27 16:00:00,390
2025-01-28,6067.71,2025-01-28 16:00:00,391,16.43,2025-01-28 16:00:00,761,18.12,2025-01-28 16:00:00,390,19.47,2025-01-28 16:00:00,390
2025-01-29,6039.29,2025-01-29 16:00:00,391,16.4,2025-01-29 16:00:00,760,18.06,2025-01-29 16:00:00,390,19.12,2025-01-29 16:00:00,390
2025-01-30,6071.18,2025-01-30 16:00:00,391,15.85,2025-01-30 16:00:00,761,17.82,2025-01-30 16:00:00,390,19.26,2025-01-30 16:00:00,390
2025-01-31,6040.46,2025-01-31 16:00:00,391,16.64,2025-01-31 16:00:00,761,18.46,2025-01-31 16:00:00,390,19.81,2025-01-31 16:00:00,390
2025-02-03,5994.63,2025-02-03 16:00:00,391,18.46,2025-02-03 16:00:00,761,19.45,2025-02-03 16:00:00,390,20.24,2025-02-03 16:00:00,390
2025-02-04,6037.85,2025-02-04 16:00:00,391,16.86,2025-02-04 16:00:00,761,18.47,2025-02-04 16:00:00,390,19.59,2025-02-04 16:00:00,390
2025-02-05,6061.48,2025-02-05 16:00:00,391,15.85,2025-02-05 16:00:00,760,18.02,2025-02-05 16:00:00,390,19.27,2025-02-05 16:00:00,390
2025-02-06,6083.52,2025-02-06 16:00:00,391,15.34,2025-02-06 16:00:00,761,17.86,2025-02-06 16:00:00,390,19.14,2025-02-06 16:00:00,390
2025-02-07,6025.99,2025-02-07 16:00:00,391,16.57,2025-02-07 16:00:00,761,18.67,2025-02-07 16:00:00,390,19.78,2025-02-07 16:00:00,390
2025-02-10,6066.46,2025-02-10 16:00:00,391,15.8,2025-02-10 16:00:00,761,18.22,2025-02-10 16:00:00,390,19.44,2025-02-10 16:00:00,390
2025-02-11,6068.51,2025-02-11 16:00:00,391,15.94,2025-02-11 16:00:00,761,18.24,2025-02-11 16:00:00,390,19.45,2025-02-11 16:00:00,390
2025-02-12,6051.94,2025-02-12 16:00:00,391,15.88,2025-02-12 16:00:00,761,18.31,2025-02-12 16:00:00,390,19.47,2025-02-12 16:00:00,390
2025-02-13,6115.06,2025-02-13 16:00:00,391,15.04,2025-02-13 16:00:00,761,17.84,2025-02-13 16:00:00,390,19.19,2025-02-13 16:00:00,390
2025-02-14,6114.59,2025-02-14 16:00:00,391,14.88,2025-02-14 16:00:00,761,17.85,2025-02-14 16:00:00,390,19.31,2025-02-14 16:00:00,390
2025-02-18,6129.57,2025-02-18 16:00:00,391,15.37,2025-02-18 16:00:00,761,17.83,2025-02-18 16:00:00,390,19.32,2025-02-18 16:00:00,390
2025-02-19,6144.1,2025-02-19 16:00:00,391,15.21,2025-02-19 16:00:00,760,17.88,2025-02-19 16:00:00,390,19.36,2025-02-19 16:00:00,390
2025-02-20,6117.62,2025-02-20 16:00:00,391,15.42,2025-02-20 16:00:00,761,17.89,2025-02-20 16:00:00,390,19.51,2025-02-20 16:00:00,390
2025-02-21,6013.23,2025-02-21 16:00:00,391,18.2,2025-02-21 16:00:00,761,19.5,2025-02-21 16:00:00,390,20.63,2025-02-21 16:00:00,390
2025-02-24,5983.43,2025-02-24 16:00:00,391,19.09,2025-02-24 16:00:00,761,19.92,2025-02-24 16:00:00,390,20.94,2025-02-24 16:00:00,390
2025-02-25,5955.34,2025-02-25 16:00:00,391,19.52,2025-02-25 16:00:00,761,20.12,2025-02-25 16:00:00,390,21.11,2025-02-25 16:00:00,390
2025-02-26,5956.16,2025-02-26 16:00:00,391,19.0,2025-02-26 16:00:00,760,19.73,2025-02-26 16:00:00,390,20.77,2025-02-26 16:00:00,390
2025-02-27,5861.68,2025-02-27 16:00:00,391,21.14,2025-02-27 16:00:00,761,21.23,2025-02-27 16:00:00,390,21.89,2025-02-27 16:00:00,390
2025-02-28,5954.41,2025-02-28 16:00:00,391,19.36,2025-02-28 16:00:00,761,20.07,2025-02-28 16:00:00,390,21.07,2025-02-28 16:00:00,390
2025-03-03,5849.72,2025-03-03 16:00:00,391,22.79,2025-03-03 16:00:00,761,22.18,2025-03-03 16:00:00,390,22.69,2025-03-03 16:00:00,390
2025-03-04,5778.18,2025-03-04 16:00:00,391,23.46,2025-03-04 16:00:00,761,22.84,2025-03-04 16:00:00,390,22.97,2025-03-04 16:00:00,390
2025-03-05,5842.52,2025-03-05 16:00:00,391,21.89,2025-03-05 16:00:00,758,21.64,2025-03-05 16:00:00,390,22.05,2025-03-05 16:00:00,390
2025-03-06,5738.5,2025-03-06 16:00:00,391,25.19,2025-03-06 16:00:00,761,23.89,2025-03-06 16:00:00,390,23.74,2025-03-06 16:00:00,390
2025-03-07,5770.2,2025-03-07 16:00:00,391,23.33,2025-03-07 16:00:00,761,22.61,2025-03-07 16:00:00,390,22.88,2025-03-07 16:00:00,390
2025-03-10,5614.62,2025-03-10 16:00:00,391,28.0,2025-03-10 16:00:00,761,25.78,2025-03-10 16:00:00,390,25.01,2025-03-10 16:00:00,390
2025-03-11,5572.07,2025-03-11 16:00:00,391,27.09,2025-03-11 16:00:00,761,25.44,2025-03-11 16:00:00,390,24.88,2025-03-11 16:00:00,390
2025-03-12,5599.3,2025-03-12 16:00:00,391,24.05,2025-03-12 16:00:00,760,23.53,2025-03-12 16:00:00,390,23.43,2025-03-12 16:00:00,390
2025-03-13,5521.51,2025-03-13 16:00:00,391,24.89,2025-03-13 16:00:00,761,24.26,2025-03-13 16:00:00,390,23.87,2025-03-13 16:00:00,390
2025-03-14,5638.94,2025-03-14 16:00:00,391,21.74,2025-03-14 16:00:00,761,22.1,2025-03-14 16:00:00,390,22.31,2025-03-14 16:00:00,390
2025-03-17,5675.13,2025-03-17 16:00:00,391,20.52,2025-03-17 16:00:00,761,21.24,2025-03-17 16:00:00,390,21.62,2025-03-17 16:00:00,390
2025-03-18,5614.67,2025-03-18 16:00:00,391,21.65,2025-03-18 16:00:00,758,21.93,2025-03-18 16:00:00,390,22.08,2025-03-18 16:00:00,390
2025-03-19,5675.35,2025-03-19 16:00:00,391,20.02,2025-03-19 16:00:00,761,20.87,2025-03-19 16:00:00,390,21.38,2025-03-19 16:00:00,390
2025-03-20,5662.9,2025-03-20 16:00:00,391,19.86,2025-03-20 16:00:00,761,20.7,2025-03-20 16:00:00,390,21.24,2025-03-20 16:00:00,390
2025-03-21,5667.35,2025-03-21 16:00:00,391,19.3,2025-03-21 16:00:00,761,20.37,2025-03-21 16:00:00,390,21.03,2025-03-21 16:00:00,390
2025-03-24,5767.56,2025-03-24 16:00:00,391,17.5,2025-03-24 16:00:00,761,19.04,2025-03-24 16:00:00,390,19.97,2025-03-24 16:00:00,390
2025-03-25,5776.62,2025-03-25 16:00:00,391,17.02,2025-03-25 16:00:00,761,19.0,2025-03-25 16:00:00,390,20.05,2025-03-25 16:00:00,390
2025-03-26,5712.18,2025-03-26 16:00:00,391,18.36,2025-03-26 16:00:00,761,19.9,2025-03-26 16:00:00,390,20.8,2025-03-26 16:00:00,390
2025-03-27,5693.3,2025-03-27 16:00:00,391,18.63,2025-03-27 16:00:00,761,19.86,2025-03-27 16:00:00,390,21.0,2025-03-27 16:00:00,390
2025-03-28,5580.95,2025-03-28 16:00:00,391,21.54,2025-03-28 16:00:00,761,21.84,2025-03-28 16:00:00,390,22.48,2025-03-28 16:00:00,390
2025-03-31,5611.91,2025-03-31 16:00:00,391,22.18,2025-03-31 16:00:00,761,21.92,2025-03-31 16:00:00,390,22.42,2025-03-31 16:00:00,390
2025-04-01,5633.08,2025-04-01 16:00:00,391,21.84,2025-04-01 16:00:00,761,21.82,2025-04-01 16:00:00,390,22.33,2025-04-01 16:00:00,390
2025-04-02,5670.87,2025-04-02 16:00:00,391,21.57,2025-04-02 16:00:00,760,21.46,2025-04-02 16:00:00,390,21.94,2025-04-02 16:00:00,390
2025-04-03,5396.6,2025-04-03 16:00:00,391,29.49,2025-04-03 16:00:00,761,27.26,2025-04-03 16:00:00,390,26.0,2025-04-03 16:00:00,390
2025-04-04,5074.05,2025-04-04 16:00:00,391,43.51,2025-04-04 16:00:00,761,35.75,2025-04-04 16:00:00,390,32.04,2025-04-04 16:00:00,390
2025-04-07,5062.18,2025-04-07 16:00:00,391,48.37,2025-04-07 16:00:00,761,37.75,2025-04-07 16:00:00,390,33.15,2025-04-07 16:00:00,390
2025-04-08,4982.78,2025-04-08 16:00:00,391,52.35,2025-04-08 16:00:00,761,41.91,2025-04-08 16:00:00,390,36.26,2025-04-08 16:00:00,390
2025-04-09,5456.78,2025-04-09 16:00:00,391,33.16,2025-04-09 16:00:00,758,29.36,2025-04-09 16:00:00,390,27.48,2025-04-09 16:00:00,390
2025-04-10,5267.83,2025-04-10 16:00:00,391,40.94,2025-04-10 16:00:00,761,36.23,2025-04-10 16:00:00,390,32.98,2025-04-10 16:00:00,390
2025-04-11,5363.36,2025-04-11 16:00:00,391,37.79,2025-04-11 16:00:00,761,34.12,2025-04-11 16:00:00,390,31.72,2025-04-11 16:00:00,390
2025-04-14,5405.98,2025-04-14 16:00:00,391,30.58,2025-04-14 16:00:00,761,29.42,2025-04-14 16:00:00,390,28.63,2025-04-14 16:00:00,390
2025-04-15,5396.61,2025-04-15 16:00:00,391,30.03,2025-04-15 16:00:00,761,29.02,2025-04-15 16:00:00,390,28.23,2025-04-15 16:00:00,390
2025-04-16,5275.74,2025-04-16 16:00:00,391,32.81,2025-04-16 16:00:00,761,31.21,2025-04-16 16:00:00,390,30.06,2025-04-16 16:00:00,390
2025-04-17,5282.64,2025-04-17 16:00:00,391,30.02,2025-04-17 16:00:00,761,29.58,2025-04-17 16:00:00,390,28.96,2025-04-17 16:00:00,390
2025-04-21,5158.21,2025-04-21 16:00:00,391,33.7,2025-04-21 16:00:00,761,31.82,2025-04-21 16:00:00,390,30.9,2025-04-21 16:00:00,390
2025-04-22,5287.72,2025-04-22 16:00:00,391,30.36,2025-04-22 16:00:00,761,29.33,2025-04-22 16:00:00,390,28.83,2025-04-22 16:00:00,390
2025-04-23,5375.82,2025-04-23 16:00:00,391,28.45,2025-04-23 16:00:00,759,28.04,2025-04-23 16:00:00,390,27.92,2025-04-23 16:00:00,390
2025-04-24,5484.8,2025-04-24 16:00:00,391,26.6,2025-04-24 16:00:00,761,26.51,2025-04-24 16:00:00,390,26.75,2025-04-24 16:00:00,390
2025-04-25,5525.21,2025-04-25 16:00:00,391,25.01,2025-04-25 16:00:00,761,25.52,2025-04-25 16:00:00,390,25.97,2025-04-25 16:00:00,390
2025-04-28,5528.71,2025-04-28 16:00:00,391,25.03,2025-04-28 16:00:00,761,25.7,2025-04-28 16:00:00,390,26.08,2025-04-28 16:00:00,390
2025-04-29,5560.74,2025-04-29 16:00:00,391,24.17,2025-04-29 16:00:00,761,25.17,2025-04-29 16:00:00,390,25.84,2025-04-29 16:00:00,390
2025-04-30,5568.92,2025-04-30 16:00:00,391,24.92,2025-04-30 16:00:00,760,25.71,2025-04-30 16:00:00,390,26.14,2025-04-30 16:00:00,390
2025-05-01,5604.1,2025-05-01 16:00:00,391,24.03,2025-05-01 16:00:00,761,25.1,2025-05-01 16:00:00,390,25.66,2025-05-01 16:00:00,390
2025-05-02,5686.63,2025-05-02 16:00:00,391,22.64,2025-05-02 16:00:00,761,23.98,2025-05-02 16:00:00,390,24.69,2025-05-02 16:00:00,390
2025-05-05,5650.59,2025-05-05 16:00:00,391,23.54,2025-05-05 16:00:00,761,24.49,2025-05-05 16:00:00,390,25.05,2025-05-05 16:00:00,390
2025-05-06,5606.84,2025-05-06 16:00:00,391,24.73,2025-05-06 16:00:00,761,25.36,2025-05-06 16:00:00,390,25.76,2025-05-06 16:00:00,390
2025-05-07,5631.19,2025-05-07 16:00:00,391,23.55,2025-05-07 16:00:00,760,24.7,2025-05-07 16:00:00,390,25.29,2025-05-07 16:00:00,390
2025-05-08,5664.12,2025-05-08 16:00:00,391,22.48,2025-05-08 16:00:00,761,23.73,2025-05-08 16:00:00,390,24.57,2025-05-08 16:00:00,390
2025-05-09,5659.91,2025-05-09 16:00:00,391,21.99,2025-05-09 16:00:00,761,23.4,2025-05-09 16:00:00,390,24.36,2025-05-09 16:00:00,390
2025-05-12,5844.17,2025-05-12 16:00:00,391,18.26,2025-05-12 16:00:00,761,20.13,2025-05-12 16:00:00,390,21.59,2025-05-12 16:00:00,390
2025-05-13,5886.55,2025-05-13 16:00:00,391,18.27,2025-05-13 16:00:00,761,20.09,2025-05-13 16:00:00,390,21.44,2025-05-13 16:00:00,390
2025-05-14,5892.58,2025-05-14 16:00:00,391,18.67,2025-05-14 16:00:00,761,20.56,2025-05-14 16:00:00,390,21.8,2025-05-14 16:00:00,390
2025-05-15,5916.93,2025-05-15 16:00:00,391,17.81,2025-05-15 16:00:00,761,20.22,2025-05-15 16:00:00,390,21.56,2025-05-15 16:00:00,390
2025-05-16,5958.38,2025-05-16 16:00:00,391,17.24,2025-05-16 16:00:00,761,20.06,2025-05-16 16:00:00,390,21.62,2025-05-16 16:00:00,390
2025-05-19,5963.59,2025-05-19 16:00:00,391,18.05,2025-05-19 16:00:00,761,20.63,2025-05-19 16:00:00,390,21.98,2025-05-19 16:00:00,390
2025-05-20,5940.46,2025-05-20 16:00:00,391,17.95,2025-05-20 16:00:00,761,20.65,2025-05-20 16:00:00,390,22.04,2025-05-20 16:00:00,390
2025-05-21,5844.55,2025-05-21 16:00:00,391,20.74,2025-05-21 16:00:00,760,22.54,2025-05-21 16:00:00,390,23.46,2025-05-21 16:00:00,390
2025-05-22,5842.01,2025-05-22 16:00:00,391,20.22,2025-05-22 16:00:00,761,22.32,2025-05-22 16:00:00,390,23.35,2025-05-22 16:00:00,390
2025-05-23,5802.83,2025-05-23 16:00:00,391,22.32,2025-05-23 16:00:00,761,23.77,2025-05-23 16:00:00,390,24.41,2025-05-23 16:00:00,390
2025-05-27,5921.54,2025-05-27 16:00:00,391,19.0,2025-05-27 16:00:00,761,21.36,2025-05-27 16:00:00,390,22.47,2025-05-27 16:00:00,390
2025-05-28,5888.56,2025-05-28 16:00:00,391,19.33,2025-05-28 16:00:00,761,21.71,2025-05-28 16:00:00,390,22.82,2025-05-28 16:00:00,390
2025-05-29,5912.2,2025-05-29 16:00:00,391,19.06,2025-05-29 16:00:00,761,21.54,2025-05-29 16:00:00,390,22.71,2025-05-29 16:00:00,390
2025-05-30,5911.62,2025-05-30 16:00:00,391,18.68,2025-05-30 16:00:00,761,21.41,2025-05-30 16:00:00,390,22.71,2025-05-30 16:00:00,390
2025-06-02,5936.03,2025-06-02 16:00:00,391,18.46,2025-06-02 16:00:00,761,21.14,2025-06-02 16:00:00,390,22.45,2025-06-02 16:00:00,390
2025-06-03,5970.38,2025-06-03 16:00:00,391,17.73,2025-06-03 16:00:00,761,20.73,2025-06-03 16:00:00,390,22.14,2025-06-03 16:00:00,390
2025-06-04,5970.81,2025-06-04 16:00:00,391,17.6,2025-06-04 16:00:00,761,20.67,2025-06-04 16:00:00,390,22.18,2025-06-04 16:00:00,390
2025-06-05,5939.31,2025-06-05 16:00:00,391,18.44,2025-06-05 16:00:00,761,21.04,2025-06-05 16:00:00,390,22.45,2025-06-05 16:00:00,390
2025-06-06,6000.32,2025-06-06 16:00:00,391,16.84,2025-06-06 16:00:00,761,20.04,2025-06-06 16:00:00,390,21.76,2025-06-06 16:00:00,390
2025-06-09,6005.88,2025-06-09 16:00:00,391,17.14,2025-06-09 16:00:00,761,20.08,2025-06-09 16:00:00,390,21.8,2025-06-09 16:00:00,390
2025-06-10,6038.81,2025-06-10 16:00:00,391,16.81,2025-06-10 16:00:00,761,19.87,2025-06-10 16:00:00,390,21.62,2025-06-10 16:00:00,390
2025-06-11,6022.33,2025-06-11 16:00:00,391,17.39,2025-06-11 16:00:00,761,20.35,2025-06-11 16:00:00,390,21.86,2025-06-11 16:00:00,390
2025-06-12,6045.22,2025-06-12 16:00:00,391,17.97,2025-06-12 16:00:00,761,20.58,2025-06-12 16:00:00,390,22.07,2025-06-12 16:00:00,390
2025-06-13,5976.96,2025-06-13 16:00:00,391,21.04,2025-06-13 16:00:00,761,22.72,2025-06-13 16:00:00,390,23.5,2025-06-13 16:00:00,390
2025-06-16,6033.11,2025-06-16 16:00:00,391,19.1,2025-06-16 16:00:00,761,21.24,2025-06-16 16:00:00,390,22.44,2025-06-16 16:00:00,390
2025-06-17,5982.72,2025-06-17 16:00:00,391,21.4,2025-06-17 16:00:00,761,22.76,2025-06-17 16:00:00,390,23.53,2025-06-17 16:00:00,390
2025-06-18,5980.85,2025-06-18 16:00:00,391,20.13,2025-06-18 16:00:00,759,21.95,2025-06-18 16:00:00,390,23.05,2025-06-18 16:00:00,390
2025-06-20,5967.83,2025-06-20 16:00:00,391,20.32,2025-06-20 16:00:00,761,22.3,2025-06-20 16:00:00,390,23.33,2025-06-20 16:00:00,390
2025-06-23,6025.19,2025-06-23 16:00:00,391,19.97,2025-06-23 16:00:00,761,21.88,2025-06-23 16:00:00,390,22.98,2025-06-23 16:00:00,390
2025-06-24,6092.23,2025-06-24 16:00:00,391,17.52,2025-06-24 16:00:00,761,20.06,2025-06-24 16:00:00,390,21.66,2025-06-24 16:00:00,390
2025-06-25,6092.2,2025-06-25 16:00:00,391,16.75,2025-06-25 16:00:00,761,19.67,2025-06-25 16:00:00,390,21.51,2025-06-25 16:00:00,390
2025-06-26,6141.02,2025-06-26 16:00:00,391,16.48,2025-06-26 16:00:00,761,19.4,2025-06-26 16:00:00,390,21.22,2025-06-26 16:00:00,390
2025-06-27,6173.07,2025-06-27 16:00:00,391,16.36,2025-06-27 16:00:00,761,19.47,2025-06-27 16:00:00,390,21.35,2025-06-27 16:00:00,390
2025-06-30,6204.94,2025-06-30 16:00:00,391,16.65,2025-06-30 16:00:00,761,19.36,2025-06-30 16:00:00,390,21.23,2025-06-30 16:00:00,390
2025-07-01,6198.05,2025-07-01 16:00:00,391,16.73,2025-07-01 16:00:00,761,19.45,2025-07-01 16:00:00,390,21.28,2025-07-01 16:00:00,390
2025-07-02,6227.41,2025-07-02 16:00:00,391,16.65,2025-07-02 16:00:00,761,19.34,2025-07-02 16:00:00,390,21.15,2025-07-02 16:00:00,390
2025-07-03,6279.35,2025-07-03 13:43:00,232,16.38,2025-07-03 13:15:00,596,19.21,2025-07-03 13:15:00,225,21.02,2025-07-03 13:15:00,225
2025-07-07,6229.98,2025-07-07 16:00:00,391,17.76,2025-07-07 16:00:00,761,20.21,2025-07-07 16:00:00,390,21.61,2025-07-07 16:00:00,390
2025-07-08,6225.53,2025-07-08 16:00:00,391,16.84,2025-07-08 16:00:00,761,19.6,2025-07-08 16:00:00,390,21.13,2025-07-08 16:00:00,390
2025-07-09,6263.35,2025-07-09 16:00:00,391,15.89,2025-07-09 16:00:00,761,19.0,2025-07-09 16:00:00,390,20.71,2025-07-09 16:00:00,390
2025-07-10,6280.38,2025-07-10 16:00:00,391,15.75,2025-07-10 16:00:00,761,18.89,2025-07-10 16:00:00,390,20.65,2025-07-10 16:00:00,390
2025-07-11,6259.75,2025-07-11 16:00:00,391,16.3,2025-07-11 16:00:00,761,19.34,2025-07-11 16:00:00,390,21.06,2025-07-11 16:00:00,390
2025-07-14,6268.56,2025-07-14 16:00:00,391,17.19,2025-07-14 16:00:00,761,19.81,2025-07-14 16:00:00,390,21.29,2025-07-14 16:00:00,390
2025-07-15,6243.68,2025-07-15 16:00:00,391,17.28,2025-07-15 16:00:00,761,19.97,2025-07-15 16:00:00,390,21.42,2025-07-15 16:00:00,390
2025-07-16,6263.69,2025-07-16 16:00:00,391,17.14,2025-07-16 16:00:00,755,20.1,2025-07-16 16:00:00,390,21.6,2025-07-16 16:00:00,390
2025-07-17,6297.5,2025-07-17 16:00:00,391,16.61,2025-07-17 16:00:00,761,19.73,2025-07-17 16:00:00,390,21.41,2025-07-17 16:00:00,390
2025-07-18,6296.79,2025-07-18 16:00:00,391,16.46,2025-07-18 16:00:00,761,19.62,2025-07-18 16:00:00,390,21.34,2025-07-18 16:00:00,390
2025-07-21,6305.6,2025-07-21 16:00:00,391,16.71,2025-07-21 16:00:00,761,19.56,2025-07-21 16:00:00,390,21.28,2025-07-21 16:00:00,390
2025-07-22,6309.59,2025-07-22 16:00:00,391,16.55,2025-07-22 16:00:00,761,19.53,2025-07-22 16:00:00,390,21.38,2025-07-22 16:00:00,390
2025-07-23,6358.99,2025-07-23 16:00:00,391,15.47,2025-07-23 16:00:00,761,18.63,2025-07-23 16:00:00,390,20.65,2025-07-23 16:00:00,390
2025-07-24,6363.39,2025-07-24 16:00:00,391,15.5,2025-07-24 16:00:00,761,18.59,2025-07-24 16:00:00,390,20.59,2025-07-24 16:00:00,390
2025-07-25,6388.65,2025-07-25 16:00:00,391,14.97,2025-07-25 16:00:00,761,18.32,2025-07-25 16:00:00,390,20.35,2025-07-25 16:00:00,390
2025-07-28,6389.8,2025-07-28 16:00:00,391,15.04,2025-07-28 16:00:00,761,18.18,2025-07-28 16:00:00,390,20.14,2025-07-28 16:00:00,390
2025-07-29,6370.89,2025-07-29 16:00:00,391,15.94,2025-07-29 16:00:00,761,18.74,2025-07-29 16:00:00,390,20.61,2025-07-29 16:00:00,390
2025-07-30,6362.95,2025-07-30 16:00:00,391,16.06,2025-07-30 16:00:00,760,18.79,2025-07-30 16:00:00,390,20.64,2025-07-30 16:00:00,390
2025-07-31,6339.55,2025-07-31 16:00:00,391,16.6,2025-07-31 16:00:00,761,19.03,2025-07-31 16:00:00,390,20.75,2025-07-31 16:00:00,390
2025-08-01,6238.01,2025-08-01 16:00:00,391,20.63,2025-08-01 16:00:00,761,21.42,2025-08-01 16:00:00,390,22.46,2025-08-01 16:00:00,390
2025-08-04,6329.93,2025-08-04 16:00:00,391,17.62,2025-08-04 16:00:00,761,19.7,2025-08-04 16:00:00,390,21.14,2025-08-04 16:00:00,390
2025-08-05,6299.17,2025-08-05 16:00:00,391,17.93,2025-08-05 16:00:00,761,20.1,2025-08-05 16:00:00,390,21.46,2025-08-05 16:00:00,390
2025-08-06,6345.09,2025-08-06 16:00:00,391,16.71,2025-08-06 16:00:00,761,19.46,2025-08-06 16:00:00,390,21.04,2025-08-06 16:00:00,390
2025-08-07,6340.0,2025-08-07 16:00:00,391,16.7,2025-08-07 16:00:00,761,19.43,2025-08-07 16:00:00,390,20.97,2025-08-07 16:00:00,390
2025-08-08,6389.51,2025-08-08 16:00:00,391,15.36,2025-08-08 16:00:00,761,18.87,2025-08-08 16:00:00,390,20.59,2025-08-08 16:00:00,390
2025-08-11,6373.52,2025-08-11 16:00:00,391,16.04,2025-08-11 16:00:00,761,19.18,2025-08-11 16:00:00,390,20.77,2025-08-11 16:00:00,390
2025-08-12,6445.82,2025-08-12 16:00:00,391,14.8,2025-08-12 16:00:00,761,18.34,2025-08-12 16:00:00,390,20.23,2025-08-12 16:00:00,390
2025-08-13,6466.58,2025-08-13 16:00:00,391,14.4,2025-08-13 16:00:00,761,18.25,2025-08-13 16:00:00,390,20.29,2025-08-13 16:00:00,390
2025-08-14,6468.54,2025-08-14 16:00:00,391,14.74,2025-08-14 16:00:00,761,18.35,2025-08-14 16:00:00,390,20.42,2025-08-14 16:00:00,390
2025-08-15,6449.79,2025-08-15 16:00:00,391,15.05,2025-08-15 16:00:00,761,18.63,2025-08-15 16:00:00,390,20.64,2025-08-15 16:00:00,390
2025-08-18,6449.16,2025-08-18 16:00:00,391,15.03,2025-08-18 16:00:00,761,18.46,2025-08-18 16:00:00,390,20.59,2025-08-18 16:00:00,390
2025-08-19,6411.46,2025-08-19 16:00:00,391,15.54,2025-08-19 16:00:00,761,18.88,2025-08-19 16:00:00,390,20.96,2025-08-19 16:00:00,390
2025-08-20,6395.79,2025-08-20 16:00:00,391,15.74,2025-08-20 16:00:00,760,19.15,2025-08-20 16:00:00,390,21.13,2025-08-20 16:00:00,390
2025-08-21,6370.15,2025-08-21 16:00:00,391,16.7,2025-08-21 16:00:00,761,19.45,2025-08-21 16:00:00,390,21.42,2025-08-21 16:00:00,390
2025-08-22,6466.9,2025-08-22 16:00:00,391,14.23,2025-08-22 16:00:00,761,17.78,2025-08-22 16:00:00,390,20.15,2025-08-22 16:00:00,390
2025-08-25,6439.32,2025-08-25 16:00:00,391,14.87,2025-08-25 16:00:00,761,18.09,2025-08-25 16:00:00,390,20.52,2025-08-25 16:00:00,390
2025-08-26,6465.91,2025-08-26 16:00:00,391,14.81,2025-08-26 16:00:00,761,17.99,2025-08-26 16:00:00,390,20.5,2025-08-26 16:00:00,390
2025-08-27,6481.4,2025-08-27 16:00:00,391,14.94,2025-08-27 16:00:00,760,17.96,2025-08-27 16:00:00,390,20.62,2025-08-27 16:00:00,390
2025-08-28,6501.86,2025-08-28 16:00:00,391,14.36,2025-08-28 16:00:00,761,17.68,2025-08-28 16:00:00,390,20.38,2025-08-28 16:00:00,390
2025-08-29,6460.27,2025-08-29 16:00:00,391,15.29,2025-08-29 16:00:00,761,18.27,2025-08-29 16:00:00,390,20.77,2025-08-29 16:00:00,390
2025-09-02,6415.54,2025-09-02 16:00:00,391,17.51,2025-09-02 16:00:00,761,19.55,2025-09-02 16:00:00,390,21.52,2025-09-02 16:00:00,390
2025-09-03,6448.28,2025-09-03 16:00:00,391,16.36,2025-09-03 16:00:00,760,18.96,2025-09-03 16:00:00,390,21.05,2025-09-03 16:00:00,390
2025-09-04,6502.08,2025-09-04 16:00:00,391,15.43,2025-09-04 16:00:00,761,18.38,2025-09-04 16:00:00,390,20.61,2025-09-04 16:00:00,390
2025-09-05,6481.52,2025-09-05 16:00:00,391,15.22,2025-09-05 16:00:00,761,18.41,2025-09-05 16:00:00,390,20.63,2025-09-05 16:00:00,390
2025-09-08,6495.2,2025-09-08 16:00:00,391,15.24,2025-09-08 16:00:00,761,18.34,2025-09-08 16:00:00,390,20.51,2025-09-08 16:00:00,390
2025-09-09,6512.66,2025-09-09 16:00:00,391,15.15,2025-09-09 16:00:00,761,18.34,2025-09-09 16:00:00,390,20.56,2025-09-09 16:00:00,390
2025-09-10,6532.05,2025-09-10 16:00:00,391,15.32,2025-09-10 16:00:00,761,18.42,2025-09-10 16:00:00,390,20.56,2025-09-10 16:00:00,390
2025-09-11,6587.45,2025-09-11 16:00:00,391,14.7,2025-09-11 16:00:00,761,18.02,2025-09-11 16:00:00,390,20.34,2025-09-11 16:00:00,390
2025-09-12,6584.29,2025-09-12 16:00:00,391,14.76,2025-09-12 16:00:00,761,18.05,2025-09-12 16:00:00,390,20.38,2025-09-12 16:00:00,390
2025-09-15,6615.31,2025-09-15 16:00:00,391,15.63,2025-09-15 16:00:00,761,18.48,2025-09-15 16:00:00,390,20.7,2025-09-15 16:00:00,390
2025-09-16,6606.79,2025-09-16 16:00:00,391,16.35,2025-09-16 16:00:00,761,18.93,2025-09-16 16:00:00,390,21.05,2025-09-16 16:00:00,390
2025-09-17,6600.42,2025-09-17 16:00:00,391,15.67,2025-09-17 16:00:00,760,18.45,2025-09-17 16:00:00,390,20.68,2025-09-17 16:00:00,390
2025-09-18,6631.94,2025-09-18 16:00:00,391,15.74,2025-09-18 16:00:00,761,18.54,2025-09-18 16:00:00,390,20.72,2025-09-18 16:00:00,390
2025-09-19,6664.41,2025-09-19 16:00:00,391,15.48,2025-09-19 16:00:00,761,18.49,2025-09-19 16:00:00,390,20.75,2025-09-19 16:00:00,390
2025-09-22,6693.77,2025-09-22 16:00:00,391,16.08,2025-09-22 16:00:00,761,18.9,2025-09-22 16:00:00,390,21.06,2025-09-22 16:00:00,390
2025-09-23,6656.96,2025-09-23 16:00:00,391,16.72,2025-09-23 16:00:00,761,19.48,2025-09-23 16:00:00,390,21.49,2025-09-23 16:00:00,390
2025-09-24,6637.97,2025-09-24 16:00:00,391,16.31,2025-09-24 16:00:00,761,19.23,2025-09-24 16:00:00,390,21.28,2025-09-24 16:00:00,390
2025-09-25,6604.8,2025-09-25 16:00:00,391,16.7,2025-09-25 16:00:00,761,19.44,2025-09-25 16:00:00,390,21.36,2025-09-25 16:00:00,390
2025-09-26,6643.7,2025-09-26 16:00:00,391,15.33,2025-09-26 16:00:00,761,18.47,2025-09-26 16:00:00,390,20.73,2025-09-26 16:00:00,390
2025-09-29,6661.21,2025-09-29 16:00:00,391,16.04,2025-09-29 16:00:00,761,18.74,2025-09-29 16:00:00,390,20.98,2025-09-29 16:00:00,390
2025-09-30,6688.43,2025-09-30 16:00:00,391,16.2,2025-09-30 16:00:00,761,18.71,2025-09-30 16:00:00,390,20.9,2025-09-30 16:00:00,390
2025-10-01,6711.2,2025-10-01 16:00:00,391,16.18,2025-10-01 16:00:00,761,18.69,2025-10-01 16:00:00,390,20.9,2025-10-01 16:00:00,390
2025-10-02,6715.38,2025-10-02 16:00:00,391,16.6,2025-10-02 16:00:00,761,18.87,2025-10-02 16:00:00,390,21.1,2025-10-02 16:00:00,390
2025-10-03,6715.79,2025-10-03 16:00:00,391,16.54,2025-10-03 16:00:00,761,19.03,2025-10-03 16:00:00,390,21.18,2025-10-03 16:00:00,390
2025-10-06,6740.28,2025-10-06 16:00:00,391,16.37,2025-10-06 16:00:00,761,19.1,2025-10-06 16:00:00,390,21.25,2025-10-06 16:00:00,390
2025-10-07,6714.59,2025-10-07 16:00:00,391,17.19,2025-10-07 16:00:00,761,19.68,2025-10-07 16:00:00,390,21.59,2025-10-07 16:00:00,390
2025-10-08,6753.72,2025-10-08 16:00:00,391,16.29,2025-10-08 16:00:00,761,19.25,2025-10-08 16:00:00,390,21.39,2025-10-08 16:00:00,390
2025-10-09,6735.11,2025-10-09 16:00:00,391,16.45,2025-10-09 16:00:00,761,19.38,2025-10-09 16:00:00,390,21.41,2025-10-09 16:00:00,390
2025-10-10,6552.5,2025-10-10 16:00:00,391,21.99,2025-10-10 16:00:00,761,23.02,2025-10-10 16:00:00,390,23.95,2025-10-10 16:00:00,390
2025-10-13,6654.69,2025-10-13 16:00:00,391,18.97,2025-10-13 16:00:00,761,20.87,2025-10-13 16:00:00,390,22.37,2025-10-13 16:00:00,390
2025-10-14,6644.31,2025-10-14 16:00:00,391,20.31,2025-10-14 16:00:00,761,21.74,2025-10-14 16:00:00,390,22.97,2025-10-14 16:00:00,390
2025-10-15,6671.05,2025-10-15 16:00:00,391,20.45,2025-10-15 16:00:00,761,21.81,2025-10-15 16:00:00,390,23.14,2025-10-15 16:00:00,390
2025-10-16,6629.08,2025-10-16 16:00:00,391,24.59,2025-10-16 16:00:00,761,24.45,2025-10-16 16:00:00,390,24.89,2025-10-16 16:00:00,390
2025-10-17,6664.01,2025-10-17 16:00:00,391,21.09,2025-10-17 16:00:00,761,22.3,2025-10-17 16:00:00,390,23.56,2025-10-17 16:00:00,390
2025-10-20,6735.13,2025-10-20 16:00:00,391,18.35,2025-10-20 16:00:00,478,20.38,2025-10-20 16:00:00,390,22.33,2025-10-20 16:00:00,390
2025-10-21,6735.3,2025-10-21 16:00:00,391,17.77,2025-10-21 16:00:00,761,19.95,2025-10-21 16:00:00,390,22.11,2025-10-21 16:00:00,390
2025-10-22,6699.44,2025-10-22 16:00:00,391,18.56,2025-10-22 16:00:00,758,20.3,2025-10-22 16:00:00,390,22.36,2025-10-22 16:00:00,390
2025-10-23,6738.41,2025-10-23 16:00:00,391,17.32,2025-10-23 16:00:00,761,19.66,2025-10-23 16:00:00,390,21.92,2025-10-23 16:00:00,390
2025-10-24,6791.75,2025-10-24 16:00:00,391,16.42,2025-10-24 16:00:00,761,19.23,2025-10-24 16:00:00,390,21.59,2025-10-24 16:00:00,390
2025-10-27,6875.12,2025-10-27 16:00:00,391,15.8,2025-10-27 16:00:00,761,19.01,2025-10-27 16:00:00,390,21.46,2025-10-27 16:00:00,390
2025-10-28,6890.91,2025-10-28 16:00:00,391,16.42,2025-10-28 16:00:00,761,19.56,2025-10-28 16:00:00,390,21.85,2025-10-28 16:00:00,390
2025-10-29,6890.73,2025-10-29 16:00:00,391,16.97,2025-10-29 16:00:00,761,19.89,2025-10-29 16:00:00,390,22.08,2025-10-29 16:00:00,390
2025-10-30,6822.32,2025-10-30 16:00:00,391,17.27,2025-10-30 16:00:00,761,20.2,2025-10-30 16:00:00,390,22.24,2025-10-30 16:00:00,390
2025-10-31,6840.25,2025-10-31 16:00:00,391,17.41,2025-10-31 16:00:00,761,20.52,2025-10-31 16:00:00,390,22.61,2025-10-31 16:00:00,390
2025-11-03,6852.04,2025-11-03 16:00:00,391,17.21,2025-11-03 16:00:00,761,20.42,2025-11-03 16:00:00,390,22.56,2025-11-03 16:00:00,390
2025-11-04,6771.74,2025-11-04 16:00:00,391,18.84,2025-11-04 16:00:00,761,21.21,2025-11-04 16:00:00,390,23.1,2025-11-04 16:00:00,390
2025-11-05,6796.31,2025-11-05 16:00:00,391,17.93,2025-11-05 16:00:00,761,20.55,2025-11-05 16:00:00,390,22.58,2025-11-05 16:00:00,390
2025-11-06,6720.39,2025-11-06 16:00:00,391,19.63,2025-11-06 16:00:00,761,21.44,2025-11-06 16:00:00,390,23.25,2025-11-06 16:00:00,390
2025-11-07,6728.81,2025-11-07 16:00:00,391,19.25,2025-11-07 16:00:00,761,21.29,2025-11-07 16:00:00,390,23.06,2025-11-07 16:00:00,390
2025-11-10,6832.47,2025-11-10 16:00:00,391,17.71,2025-11-10 16:00:00,761,20.32,2025-11-10 16:00:00,390,22.43,2025-11-10 16:00:00,390
2025-11-11,6846.64,2025-11-11 16:00:00,391,17.25,2025-11-11 16:00:00,761,20.16,2025-11-11 16:00:00,390,22.49,2025-11-11 16:00:00,390
2025-11-12,6851.01,2025-11-12 16:00:00,391,17.48,2025-11-12 16:00:00,760,20.29,2025-11-12 16:00:00,390,22.52,2025-11-12 16:00:00,390
2025-11-13,6737.55,2025-11-13 16:00:00,391,20.34,2025-11-13 16:00:00,761,22.06,2025-11-13 16:00:00,390,23.71,2025-11-13 16:00:00,390
2025-11-14,6734.11,2025-11-14 16:00:00,391,20.08,2025-11-14 16:00:00,761,21.72,2025-11-14 16:00:00,390,23.5,2025-11-14 16:00:00,390
2025-11-17,6672.5,2025-11-17 16:00:00,391,22.33,2025-11-17 16:00:00,761,23.18,2025-11-17 16:00:00,390,24.32,2025-11-17 16:00:00,390
2025-11-18,6617.37,2025-11-18 16:00:00,391,24.39,2025-11-18 16:00:00,761,24.33,2025-11-18 16:00:00,390,25.19,2025-11-18 16:00:00,390
2025-11-19,6642.2,2025-11-19 16:00:00,391,23.6,2025-11-19 16:00:00,760,23.96,2025-11-19 16:00:00,390,24.97,2025-11-19 16:00:00,390
2025-11-20,6538.98,2025-11-20 16:00:00,391,26.32,2025-11-20 16:00:00,761,25.76,2025-11-20 16:00:00,390,26.24,2025-11-20 16:00:00,390
2025-11-21,6602.96,2025-11-21 16:00:00,391,23.59,2025-11-21 16:00:00,761,24.07,2025-11-21 16:00:00,390,25.26,2025-11-21 16:00:00,390
2025-11-24,6705.08,2025-11-24 16:00:00,391,20.66,2025-11-24 16:00:00,761,21.91,2025-11-24 16:00:00,390,23.77,2025-11-24 16:00:00,390
2025-11-25,6765.88,2025-11-25 16:00:00,391,18.61,2025-11-25 16:00:00,761,20.79,2025-11-25 16:00:00,390,23.04,2025-11-25 16:00:00,390
2025-11-26,6812.61,2025-11-26 16:00:00,391,17.19,2025-11-26 16:00:00,761,20.03,2025-11-26 16:00:00,390,22.47,2025-11-26 16:00:00,390
2025-11-28,6849.09,2025-11-28 14:13:00,232,16.35,2025-11-28 13:15:00,596,19.64,2025-11-28 13:15:00,225,22.1,2025-11-28 13:15:00,225
2025-12-01,6812.66,2025-12-01 16:00:00,391,17.23,2025-12-01 16:00:00,761,20.23,2025-12-01 16:00:00,390,22.45,2025-12-01 16:00:00,390
2025-12-02,6829.37,2025-12-02 16:00:00,391,16.58,2025-12-02 16:00:00,761,19.83,2025-12-02 16:00:00,390,22.2,2025-12-02 16:00:00,390
2025-12-03,6850.0,2025-12-03 16:00:00,391,16.11,2025-12-03 16:00:00,760,19.73,2025-12-03 16:00:00,390,22.11,2025-12-03 16:00:00,390
2025-12-04,6856.95,2025-12-04 16:00:00,391,15.78,2025-12-04 16:00:00,761,19.48,2025-12-04 16:00:00,390,21.91,2025-12-04 16:00:00,390
2025-12-05,6870.4,2025-12-05 16:00:00,391,15.32,2025-12-05 16:00:00,761,19.25,2025-12-05 16:00:00,390,21.7,2025-12-05 16:00:00,390
2025-12-08,6846.51,2025-12-08 16:00:00,391,16.65,2025-12-08 16:00:00,761,19.88,2025-12-08 16:00:00,390,22.14,2025-12-08 16:00:00,390
2025-12-09,6840.52,2025-12-09 16:00:00,391,16.87,2025-12-09 16:00:00,761,20.04,2025-12-09 16:00:00,390,22.22,2025-12-09 16:00:00,390
2025-12-10,6886.8,2025-12-10 16:00:00,391,15.86,2025-12-10 16:00:00,760,19.39,2025-12-10 16:00:00,390,21.73,2025-12-10 16:00:00,390
2025-12-11,6900.99,2025-12-11 16:00:00,391,14.97,2025-12-11 16:00:00,761,18.96,2025-12-11 16:00:00,390,21.35,2025-12-11 16:00:00,390
2025-12-12,6827.38,2025-12-12 16:00:00,391,15.76,2025-12-12 16:00:00,761,19.24,2025-12-12 16:00:00,390,21.6,2025-12-12 16:00:00,390
2025-12-15,6816.49,2025-12-15 16:00:00,391,16.54,2025-12-15 16:00:00,761,19.7,2025-12-15 16:00:00,390,21.98,2025-12-15 16:00:00,390
2025-12-16,6800.21,2025-12-16 16:00:00,391,16.45,2025-12-16 16:00:00,761,19.65,2025-12-16 16:00:00,390,21.94,2025-12-16 16:00:00,390
2025-12-17,6721.51,2025-12-17 16:00:00,391,17.83,2025-12-17 16:00:00,761,20.19,2025-12-17 16:00:00,390,22.22,2025-12-17 16:00:00,390
2025-12-18,6774.76,2025-12-18 16:00:00,391,16.82,2025-12-18 16:00:00,761,19.55,2025-12-18 16:00:00,390,21.67,2025-12-18 16:00:00,390
2025-12-19,6834.73,2025-12-19 16:00:00,391,15.05,2025-12-19 16:00:00,761,18.35,2025-12-19 16:00:00,390,20.86,2025-12-19 16:00:00,390
2025-12-22,6878.49,2025-12-22 16:00:00,391,14.06,2025-12-22 16:00:00,761,17.78,2025-12-22 16:00:00,390,20.42,2025-12-22 16:00:00,390
2025-12-23,6909.78,2025-12-23 16:00:00,391,13.88,2025-12-23 16:00:00,761,17.75,2025-12-23 16:00:00,390,20.48,2025-12-23 16:00:00,390
2025-12-24,6932.05,2025-12-24 14:54:00,232,13.47,2025-12-24 13:15:00,595,17.77,2025-12-24 13:15:00,225,20.59,2025-12-24 13:15:00,225
2025-12-26,6929.95,2025-12-26 16:00:00,391,13.58,2025-12-26 16:00:00,761,17.77,2025-12-26 16:00:00,390,20.64,2025-12-26 16:00:00,390
2025-12-29,6905.75,2025-12-29 16:00:00,391,14.14,2025-12-29 16:00:00,761,17.79,2025-12-29 16:00:00,390,20.62,2025-12-29 16:00:00,390
2025-12-30,6896.26,2025-12-30 16:00:00,391,14.3,2025-12-30 16:00:00,761,17.76,2025-12-30 16:00:00,390,20.67,2025-12-30 16:00:00,390
2025-12-31,6845.5,2025-12-31 16:00:00,391,15.01,2025-12-31 16:00:00,760,18.23,2025-12-31 16:00:00,390,20.95,2025-12-31 16:00:00,390
2026-01-02,6858.45,2026-01-02 16:00:00,391,14.47,2026-01-02 16:00:00,761,18.01,2026-01-02 16:00:00,390,20.86,2026-01-02 16:00:00,390
2026-01-05,6902.1,2026-01-05 16:00:00,391,14.95,2026-01-05 16:00:00,761,18.33,2026-01-05 16:00:00,390,20.96,2026-01-05 16:00:00,390
