date,close,close_timestamp,n_bars
2008-01-02,1447.46,2008-01-02,391
2008-01-03,1447.06,2008-01-03,391
2008-01-04,1411.37,2008-01-04,391
2008-01-07,1416.45,2008-01-07,391
2008-01-08,1389.88,2008-01-08,391
2008-01-09,1409.19,2008-01-09,391
2008-01-10,1419.87,2008-01-10,391
2008-01-11,1401.32,2008-01-11,391
2008-01-14,1416.23,2008-01-14,391
2008-01-15,1380.8,2008-01-15,380
2008-01-16,1372.91,2008-01-16,391
2008-01-17,1333.43,2008-01-17,391
2008-01-18,1325.7,2008-01-18,391
2008-01-22,1310.86,2008-01-22,391
2008-01-23,1338.81,2008-01-23,387
2008-01-24,1351.51,2008-01-24,391
2008-01-25,1330.47,2008-01-25,391
2008-01-28,1353.79,2008-01-28,373
2008-01-29,1361.94,2008-01-29,391
2008-01-30,1354.82,2008-01-30,391
2008-01-31,1375.06,2008-01-31,391
2008-02-01,1395.25,2008-02-01,391
2008-02-04,1380.84,2008-02-04,391
2008-02-05,1337.33,2008-02-05,391
2008-02-06,1326.42,2008-02-06,391
2008-02-07,1336.87,2008-02-07,391
2008-02-08,1331.26,2008-02-08,391
2008-02-11,1338.98,2008-02-11,391
2008-02-12,1348.7,2008-02-12,391
2008-02-13,1366.55,2008-02-13,391
2008-02-14,1348.64,2008-02-14,391
2008-02-15,1349.74,2008-02-15,391
2008-02-19,1348.66,2008-02-19,391
2008-02-20,1359.99,2008-02-20,391
2008-02-21,1342.32,2008-02-21,391
2008-02-22,1353.77,2008-02-22,391
2008-02-25,1371.48,2008-02-25,391
2008-02-26,1381.38,2008-02-26,391
2008-02-27,1379.62,2008-02-27,391
2008-02-28,1367.62,2008-02-28,391
2008-02-29,1331.09,2008-02-29,391
2008-03-03,1331.49,2008-03-03,391
2008-03-04,1326.71,2008-03-04,391
2008-03-05,1333.89,2008-03-05,391
2008-03-06,1304.4,2008-03-06,391
2008-03-07,1293.28,2008-03-07,391
2008-03-10,1274.31,2008-03-10,391
2008-03-11,1320.41,2008-03-11,391
2008-03-12,1309.0,2008-03-12,391
2008-03-13,1315.33,2008-03-13,391
2008-03-14,1288.53,2008-03-14,391
2008-03-17,1276.43,2008-03-17,391
2008-03-18,1329.17,2008-03-18,391
2008-03-19,1298.55,2008-03-19,391
2008-03-20,1330.06,2008-03-20,391
2008-03-24,1349.7,2008-03-24,391
2008-03-25,1352.86,2008-03-25,391
2008-03-26,1340.94,2008-03-26,391
2008-03-27,1325.92,2008-03-27,391
2008-03-28,1315.13,2008-03-28,391
2008-03-31,1321.98,2008-03-31,391
2008-04-01,1369.94,2008-04-01,391
2008-04-02,1367.6,2008-04-02,391
2008-04-03,1369.18,2008-04-03,391
2008-04-04,1370.66,2008-04-04,391
2008-04-07,1372.39,2008-04-07,391
2008-04-08,1365.63,2008-04-08,391
2008-04-09,1354.53,2008-04-09,391
2008-04-10,1360.49,2008-04-10,391
2008-04-11,1333.09,2008-04-11,391
2008-04-14,1328.98,2008-04-14,391
2008-04-15,1334.9,2008-04-15,391
2008-04-16,1363.74,2008-04-16,391
2008-04-17,1365.51,2008-04-17,391
2008-04-18,1390.53,2008-04-18,391
2008-04-21,1388.13,2008-04-21,391
2008-04-22,1376.46,2008-04-22,391
2008-04-23,1380.09,2008-04-23,391
2008-04-24,1388.53,2008-04-24,391
2008-04-25,1398.12,2008-04-25,391
2008-04-28,1396.3,2008-04-28,387
2008-04-29,1391.19,2008-04-29,391
2008-04-30,1384.73,2008-04-30,391
2008-05-01,1409.11,2008-05-01,391
2008-05-02,1413.43,2008-05-02,391
2008-05-05,1407.37,2008-05-05,347
2008-05-06,1418.58,2008-05-06,391
2008-05-07,1392.44,2008-05-07,391
2008-05-08,1397.6,2008-05-08,391
2008-05-09,1388.36,2008-05-09,391
2008-05-12,1403.51,2008-05-12,391
2008-05-13,1403.0,2008-05-13,391
2008-05-14,1408.16,2008-05-14,391
2008-05-15,1423.41,2008-05-15,391
2008-05-16,1425.16,2008-05-16,391
2008-05-19,1426.46,2008-05-19,391
2008-05-20,1413.91,2008-05-20,391
2008-05-21,1390.84,2008-05-21,391
2008-05-22,1393.94,2008-05-22,391
2008-05-23,1376.12,2008-05-23,391
2008-05-27,1385.48,2008-05-27,391
2008-05-28,1391.01,2008-05-28,391
2008-05-29,1398.04,2008-05-29,391
2008-05-30,1399.19,2008-05-30,391
2008-06-02,1385.71,2008-06-02,391
2008-06-03,1377.4,2008-06-03,391
2008-06-04,1377.21,2008-06-04,391
2008-06-05,1403.38,2008-06-05,391
2008-06-06,1359.93,2008-06-06,391
2008-06-09,1362.14,2008-06-09,391
2008-06-10,1357.98,2008-06-10,391
2008-06-11,1335.57,2008-06-11,391
2008-06-12,1340.11,2008-06-12,391
2008-06-13,1359.95,2008-06-13,391
2008-06-16,1360.03,2008-06-16,391
2008-06-17,1350.91,2008-06-17,391
2008-06-18,1338.53,2008-06-18,391
2008-06-19,1342.85,2008-06-19,391
2008-06-20,1317.77,2008-06-20,391
2008-06-23,1318.42,2008-06-23,391
2008-06-24,1314.48,2008-06-24,391
2008-06-25,1322.26,2008-06-25,391
2008-06-26,1283.42,2008-06-26,391
2008-06-27,1279.46,2008-06-27,391
2008-06-30,1279.24,2008-06-30,391
2008-07-01,1284.95,2008-07-01,391
2008-07-02,1261.63,2008-07-02,391
2008-07-03,1262.9,2008-07-03,335
2008-07-07,1251.72,2008-07-07,391
2008-07-08,1273.57,2008-07-08,391
2008-07-09,1244.66,2008-07-09,391
2008-07-10,1253.69,2008-07-10,391
2008-07-11,1239.97,2008-07-11,391
2008-07-14,1228.03,2008-07-14,391
2008-07-15,1214.59,2008-07-15,391
2008-07-16,1244.99,2008-07-16,391
2008-07-17,1259.1,2008-07-17,391
2008-07-18,1260.21,2008-07-18,391
2008-07-21,1259.81,2008-07-21,391
2008-07-22,1276.72,2008-07-22,391
2008-07-23,1282.1,2008-07-23,391
2008-07-24,1253.23,2008-07-24,391
2008-07-25,1257.65,2008-07-25,391
2008-07-28,1234.7,2008-07-28,391
2008-07-29,1262.95,2008-07-29,391
2008-07-30,1284.17,2008-07-30,391
2008-07-31,1267.47,2008-07-31,391
2008-08-01,1260.41,2008-08-01,391
2008-08-04,1248.97,2008-08-04,391
2008-08-05,1284.22,2008-08-05,391
2008-08-06,1289.27,2008-08-06,391
2008-08-07,1266.62,2008-08-07,391
2008-08-08,1295.93,2008-08-08,391
2008-08-11,1304.93,2008-08-11,391
2008-08-12,1290.1,2008-08-12,391
2008-08-13,1285.88,2008-08-13,391
2008-08-14,1293.02,2008-08-14,391
2008-08-15,1298.09,2008-08-15,391
2008-08-18,1279.2,2008-08-18,391
2008-08-19,1267.1,2008-08-19,391
2008-08-20,1274.76,2008-08-20,391
2008-08-21,1277.58,2008-08-21,391
2008-08-22,1292.08,2008-08-22,391
2008-08-25,1267.33,2008-08-25,391
2008-08-26,1271.39,2008-08-26,391
2008-08-27,1281.63,2008-08-27,391
2008-08-28,1299.83,2008-08-28,391
2008-08-29,1283.16,2008-08-29,391
2008-09-02,1277.38,2008-09-02,391
2008-09-03,1275.26,2008-09-03,391
2008-09-04,1236.69,2008-09-04,391
2008-09-05,1242.23,2008-09-05,391
2008-09-08,1267.97,2008-09-08,391
2008-09-09,1224.79,2008-09-09,391
2008-09-10,1231.74,2008-09-10,391
2008-09-11,1249.6,2008-09-11,391
2008-09-12,1252.14,2008-09-12,391
2008-09-15,1197.43,2008-09-15,391
2008-09-16,1214.07,2008-09-16,371
2008-09-17,1156.23,2008-09-17,391
2008-09-18,1201.38,2008-09-18,391
2008-09-19,1252.42,2008-09-19,391
2008-09-22,1207.07,2008-09-22,391
2008-09-23,1187.77,2008-09-23,391
2008-09-24,1188.39,2008-09-24,391
2008-09-25,1210.32,2008-09-25,391
2008-09-26,1215.13,2008-09-26,391
2008-09-29,1124.22,2008-09-29,391
2008-09-30,1166.48,2008-09-30,391
2008-10-01,1161.49,2008-10-01,391
2008-10-02,1113.8,2008-10-02,391
2008-10-03,1099.6,2008-10-03,391
2008-10-06,1061.54,2008-10-06,391
2008-10-07,997.63,2008-10-07,391
2008-10-08,984.08,2008-10-08,391
2008-10-09,916.05,2008-10-09,391
2008-10-10,903.18,2008-10-10,391
2008-10-13,1005.78,2008-10-13,391
2008-10-14,998.1,2008-10-14,391
2008-10-15,906.64,2008-10-15,391
2008-10-16,945.4,2008-10-16,391
2008-10-17,940.41,2008-10-17,391
2008-10-20,984.89,2008-10-20,391
2008-10-21,954.77,2008-10-21,391
2008-10-22,898.82,2008-10-22,391
2008-10-23,908.48,2008-10-23,391
2008-10-24,875.85,2008-10-24,391
2008-10-27,848.34,2008-10-27,391
2008-10-28,940.2,2008-10-28,391
2008-10-29,926.04,2008-10-29,391
2008-10-30,953.96,2008-10-30,391
2008-10-31,970.22,2008-10-31,382
2008-11-03,966.31,2008-11-03,391
2008-11-04,1005.36,2008-11-04,391
2008-11-05,952.34,2008-11-05,391
2008-11-06,905.05,2008-11-06,391
2008-11-07,930.87,2008-11-07,391
2008-11-10,919.59,2008-11-10,391
2008-11-11,898.79,2008-11-11,391
2008-11-12,853.15,2008-11-12,391
2008-11-13,912.57,2008-11-13,391
2008-11-14,872.8,2008-11-14,391
2008-11-17,850.51,2008-11-17,391
2008-11-18,859.03,2008-11-18,391
2008-11-19,807.05,2008-11-19,391
2008-11-20,753.59,2008-11-20,391
2008-11-21,800.23,2008-11-21,391
2008-11-24,848.13,2008-11-24,391
2008-11-25,857.2,2008-11-25,391
2008-11-26,887.38,2008-11-26,390
2008-11-28,896.24,2008-11-28,269
2008-12-01,816.38,2008-12-01,391
2008-12-02,849.5,2008-12-02,391
2008-12-03,870.85,2008-12-03,391
2008-12-04,844.79,2008-12-04,391
2008-12-05,877.91,2008-12-05,391
2008-12-08,908.7,2008-12-08,391
2008-12-09,888.83,2008-12-09,391
2008-12-10,899.1,2008-12-10,391
2008-12-11,873.83,2008-12-11,391
2008-12-12,879.88,2008-12-12,391
2008-12-15,868.96,2008-12-15,391
2008-12-16,913.5,2008-12-16,391
2008-12-17,904.07,2008-12-17,391
2008-12-18,885.15,2008-12-18,391
2008-12-19,886.68,2008-12-19,391
2008-12-22,871.53,2008-12-22,391
2008-12-23,863.24,2008-12-23,391
2008-12-24,868.15,2008-12-24,307
2008-12-26,872.58,2008-12-26,391
2008-12-29,869.03,2008-12-29,391
2008-12-30,890.36,2008-12-30,391
2008-12-31,903.69,2008-12-31,391
2009-01-02,930.84,2009-01-02,391
2009-01-05,927.72,2009-01-05,391
2009-01-06,934.5,2009-01-06,391
2009-01-07,906.77,2009-01-07,391
2009-01-08,909.89,2009-01-08,379
2009-01-09,890.12,2009-01-09,391
2009-01-12,870.08,2009-01-12,391
2009-01-13,871.36,2009-01-13,391
2009-01-14,842.65,2009-01-14,391
2009-01-15,843.99,2009-01-15,391
2009-01-16,849.41,2009-01-16,391
2009-01-20,805.18,2009-01-20,391
2009-01-21,840.3,2009-01-21,391
2009-01-22,827.13,2009-01-22,391
2009-01-23,831.74,2009-01-23,391
2009-01-26,836.72,2009-01-26,391
2009-01-27,845.57,2009-01-27,391
2009-01-28,873.87,2009-01-28,391
2009-01-29,845.01,2009-01-29,391
2009-01-30,826.18,2009-01-30,391
2009-02-02,825.31,2009-02-02,391
2009-02-03,838.04,2009-02-03,391
2009-02-04,832.0,2009-02-04,391
2009-02-05,845.71,2009-02-05,391
2009-02-06,868.26,2009-02-06,391
2009-02-09,869.78,2009-02-09,391
2009-02-10,826.95,2009-02-10,391
2009-02-11,833.72,2009-02-11,391
2009-02-12,834.88,2009-02-12,391
2009-02-13,826.53,2009-02-13,391
2009-02-17,789.32,2009-02-17,391
2009-02-18,788.19,2009-02-18,391
2009-02-19,779.0,2009-02-19,391
2009-02-20,770.11,2009-02-20,391
2009-02-23,743.35,2009-02-23,391
2009-02-24,772.81,2009-02-24,391
2009-02-25,764.92,2009-02-25,391
2009-02-26,752.65,2009-02-26,391
2009-02-27,735.44,2009-02-27,391
2009-03-02,700.91,2009-03-02,391
2009-03-03,696.25,2009-03-03,391
2009-03-04,712.83,2009-03-04,391
2009-03-05,682.72,2009-03-05,391
2009-03-06,683.55,2009-03-06,391
2009-03-09,676.51,2009-03-09,391
2009-03-10,718.58,2009-03-10,391
2009-03-11,721.22,2009-03-11,391
2009-03-12,750.52,2009-03-12,391
2009-03-13,756.33,2009-03-13,391
2009-03-16,753.94,2009-03-16,391
2009-03-17,778.05,2009-03-17,391
2009-03-18,794.37,2009-03-18,391
2009-03-19,783.62,2009-03-19,391
2009-03-20,768.16,2009-03-20,391
2009-03-23,823.15,2009-03-23,391
2009-03-24,806.2,2009-03-24,391
2009-03-25,813.96,2009-03-25,391
2009-03-26,832.53,2009-03-26,391
2009-03-27,815.87,2009-03-27,391
2009-03-30,787.73,2009-03-30,391
2009-03-31,797.24,2009-03-31,391
2009-04-01,810.44,2009-04-01,391
2009-04-02,834.0,2009-04-02,391
2009-04-03,842.24,2009-04-03,391
2009-04-06,835.36,2009-04-06,391
2009-04-07,815.41,2009-04-07,391
2009-04-08,825.05,2009-04-08,391
2009-04-09,856.74,2009-04-09,391
2009-04-13,858.18,2009-04-13,391
2009-04-14,841.66,2009-04-14,391
2009-04-15,851.98,2009-04-15,391
2009-04-16,865.12,2009-04-16,391
2009-04-17,869.62,2009-04-17,391
2009-04-20,832.66,2009-04-20,391
2009-04-21,849.74,2009-04-21,391
2009-04-22,843.63,2009-04-22,391
2009-04-23,851.95,2009-04-23,391
2009-04-24,865.96,2009-04-24,391
2009-04-27,857.53,2009-04-27,391
2009-04-28,855.04,2009-04-28,391
2009-04-29,873.31,2009-04-29,391
2009-04-30,872.77,2009-04-30,391
2009-05-01,877.36,2009-05-01,391
2009-05-04,907.5,2009-05-04,391
2009-05-05,903.84,2009-05-05,391
2009-05-06,919.45,2009-05-06,391
2009-05-07,907.31,2009-05-07,391
2009-05-08,929.13,2009-05-08,391
2009-05-11,909.6,2009-05-11,391
2009-05-12,908.41,2009-05-12,391
2009-05-13,884.0,2009-05-13,391
2009-05-14,892.65,2009-05-14,391
2009-05-15,883.15,2009-05-15,388
2009-05-18,909.71,2009-05-18,391
2009-05-19,908.34,2009-05-19,391
2009-05-20,903.37,2009-05-20,391
2009-05-21,888.17,2009-05-21,391
2009-05-22,887.17,2009-05-22,391
2009-05-26,910.21,2009-05-26,391
2009-05-27,893.1,2009-05-27,391
2009-05-28,906.53,2009-05-28,391
2009-05-29,919.77,2009-05-29,391
2009-06-01,943.73,2009-06-01,391
2009-06-02,944.66,2009-06-02,391
2009-06-03,932.16,2009-06-03,391
2009-06-04,942.17,2009-06-04,391
2009-06-05,940.5,2009-06-05,391
2009-06-08,938.99,2009-06-08,391
2009-06-09,942.29,2009-06-09,391
2009-06-10,939.18,2009-06-10,391
2009-06-11,944.65,2009-06-11,391
2009-06-12,946.16,2009-06-12,391
2009-06-15,923.87,2009-06-15,391
2009-06-16,911.99,2009-06-16,391
2009-06-17,910.78,2009-06-17,391
2009-06-18,918.2,2009-06-18,391
2009-06-19,920.88,2009-06-19,391
2009-06-22,893.1,2009-06-22,391
2009-06-23,894.92,2009-06-23,391
2009-06-24,901.0,2009-06-24,391
2009-06-25,920.24,2009-06-25,391
2009-06-26,918.37,2009-06-26,391
2009-06-29,927.1,2009-06-29,391
2009-06-30,919.48,2009-06-30,391
2009-07-01,923.26,2009-07-01,391
2009-07-02,897.32,2009-07-02,391
2009-07-06,898.66,2009-07-06,391
2009-07-07,880.92,2009-07-07,391
2009-07-08,879.58,2009-07-08,391
2009-07-09,882.53,2009-07-09,391
2009-07-10,879.02,2009-07-10,391
2009-07-13,900.89,2009-07-13,391
2009-07-14,905.8,2009-07-14,391
2009-07-15,932.67,2009-07-15,391
2009-07-16,940.59,2009-07-16,391
2009-07-17,940.48,2009-07-17,391
2009-07-20,950.93,2009-07-20,391
2009-07-21,954.56,2009-07-21,391
2009-07-22,953.94,2009-07-22,391
2009-07-23,976.18,2009-07-23,391
2009-07-24,979.26,2009-07-24,391
2009-07-27,982.19,2009-07-27,391
2009-07-28,979.61,2009-07-28,391
2009-07-29,975.27,2009-07-29,391
2009-07-30,986.51,2009-07-30,391
2009-07-31,987.1,2009-07-31,391
2009-08-03,1002.52,2009-08-03,391
2009-08-04,1005.53,2009-08-04,391
2009-08-05,1002.65,2009-08-05,391
2009-08-06,997.02,2009-08-06,391
2009-08-07,1010.39,2009-08-07,391
2009-08-10,1007.19,2009-08-10,391
2009-08-11,994.32,2009-08-11,391
2009-08-12,1005.67,2009-08-12,391
2009-08-13,1012.84,2009-08-13,391
2009-08-14,1004.12,2009-08-14,391
2009-08-17,979.72,2009-08-17,391
2009-08-18,989.56,2009-08-18,391
2009-08-19,996.64,2009-08-19,391
2009-08-20,1007.16,2009-08-20,391
2009-08-21,1025.94,2009-08-21,391
2009-08-24,1025.63,2009-08-24,391
2009-08-25,1028.01,2009-08-25,391
2009-08-26,1028.17,2009-08-26,391
2009-08-27,1030.96,2009-08-27,391
2009-08-28,1029.03,2009-08-28,391
2009-08-31,1020.76,2009-08-31,391
2009-09-01,997.95,2009-09-01,391
2009-09-02,994.64,2009-09-02,391
2009-09-03,1003.03,2009-09-03,391
2009-09-04,1016.29,2009-09-04,391
2009-09-08,1025.26,2009-09-08,391
2009-09-09,1033.3,2009-09-09,391
2009-09-10,1044.0,2009-09-10,391
2009-09-11,1042.81,2009-09-11,391
2009-09-14,1049.19,2009-09-14,391
2009-09-15,1052.62,2009-09-15,391
2009-09-16,1068.7,2009-09-16,391
2009-09-17,1065.81,2009-09-17,391
2009-09-18,1068.01,2009-09-18,391
2009-09-21,1064.69,2009-09-21,391
2009-09-22,1071.58,2009-09-22,391
2009-09-23,1060.9,2009-09-23,391
2009-09-24,1050.55,2009-09-24,391
2009-09-25,1044.53,2009-09-25,391
2009-09-28,1062.79,2009-09-28,391
2009-09-29,1060.49,2009-09-29,391
2009-09-30,1056.32,2009-09-30,391
2009-10-01,1029.68,2009-10-01,391
2009-10-02,1025.1,2009-10-02,391
2009-10-05,1040.32,2009-10-05,391
2009-10-06,1054.68,2009-10-06,391
2009-10-07,1057.5,2009-10-07,391
2009-10-08,1065.32,2009-10-08,391
2009-10-09,1071.48,2009-10-09,391
2009-10-12,1076.14,2009-10-12,336
2009-10-13,1073.43,2009-10-13,391
2009-10-14,1092.14,2009-10-14,391
2009-10-15,1096.35,2009-10-15,391
2009-10-16,1087.77,2009-10-16,391
2009-10-19,1097.71,2009-10-19,391
2009-10-20,1091.07,2009-10-20,391
2009-10-21,1081.32,2009-10-21,391
2009-10-22,1092.76,2009-10-22,391
2009-10-23,1079.61,2009-10-23,391
2009-10-26,1066.98,2009-10-26,391
2009-10-27,1063.34,2009-10-27,391
2009-10-28,1042.64,2009-10-28,391
2009-10-29,1065.69,2009-10-29,391
2009-10-30,1036.01,2009-10-30,391
2009-11-02,1042.67,2009-11-02,391
2009-11-03,1045.31,2009-11-03,391
2009-11-04,1046.51,2009-11-04,391
2009-11-05,1066.65,2009-11-05,391
2009-11-06,1069.29,2009-11-06,391
2009-11-09,1093.15,2009-11-09,391
2009-11-10,1093.03,2009-11-10,391
2009-11-11,1098.55,2009-11-11,391
2009-11-12,1087.18,2009-11-12,391
2009-11-13,1093.44,2009-11-13,391
2009-11-16,1109.29,2009-11-16,391
2009-11-17,1110.25,2009-11-17,391
2009-11-18,1109.71,2009-11-18,391
2009-11-19,1094.94,2009-11-19,391
2009-11-20,1091.36,2009-11-20,391
2009-11-23,1106.19,2009-11-23,391
2009-11-24,1105.73,2009-11-24,391
2009-11-25,1110.48,2009-11-25,391
2009-11-27,1091.49,2009-11-27,280
2009-11-30,1095.63,2009-11-30,391
2009-12-01,1108.83,2009-12-01,391
2009-12-02,1109.11,2009-12-02,391
2009-12-03,1099.96,2009-12-03,391
2009-12-04,1105.82,2009-12-04,391
2009-12-07,1103.22,2009-12-07,391
2009-12-08,1091.88,2009-12-08,391
2009-12-09,1095.75,2009-12-09,391
2009-12-10,1102.17,2009-12-10,391
2009-12-11,1106.58,2009-12-11,391
2009-12-14,1114.12,2009-12-14,391
2009-12-15,1108.04,2009-12-15,391
2009-12-16,1109.49,2009-12-16,391
2009-12-17,1096.23,2009-12-17,391
2009-12-18,1103.0,2009-12-18,391
2009-12-21,1114.08,2009-12-21,391
2009-12-22,1118.02,2009-12-22,391
2009-12-23,1120.56,2009-12-23,391
2009-12-24,1126.48,2009-12-24,293
2009-12-28,1127.8,2009-12-28,391
2009-12-29,1126.17,2009-12-29,391
2009-12-30,1126.21,2009-12-30,391
2009-12-31,1114.97,2009-12-31,391
2010-01-04,1133.01,2010-01-04,391
2010-01-05,1136.46,2010-01-05,391
2010-01-06,1137.08,2010-01-06,391
2010-01-07,1141.63,2010-01-07,391
2010-01-08,1144.95,2010-01-08,391
2010-01-11,1147.01,2010-01-11,391
2010-01-12,1136.16,2010-01-12,391
2010-01-13,1145.69,2010-01-13,391
2010-01-14,1148.47,2010-01-14,391
2010-01-15,1136.01,2010-01-15,391
2010-01-19,1150.18,2010-01-19,391
2010-01-20,1138.01,2010-01-20,391
2010-01-21,1116.22,2010-01-21,391
2010-01-22,1091.58,2010-01-22,391
2010-01-25,1096.75,2010-01-25,391
2010-01-26,1092.07,2010-01-26,391
2010-01-27,1097.49,2010-01-27,390
2010-01-28,1084.39,2010-01-28,391
2010-01-29,1073.71,2010-01-29,391
2010-02-01,1089.17,2010-02-01,391
2010-02-02,1103.25,2010-02-02,391
2010-02-03,1097.23,2010-02-03,391
2010-02-04,1062.86,2010-02-04,391
2010-02-05,1066.19,2010-02-05,391
2010-02-08,1056.74,2010-02-08,391
2010-02-09,1070.51,2010-02-09,391
2010-02-10,1068.08,2010-02-10,391
2010-02-11,1078.55,2010-02-11,391
2010-02-12,1076.26,2010-02-12,391
2010-02-16,1094.87,2010-02-16,391
2010-02-17,1099.6,2010-02-17,391
2010-02-18,1106.62,2010-02-18,391
2010-02-19,1109.06,2010-02-19,391
2010-02-22,1108.02,2010-02-22,391
2010-02-23,1094.67,2010-02-23,391
2010-02-24,1105.14,2010-02-24,391
2010-02-25,1103.14,2010-02-25,391
2010-02-26,1104.49,2010-02-26,391
2010-03-01,1115.61,2010-03-01,391
2010-03-02,1118.2,2010-03-02,391
2010-03-03,1118.64,2010-03-03,391
2010-03-04,1122.81,2010-03-04,391
2010-03-05,1138.57,2010-03-05,391
2010-03-08,1138.43,2010-03-08,391
2010-03-09,1140.43,2010-03-09,391
2010-03-10,1145.53,2010-03-10,391
2010-03-11,1150.15,2010-03-11,391
2010-03-12,1149.9,2010-03-12,391
2010-03-15,1150.46,2010-03-15,391
2010-03-16,1159.49,2010-03-16,391
2010-03-17,1166.18,2010-03-17,391
2010-03-18,1165.7,2010-03-18,391
2010-03-19,1159.69,2010-03-19,391
2010-03-22,1165.88,2010-03-22,391
2010-03-23,1174.16,2010-03-23,391
2010-03-24,1167.79,2010-03-24,391
2010-03-25,1165.79,2010-03-25,391
2010-03-26,1166.61,2010-03-26,391
2010-03-29,1173.2,2010-03-29,391
2010-03-30,1173.29,2010-03-30,391
2010-03-31,1169.42,2010-03-31,391
2010-04-01,1177.99,2010-04-01,391
2010-04-05,1187.48,2010-04-05,391
2010-04-06,1189.44,2010-04-06,391
2010-04-07,1182.56,2010-04-07,391
2010-04-08,1186.51,2010-04-08,391
2010-04-09,1194.37,2010-04-09,391
2010-04-12,1196.51,2010-04-12,391
2010-04-13,1197.26,2010-04-13,391
2010-04-14,1210.61,2010-04-14,391
2010-04-15,1211.75,2010-04-15,391
2010-04-16,1192.19,2010-04-16,391
2010-04-19,1197.52,2010-04-19,391
2010-04-20,1207.21,2010-04-20,391
2010-04-21,1205.78,2010-04-21,391
2010-04-22,1208.76,2010-04-22,391
2010-04-23,1217.15,2010-04-23,391
2010-04-26,1212.03,2010-04-26,391
2010-04-27,1183.66,2010-04-27,391
2010-04-28,1191.54,2010-04-28,391
2010-04-29,1206.77,2010-04-29,391
2010-04-30,1186.64,2010-04-30,391
2010-05-03,1202.21,2010-05-03,391
2010-05-04,1173.73,2010-05-04,391
2010-05-05,1165.91,2010-05-05,391
2010-05-06,1127.64,2010-05-06,391
2010-05-07,1110.75,2010-05-07,391
2010-05-10,1159.7,2010-05-10,391
2010-05-11,1155.78,2010-05-11,391
2010-05-12,1171.68,2010-05-12,391
2010-05-13,1157.32,2010-05-13,391
2010-05-14,1135.87,2010-05-14,391
2010-05-17,1136.99,2010-05-17,390
2010-05-18,1120.82,2010-05-18,391
2010-05-19,1114.91,2010-05-19,391
2010-05-20,1071.61,2010-05-20,391
2010-05-21,1087.75,2010-05-21,390
2010-05-24,1073.53,2010-05-24,391
2010-05-25,1074.24,2010-05-25,391
2010-05-26,1067.77,2010-05-26,391
2010-05-27,1103.21,2010-05-27,391
2010-05-28,1089.41,2010-05-28,391
2010-06-01,1070.67,2010-06-01,391
2010-06-02,1098.46,2010-06-02,391
2010-06-03,1102.71,2010-06-03,391
2010-06-04,1065.04,2010-06-04,391
2010-06-07,1050.48,2010-06-07,391
2010-06-08,1062.01,2010-06-08,391
2010-06-09,1055.69,2010-06-09,391
2010-06-10,1086.84,2010-06-10,391
2010-06-11,1091.63,2010-06-11,391
2010-06-14,1089.68,2010-06-14,391
2010-06-15,1115.16,2010-06-15,391
2010-06-16,1114.51,2010-06-16,391
2010-06-17,1115.96,2010-06-17,391
2010-06-18,1117.36,2010-06-18,391
2010-06-21,1113.23,2010-06-21,391
2010-06-22,1095.37,2010-06-22,391
2010-06-23,1092.1,2010-06-23,391
2010-06-24,1073.74,2010-06-24,391
2010-06-25,1077.7,2010-06-25,391
2010-06-28,1074.5,2010-06-28,391
2010-06-29,1041.37,2010-06-29,391
2010-06-30,1030.47,2010-06-30,391
2010-07-01,1027.31,2010-07-01,391
2010-07-02,1022.39,2010-07-02,391
2010-07-06,1028.06,2010-07-06,391
2010-07-07,1060.24,2010-07-07,391
2010-07-08,1070.19,2010-07-08,391
2010-07-09,1077.92,2010-07-09,391
2010-07-12,1078.73,2010-07-12,391
2010-07-13,1095.2,2010-07-13,391
2010-07-14,1095.19,2010-07-14,391
2010-07-15,1096.27,2010-07-15,390
2010-07-16,1064.91,2010-07-16,391
2010-07-19,1071.37,2010-07-19,391
2010-07-20,1083.46,2010-07-20,390
2010-07-21,1069.56,2010-07-21,391
2010-07-22,1093.48,2010-07-22,391
2010-07-23,1102.62,2010-07-23,391
2010-07-26,1114.89,2010-07-26,391
2010-07-27,1113.77,2010-07-27,391
2010-07-28,1106.11,2010-07-28,391
2010-07-29,1101.43,2010-07-29,391
2010-07-30,1101.56,2010-07-30,391
2010-08-02,1125.81,2010-08-02,391
2010-08-03,1120.38,2010-08-03,391
2010-08-04,1127.27,2010-08-04,391
2010-08-05,1125.76,2010-08-05,391
2010-08-06,1121.51,2010-08-06,391
2010-08-09,1127.71,2010-08-09,391
2010-08-10,1121.2,2010-08-10,391
2010-08-11,1089.74,2010-08-11,391
2010-08-12,1083.56,2010-08-12,391
2010-08-13,1079.36,2010-08-13,391
2010-08-16,1079.33,2010-08-16,391
2010-08-17,1092.6,2010-08-17,391
2010-08-18,1094.14,2010-08-18,391
2010-08-19,1075.53,2010-08-19,391
2010-08-20,1071.62,2010-08-20,391
2010-08-23,1067.34,2010-08-23,391
2010-08-24,1051.83,2010-08-24,391
2010-08-25,1055.38,2010-08-25,391
2010-08-26,1047.45,2010-08-26,391
2010-08-27,1064.61,2010-08-27,391
2010-08-30,1048.89,2010-08-30,391
2010-08-31,1049.14,2010-08-31,391
2010-09-01,1080.26,2010-09-01,391
2010-09-02,1090.0,2010-09-02,391
2010-09-03,1104.44,2010-09-03,391
2010-09-07,1091.82,2010-09-07,391
2010-09-08,1098.9,2010-09-08,391
2010-09-09,1104.25,2010-09-09,391
2010-09-10,1109.7,2010-09-10,391
2010-09-13,1121.92,2010-09-13,391
2010-09-14,1121.06,2010-09-14,391
2010-09-15,1125.1,2010-09-15,391
2010-09-16,1124.74,2010-09-16,391
2010-09-17,1125.54,2010-09-17,391
2010-09-20,1142.65,2010-09-20,391
2010-09-21,1139.94,2010-09-21,391
2010-09-22,1134.37,2010-09-22,391
2010-09-23,1124.93,2010-09-23,391
2010-09-24,1148.49,2010-09-24,391
2010-09-27,1142.38,2010-09-27,391
2010-09-28,1147.57,2010-09-28,391
2010-09-29,1144.59,2010-09-29,391
2010-09-30,1141.1,2010-09-30,391
2010-10-01,1146.12,2010-10-01,391
2010-10-04,1137.03,2010-10-04,391
2010-10-05,1160.57,2010-10-05,391
2010-10-06,1159.81,2010-10-06,391
2010-10-07,1157.97,2010-10-07,391
2010-10-08,1165.1,2010-10-08,391
2010-10-11,1165.06,2010-10-11,391
2010-10-12,1169.74,2010-10-12,391
2010-10-13,1178.12,2010-10-13,391
2010-10-14,1173.86,2010-10-14,391
2010-10-15,1176.19,2010-10-15,391
2010-10-18,1184.63,2010-10-18,391
2010-10-19,1165.9,2010-10-19,391
2010-10-20,1178.09,2010-10-20,391
2010-10-21,1180.22,2010-10-21,391
2010-10-22,1183.01,2010-10-22,391
2010-10-25,1185.67,2010-10-25,391
2010-10-26,1185.68,2010-10-26,391
2010-10-27,1182.43,2010-10-27,391
2010-10-28,1183.59,2010-10-28,391
2010-10-29,1183.35,2010-10-29,391
2010-11-01,1184.26,2010-11-01,391
2010-11-02,1193.59,2010-11-02,391
2010-11-03,1197.92,2010-11-03,391
2010-11-04,1220.99,2010-11-04,391
2010-11-05,1225.79,2010-11-05,391
2010-11-08,1223.19,2010-11-08,391
2010-11-09,1213.54,2010-11-09,391
2010-11-10,1218.66,2010-11-10,391
2010-11-11,1213.61,2010-11-11,391
2010-11-12,1199.19,2010-11-12,391
2010-11-15,1197.69,2010-11-15,391
2010-11-16,1178.41,2010-11-16,391
2010-11-17,1178.64,2010-11-17,391
2010-11-18,1196.67,2010-11-18,391
2010-11-19,1199.66,2010-11-19,391
2010-11-22,1197.86,2010-11-22,391
2010-11-23,1180.75,2010-11-23,391
2010-11-24,1198.36,2010-11-24,391
2010-11-26,1189.4,2010-11-26,272
2010-11-29,1187.82,2010-11-29,391
2010-11-30,1180.54,2010-11-30,391
2010-12-01,1205.94,2010-12-01,391
2010-12-02,1221.48,2010-12-02,391
2010-12-03,1224.57,2010-12-03,391
2010-12-06,1223.13,2010-12-06,391
2010-12-07,1223.8,2010-12-07,391
2010-12-08,1228.15,2010-12-08,391
2010-12-09,1232.92,2010-12-09,391
2010-12-10,1239.74,2010-12-10,391
2010-12-13,1240.48,2010-12-13,391
2010-12-14,1241.57,2010-12-14,391
2010-12-15,1235.46,2010-12-15,391
2010-12-16,1242.89,2010-12-16,391
2010-12-17,1244.05,2010-12-17,391
2010-12-20,1247.14,2010-12-20,391
2010-12-21,1254.66,2010-12-21,391
2010-12-22,1258.78,2010-12-22,391
2010-12-23,1256.77,2010-12-23,391
2010-12-27,1257.57,2010-12-27,391
2010-12-28,1258.6,2010-12-28,391
2010-12-29,1259.86,2010-12-29,391
2010-12-30,1257.98,2010-12-30,391
2010-12-31,1257.78,2010-12-31,391
2011-01-03,1271.67,2011-01-03,391
2011-01-04,1270.08,2011-01-04,391
2011-01-05,1276.6,2011-01-05,391
2011-01-06,1273.71,2011-01-06,391
2011-01-07,1271.47,2011-01-07,391
2011-01-10,1269.76,2011-01-10,391
2011-01-11,1274.48,2011-01-11,391
2011-01-12,1285.9,2011-01-12,391
2011-01-13,1283.73,2011-01-13,391
2011-01-14,1293.17,2011-01-14,391
2011-01-18,1295.06,2011-01-18,391
2011-01-19,1281.95,2011-01-19,391
2011-01-20,1280.33,2011-01-20,391
2011-01-21,1283.33,2011-01-21,391
2011-01-24,1290.8,2011-01-24,391
2011-01-25,1291.14,2011-01-25,391
2011-01-26,1296.62,2011-01-26,391
2011-01-27,1299.53,2011-01-27,391
2011-01-28,1276.36,2011-01-28,391
2011-01-31,1286.09,2011-01-31,391
2011-02-01,1307.4,2011-02-01,391
2011-02-02,1303.99,2011-02-02,391
2011-02-03,1307.1,2011-02-03,391
2011-02-04,1310.77,2011-02-04,391
2011-02-07,1318.98,2011-02-07,391
2011-02-08,1324.52,2011-02-08,391
2011-02-09,1320.87,2011-02-09,391
2011-02-10,1321.83,2011-02-10,391
2011-02-11,1329.21,2011-02-11,391
2011-02-14,1332.3,2011-02-14,391
2011-02-15,1327.98,2011-02-15,391
2011-02-16,1336.21,2011-02-16,391
2011-02-17,1340.36,2011-02-17,391
2011-02-18,1342.95,2011-02-18,391
2011-02-22,1315.45,2011-02-22,391
2011-02-23,1307.51,2011-02-23,391
2011-02-24,1306.11,2011-02-24,391
2011-02-25,1319.97,2011-02-25,391
2011-02-28,1327.48,2011-02-28,391
2011-03-01,1306.22,2011-03-01,391
2011-03-02,1308.42,2011-03-02,391
2011-03-03,1330.89,2011-03-03,391
2011-03-04,1321.06,2011-03-04,391
2011-03-07,1310.22,2011-03-07,391
2011-03-08,1321.82,2011-03-08,391
2011-03-09,1320.0,2011-03-09,391
2011-03-10,1295.15,2011-03-10,391
2011-03-11,1304.13,2011-03-11,391
2011-03-14,1296.39,2011-03-14,391
2011-03-15,1281.83,2011-03-15,391
2011-03-16,1256.93,2011-03-16,391
2011-03-17,1273.66,2011-03-17,391
2011-03-18,1279.14,2011-03-18,391
2011-03-21,1298.32,2011-03-21,391
2011-03-22,1293.74,2011-03-22,391
2011-03-23,1297.49,2011-03-23,391
2011-03-24,1309.7,2011-03-24,391
2011-03-25,1313.79,2011-03-25,391
2011-03-28,1310.28,2011-03-28,391
2011-03-29,1319.4,2011-03-29,391
2011-03-30,1328.17,2011-03-30,391
2011-03-31,1325.87,2011-03-31,391
2011-04-01,1332.22,2011-04-01,391
2011-04-04,1332.84,2011-04-04,391
2011-04-05,1332.68,2011-04-05,391
2011-04-06,1335.59,2011-04-06,391
2011-04-07,1333.45,2011-04-07,391
2011-04-08,1328.09,2011-04-08,391
2011-04-11,1324.44,2011-04-11,391
2011-04-12,1314.21,2011-04-12,391
2011-04-13,1314.41,2011-04-13,391
2011-04-14,1314.63,2011-04-14,391
2011-04-15,1319.74,2011-04-15,391
2011-04-18,1305.15,2011-04-18,391
2011-04-19,1312.53,2011-04-19,391
2011-04-20,1330.39,2011-04-20,391
2011-04-21,1337.3,2011-04-21,391
2011-04-25,1335.29,2011-04-25,391
2011-04-26,1347.2,2011-04-26,391
2011-04-27,1355.62,2011-04-27,391
2011-04-28,1360.38,2011-04-28,391
2011-04-29,1363.47,2011-04-29,391
2011-05-02,1361.23,2011-05-02,391
2011-05-03,1356.52,2011-05-03,391
2011-05-04,1347.21,2011-05-04,391
2011-05-05,1335.03,2011-05-05,391
2011-05-06,1340.12,2011-05-06,391
2011-05-09,1346.27,2011-05-09,391
2011-05-10,1357.24,2011-05-10,391
2011-05-11,1342.04,2011-05-11,391
2011-05-12,1348.65,2011-05-12,391
2011-05-13,1337.75,2011-05-13,391
2011-05-16,1329.47,2011-05-16,391
2011-05-17,1328.97,2011-05-17,391
2011-05-18,1340.66,2011-05-18,391
2011-05-19,1343.57,2011-05-19,391
2011-05-20,1333.23,2011-05-20,391
2011-05-23,1317.38,2011-05-23,391
2011-05-24,1316.34,2011-05-24,391
2011-05-25,1320.53,2011-05-25,391
2011-05-26,1325.8,2011-05-26,391
2011-05-27,1331.08,2011-05-27,391
2011-05-31,1345.18,2011-05-31,391
2011-06-01,1314.58,2011-06-01,391
2011-06-02,1312.9,2011-06-02,391
2011-06-03,1300.15,2011-06-03,391
2011-06-06,1286.17,2011-06-06,391
2011-06-07,1285.06,2011-06-07,391
2011-06-08,1279.55,2011-06-08,391
2011-06-09,1289.08,2011-06-09,391
2011-06-10,1271.0,2011-06-10,391
2011-06-13,1271.9,2011-06-13,391
2011-06-14,1287.94,2011-06-14,391
2011-06-15,1265.39,2011-06-15,391
2011-06-16,1267.63,2011-06-16,391
2011-06-17,1271.53,2011-06-17,391
2011-06-20,1278.39,2011-06-20,391
2011-06-21,1295.51,2011-06-21,391
2011-06-22,1287.27,2011-06-22,391
2011-06-23,1283.58,2011-06-23,391
2011-06-24,1268.67,2011-06-24,391
2011-06-27,1280.13,2011-06-27,391
2011-06-28,1296.68,2011-06-28,391
2011-06-29,1307.52,2011-06-29,391
2011-06-30,1320.48,2011-06-30,391
2011-07-01,1339.56,2011-07-01,391
2011-07-05,1337.91,2011-07-05,391
2011-07-06,1339.22,2011-07-06,391
2011-07-07,1353.31,2011-07-07,391
2011-07-08,1343.83,2011-07-08,391
2011-07-11,1319.49,2011-07-11,391
2011-07-12,1313.65,2011-07-12,391
2011-07-13,1317.74,2011-07-13,391
2011-07-14,1308.84,2011-07-14,391
2011-07-15,1316.25,2011-07-15,391
2011-07-18,1305.51,2011-07-18,391
2011-07-19,1326.65,2011-07-19,391
2011-07-20,1325.89,2011-07-20,391
2011-07-21,1343.84,2011-07-21,391
2011-07-22,1344.97,2011-07-22,391
2011-07-25,1337.49,2011-07-25,391
2011-07-26,1332.05,2011-07-26,391
2011-07-27,1304.99,2011-07-27,391
2011-07-28,1300.78,2011-07-28,391
2011-07-29,1292.31,2011-07-29,391
2011-08-01,1286.96,2011-08-01,391
2011-08-02,1254.18,2011-08-02,391
2011-08-03,1260.38,2011-08-03,391
2011-08-04,1200.14,2011-08-04,391
2011-08-05,1199.25,2011-08-05,389
2011-08-08,1119.87,2011-08-08,388
2011-08-09,1172.66,2011-08-09,391
2011-08-10,1120.62,2011-08-10,391
2011-08-11,1172.02,2011-08-11,391
2011-08-12,1178.81,2011-08-12,391
2011-08-15,1204.37,2011-08-15,391
2011-08-16,1192.73,2011-08-16,391
2011-08-17,1193.81,2011-08-17,391
2011-08-18,1140.78,2011-08-18,391
2011-08-19,1123.53,2011-08-19,391
2011-08-22,1123.81,2011-08-22,391
2011-08-23,1162.23,2011-08-23,391
2011-08-24,1177.54,2011-08-24,391
2011-08-25,1159.29,2011-08-25,391
2011-08-26,1176.67,2011-08-26,391
2011-08-29,1210.05,2011-08-29,391
2011-08-30,1212.77,2011-08-30,391
2011-08-31,1218.67,2011-08-31,391
2011-09-01,1204.48,2011-09-01,391
2011-09-02,1173.92,2011-09-02,391
2011-09-06,1165.35,2011-09-06,391
2011-09-07,1198.55,2011-09-07,391
2011-09-08,1185.87,2011-09-08,391
2011-09-09,1154.28,2011-09-09,391
2011-09-12,1162.27,2011-09-12,391
2011-09-13,1172.79,2011-09-13,391
2011-09-14,1188.69,2011-09-14,391
2011-09-15,1209.04,2011-09-15,391
2011-09-16,1216.04,2011-09-16,391
2011-09-19,1204.0,2011-09-19,391
2011-09-20,1202.3,2011-09-20,391
2011-09-21,1166.56,2011-09-21,391
2011-09-22,1129.79,2011-09-22,391
2011-09-23,1136.27,2011-09-23,391
2011-09-26,1162.93,2011-09-26,391
2011-09-27,1175.53,2011-09-27,391
2011-09-28,1151.15,2011-09-28,391
2011-09-29,1160.28,2011-09-29,391
2011-09-30,1131.34,2011-09-30,391
2011-10-03,1099.07,2011-10-03,391
2011-10-04,1123.77,2011-10-04,391
2011-10-05,1143.91,2011-10-05,391
2011-10-06,1164.86,2011-10-06,391
2011-10-07,1155.48,2011-10-07,391
2011-10-10,1194.87,2011-10-10,391
2011-10-11,1195.62,2011-10-11,391
2011-10-12,1207.14,2011-10-12,391
2011-10-13,1203.61,2011-10-13,391
2011-10-14,1224.57,2011-10-14,391
2011-10-17,1200.92,2011-10-17,391
2011-10-18,1225.17,2011-10-18,391
2011-10-19,1209.95,2011-10-19,391
2011-10-20,1215.35,2011-10-20,391
2011-10-21,1238.23,2011-10-21,391
2011-10-24,1254.26,2011-10-24,391
2011-10-25,1229.3,2011-10-25,391
2011-10-26,1241.99,2011-10-26,391
2011-10-27,1284.57,2011-10-27,391
2011-10-28,1284.97,2011-10-28,391
2011-10-31,1253.21,2011-10-31,391
2011-11-01,1218.35,2011-11-01,391
2011-11-02,1237.88,2011-11-02,391
2011-11-03,1261.04,2011-11-03,391
2011-11-04,1253.28,2011-11-04,391
2011-11-07,1261.02,2011-11-07,391
2011-11-08,1275.92,2011-11-08,391
2011-11-09,1229.21,2011-11-09,391
2011-11-10,1239.68,2011-11-10,391
2011-11-11,1263.8,2011-11-11,391
2011-11-14,1251.92,2011-11-14,391
2011-11-15,1257.78,2011-11-15,391
2011-11-16,1237.0,2011-11-16,391
2011-11-17,1216.28,2011-11-17,391
2011-11-18,1215.78,2011-11-18,391
2011-11-21,1193.06,2011-11-21,391
2011-11-22,1188.11,2011-11-22,391
2011-11-23,1161.94,2011-11-23,391
2011-11-25,1158.67,2011-11-25,231
2011-11-28,1192.65,2011-11-28,391
2011-11-29,1195.3,2011-11-29,391
2011-11-30,1246.46,2011-11-30,391
2011-12-01,1244.59,2011-12-01,391
2011-12-02,1244.25,2011-12-02,391
2011-12-05,1257.1,2011-12-05,391
2011-12-06,1258.5,2011-12-06,391
2011-12-07,1261.01,2011-12-07,391
2011-12-08,1234.53,2011-12-08,391
2011-12-09,1255.05,2011-12-09,391
2011-12-12,1236.57,2011-12-12,391
2011-12-13,1225.52,2011-12-13,391
2011-12-14,1211.8,2011-12-14,391
2011-12-15,1215.85,2011-12-15,391
2011-12-16,1219.26,2011-12-16,391
2011-12-19,1205.31,2011-12-19,391
2011-12-20,1241.21,2011-12-20,391
2011-12-21,1243.64,2011-12-21,391
2011-12-22,1254.18,2011-12-22,391
2011-12-23,1265.29,2011-12-23,391
2011-12-27,1265.55,2011-12-27,391
2011-12-28,1249.85,2011-12-28,391
2011-12-29,1262.9,2011-12-29,391
2011-12-30,1257.53,2011-12-30,391
2012-01-03,1276.86,2012-01-03,391
2012-01-04,1277.31,2012-01-04,391
2012-01-05,1281.05,2012-01-05,391
2012-01-06,1277.84,2012-01-06,391
2012-01-09,1280.63,2012-01-09,391
2012-01-10,1291.99,2012-01-10,391
2012-01-11,1292.4,2012-01-11,391
2012-01-12,1295.46,2012-01-12,391
2012-01-13,1289.12,2012-01-13,391
2012-01-17,1293.61,2012-01-17,391
2012-01-18,1307.97,2012-01-18,391
2012-01-19,1314.49,2012-01-19,391
2012-01-20,1315.32,2012-01-20,391
2012-01-23,1315.98,2012-01-23,391
2012-01-24,1314.59,2012-01-24,391
2012-01-25,1326.0,2012-01-25,391
2012-01-26,1318.5,2012-01-26,391
2012-01-27,1316.51,2012-01-27,391
2012-01-30,1312.98,2012-01-30,391
2012-01-31,1312.45,2012-01-31,391
2012-02-01,1324.05,2012-02-01,391
2012-02-02,1325.6,2012-02-02,391
2012-02-03,1344.8,2012-02-03,391
2012-02-06,1344.22,2012-02-06,391
2012-02-07,1347.11,2012-02-07,391
2012-02-08,1349.97,2012-02-08,391
2012-02-09,1351.98,2012-02-09,391
2012-02-10,1342.58,2012-02-10,391
2012-02-13,1351.73,2012-02-13,391
2012-02-14,1350.55,2012-02-14,391
2012-02-15,1343.25,2012-02-15,391
2012-02-16,1358.08,2012-02-16,391
2012-02-17,1361.27,2012-02-17,391
2012-02-21,1362.26,2012-02-21,391
2012-02-22,1357.62,2012-02-22,391
2012-02-23,1363.45,2012-02-23,391
2012-02-24,1365.74,2012-02-24,391
2012-02-27,1367.67,2012-02-27,391
2012-02-28,1372.21,2012-02-28,391
2012-02-29,1365.66,2012-02-29,391
2012-03-01,1374.07,2012-03-01,391
2012-03-02,1369.55,2012-03-02,391
2012-03-05,1364.3,2012-03-05,391
2012-03-06,1343.37,2012-03-06,391
2012-03-07,1352.68,2012-03-07,391
2012-03-08,1365.91,2012-03-08,391
2012-03-09,1370.96,2012-03-09,391
2012-03-12,1371.12,2012-03-12,391
2012-03-13,1396.01,2012-03-13,391
2012-03-14,1394.3,2012-03-14,391
2012-03-15,1402.39,2012-03-15,391
2012-03-16,1404.23,2012-03-16,391
2012-03-19,1409.73,2012-03-19,391
2012-03-20,1405.48,2012-03-20,391
2012-03-21,1403.0,2012-03-21,391
2012-03-22,1392.8,2012-03-22,391
2012-03-23,1397.19,2012-03-23,391
2012-03-26,1416.52,2012-03-26,391
2012-03-27,1412.52,2012-03-27,391
2012-03-28,1405.54,2012-03-28,391
2012-03-29,1403.21,2012-03-29,391
2012-03-30,1408.43,2012-03-30,391
2012-04-02,1418.84,2012-04-02,391
2012-04-03,1413.15,2012-04-03,391
2012-04-04,1398.97,2012-04-04,391
2012-04-05,1397.99,2012-04-05,391
2012-04-09,1382.16,2012-04-09,391
2012-04-10,1358.62,2012-04-10,391
2012-04-11,1368.79,2012-04-11,391
2012-04-12,1387.55,2012-04-12,391
2012-04-13,1370.31,2012-04-13,391
2012-04-16,1369.65,2012-04-16,391
2012-04-17,1390.64,2012-04-17,391
2012-04-18,1385.18,2012-04-18,391
2012-04-19,1376.88,2012-04-19,391
2012-04-20,1378.5,2012-04-20,391
2012-04-23,1366.92,2012-04-23,391
2012-04-24,1372.04,2012-04-24,391
2012-04-25,1390.75,2012-04-25,391
2012-04-26,1400.02,2012-04-26,391
2012-04-27,1403.46,2012-04-27,391
2012-04-30,1397.78,2012-04-30,391
2012-05-01,1405.91,2012-05-01,391
2012-05-02,1402.3,2012-05-02,390
2012-05-03,1391.54,2012-05-03,390
2012-05-04,1368.98,2012-05-04,391
2012-05-07,1369.64,2012-05-07,391
2012-05-08,1363.7,2012-05-08,391
2012-05-09,1354.69,2012-05-09,391
2012-05-10,1357.92,2012-05-10,391
2012-05-11,1353.33,2012-05-11,391
2012-05-14,1338.36,2012-05-14,391
2012-05-15,1330.65,2012-05-15,391
2012-05-16,1324.84,2012-05-16,391
2012-05-17,1304.89,2012-05-17,391
2012-05-18,1295.09,2012-05-18,391
2012-05-21,1316.0,2012-05-21,391
2012-05-22,1316.73,2012-05-22,391
2012-05-23,1318.83,2012-05-23,391
2012-05-24,1320.74,2012-05-24,391
2012-05-25,1317.73,2012-05-25,391
2012-05-29,1332.46,2012-05-29,391
2012-05-30,1313.28,2012-05-30,391
2012-05-31,1310.47,2012-05-31,391
2012-06-01,1277.91,2012-06-01,391
2012-06-04,1278.01,2012-06-04,391
2012-06-05,1285.47,2012-06-05,391
2012-06-06,1315.01,2012-06-06,391
2012-06-07,1314.99,2012-06-07,391
2012-06-08,1325.59,2012-06-08,391
2012-06-11,1309.01,2012-06-11,391
2012-06-12,1324.15,2012-06-12,391
2012-06-13,1314.83,2012-06-13,391
2012-06-14,1329.13,2012-06-14,391
2012-06-15,1342.7,2012-06-15,391
2012-06-18,1344.79,2012-06-18,391
2012-06-19,1358.01,2012-06-19,391
2012-06-20,1355.71,2012-06-20,391
2012-06-21,1325.46,2012-06-21,391
2012-06-22,1335.46,2012-06-22,391
2012-06-25,1313.73,2012-06-25,391
2012-06-26,1320.05,2012-06-26,391
2012-06-27,1331.87,2012-06-27,391
2012-06-28,1328.9,2012-06-28,391
2012-06-29,1362.15,2012-06-29,391
2012-07-02,1365.38,2012-07-02,391
2012-07-03,1374.02,2012-07-03,231
2012-07-05,1367.64,2012-07-05,391
2012-07-06,1354.67,2012-07-06,391
2012-07-09,1352.45,2012-07-09,391
2012-07-10,1341.43,2012-07-10,391
2012-07-11,1341.35,2012-07-11,391
2012-07-12,1334.81,2012-07-12,391
2012-07-13,1356.7,2012-07-13,391
2012-07-16,1353.61,2012-07-16,391
2012-07-17,1363.59,2012-07-17,391
2012-07-18,1372.74,2012-07-18,391
2012-07-19,1376.44,2012-07-19,391
2012-07-20,1362.81,2012-07-20,391
2012-07-23,1350.45,2012-07-23,391
2012-07-24,1338.31,2012-07-24,391
2012-07-25,1337.95,2012-07-25,391
2012-07-26,1359.99,2012-07-26,391
2012-07-27,1386.03,2012-07-27,391
2012-07-30,1385.29,2012-07-30,391
2012-07-31,1379.3,2012-07-31,391
2012-08-01,1375.48,2012-08-01,391
2012-08-02,1365.03,2012-08-02,391
2012-08-03,1391.01,2012-08-03,391
2012-08-06,1394.3,2012-08-06,391
2012-08-07,1401.21,2012-08-07,391
2012-08-08,1402.23,2012-08-08,391
2012-08-09,1402.75,2012-08-09,391
2012-08-10,1405.77,2012-08-10,391
2012-08-13,1404.2,2012-08-13,391
2012-08-14,1403.92,2012-08-14,391
2012-08-15,1405.47,2012-08-15,391
2012-08-16,1415.51,2012-08-16,391
2012-08-17,1418.13,2012-08-17,391
2012-08-20,1418.08,2012-08-20,391
2012-08-21,1413.23,2012-08-21,391
2012-08-22,1413.52,2012-08-22,391
2012-08-23,1402.22,2012-08-23,391
2012-08-24,1411.09,2012-08-24,391
2012-08-27,1410.48,2012-08-27,391
2012-08-28,1409.32,2012-08-28,391
2012-08-29,1410.53,2012-08-29,391
2012-08-30,1399.55,2012-08-30,391
2012-08-31,1406.66,2012-08-31,391
2012-09-04,1404.94,2012-09-04,391
2012-09-05,1403.46,2012-09-05,391
2012-09-06,1432.01,2012-09-06,391
2012-09-07,1437.89,2012-09-07,391
2012-09-10,1429.13,2012-09-10,391
2012-09-11,1433.61,2012-09-11,391
2012-09-12,1436.59,2012-09-12,391
2012-09-13,1459.99,2012-09-13,391
2012-09-14,1465.64,2012-09-14,391
2012-09-17,1461.17,2012-09-17,391
2012-09-18,1459.33,2012-09-18,391
2012-09-19,1461.09,2012-09-19,391
2012-09-20,1460.36,2012-09-20,391
2012-09-21,1460.16,2012-09-21,391
2012-09-24,1456.97,2012-09-24,391
2012-09-25,1441.73,2012-09-25,391
2012-09-26,1433.4,2012-09-26,391
2012-09-27,1447.18,2012-09-27,391
2012-09-28,1440.53,2012-09-28,391
2012-10-01,1444.42,2012-10-01,391
2012-10-02,1445.7,2012-10-02,391
2012-10-03,1450.99,2012-10-03,391
2012-10-04,1461.45,2012-10-04,391
2012-10-05,1460.9,2012-10-05,391
2012-10-08,1455.9,2012-10-08,391
2012-10-09,1441.49,2012-10-09,391
2012-10-10,1432.62,2012-10-10,391
2012-10-11,1432.88,2012-10-11,391
2012-10-12,1428.59,2012-10-12,391
2012-10-15,1440.11,2012-10-15,391
2012-10-16,1454.88,2012-10-16,391
2012-10-17,1460.88,2012-10-17,391
2012-10-18,1457.42,2012-10-18,391
2012-10-19,1433.16,2012-10-19,391
2012-10-22,1433.71,2012-10-22,391
2012-10-23,1413.19,2012-10-23,391
2012-10-24,1408.79,2012-10-24,391
2012-10-25,1413.02,2012-10-25,391
2012-10-26,1411.97,2012-10-26,391
2012-10-31,1412.17,2012-10-31,391
2012-11-01,1427.54,2012-11-01,391
2012-11-02,1414.22,2012-11-02,391
2012-11-05,1417.27,2012-11-05,391
2012-11-06,1428.31,2012-11-06,391
2012-11-07,1394.59,2012-11-07,391
2012-11-08,1377.55,2012-11-08,391
2012-11-09,1379.81,2012-11-09,391
2012-11-12,1380.03,2012-11-12,391
2012-11-13,1374.61,2012-11-13,391
2012-11-14,1355.51,2012-11-14,391
2012-11-15,1353.26,2012-11-15,391
2012-11-16,1359.83,2012-11-16,391
2012-11-19,1386.86,2012-11-19,391
2012-11-20,1387.86,2012-11-20,391
2012-11-21,1391.03,2012-11-21,391
2012-11-23,1409.15,2012-11-23,231
2012-11-26,1406.26,2012-11-26,391
2012-11-27,1399.0,2012-11-27,391
2012-11-28,1409.9,2012-11-28,391
2012-11-29,1415.99,2012-11-29,391
2012-11-30,1416.04,2012-11-30,391
2012-12-03,1409.46,2012-12-03,391
2012-12-04,1407.02,2012-12-04,391
2012-12-05,1409.25,2012-12-05,391
2012-12-06,1413.9,2012-12-06,391
2012-12-07,1418.05,2012-12-07,391
2012-12-10,1418.57,2012-12-10,391
2012-12-11,1427.88,2012-12-11,391
2012-12-12,1428.52,2012-12-12,391
2012-12-13,1419.59,2012-12-13,391
2012-12-14,1413.74,2012-12-14,391
2012-12-17,1430.48,2012-12-17,391
2012-12-18,1446.75,2012-12-18,391
2012-12-19,1435.81,2012-12-19,391
2012-12-20,1443.7,2012-12-20,391
2012-12-21,1430.45,2012-12-21,391
2012-12-24,1426.66,2012-12-24,231
2012-12-26,1419.87,2012-12-26,391
2012-12-27,1418.04,2012-12-27,391
2012-12-28,1402.42,2012-12-28,391
2012-12-31,1426.34,2012-12-31,391
2013-01-02,1462.39,2013-01-02,391
2013-01-03,1459.31,2013-01-03,391
2013-01-04,1466.32,2013-01-04,391
2013-01-07,1461.85,2013-01-07,391
2013-01-08,1457.14,2013-01-08,391
2013-01-09,1461.0,2013-01-09,391
2013-01-10,1472.09,2013-01-10,391
2013-01-11,1472.07,2013-01-11,391
2013-01-14,1470.82,2013-01-14,391
2013-01-15,1472.31,2013-01-15,391
2013-01-16,1472.53,2013-01-16,391
2013-01-17,1480.95,2013-01-17,391
2013-01-18,1485.84,2013-01-18,391
2013-01-22,1492.42,2013-01-22,391
2013-01-23,1494.76,2013-01-23,391
2013-01-24,1494.83,2013-01-24,391
2013-01-25,1502.89,2013-01-25,391
2013-01-28,1500.21,2013-01-28,391
2013-01-29,1507.88,2013-01-29,391
2013-01-30,1501.93,2013-01-30,391
2013-01-31,1498.3,2013-01-31,391
2013-02-01,1513.08,2013-02-01,391
2013-02-04,1495.74,2013-02-04,391
2013-02-05,1511.26,2013-02-05,391
2013-02-06,1512.06,2013-02-06,391
2013-02-07,1509.3,2013-02-07,391
2013-02-08,1517.78,2013-02-08,391
2013-02-11,1517.0,2013-02-11,391
2013-02-12,1519.43,2013-02-12,391
2013-02-13,1520.25,2013-02-13,391
2013-02-14,1521.4,2013-02-14,391
2013-02-15,1519.58,2013-02-15,391
2013-02-19,1530.86,2013-02-19,391
2013-02-20,1511.85,2013-02-20,391
2013-02-21,1502.32,2013-02-21,391
2013-02-22,1515.61,2013-02-22,391
2013-02-25,1487.89,2013-02-25,391
2013-02-26,1497.07,2013-02-26,391
2013-02-27,1516.03,2013-02-27,391
2013-02-28,1514.55,2013-02-28,391
2013-03-01,1518.3,2013-03-01,391
2013-03-04,1525.23,2013-03-04,391
2013-03-05,1539.81,2013-03-05,391
2013-03-06,1541.47,2013-03-06,391
2013-03-07,1544.29,2013-03-07,391
2013-03-08,1551.04,2013-03-08,391
2013-03-11,1556.19,2013-03-11,391
2013-03-12,1552.44,2013-03-12,391
2013-03-13,1554.48,2013-03-13,391
2013-03-14,1563.12,2013-03-14,391
2013-03-15,1560.63,2013-03-15,391
2013-03-18,1552.14,2013-03-18,391
2013-03-19,1548.42,2013-03-19,391
2013-03-20,1558.77,2013-03-20,391
2013-03-21,1545.82,2013-03-21,391
2013-03-22,1556.9,2013-03-22,391
2013-03-25,1551.82,2013-03-25,391
2013-03-26,1563.77,2013-03-26,391
2013-03-27,1562.92,2013-03-27,391
2013-03-28,1568.91,2013-03-28,391
2013-04-01,1562.14,2013-04-01,391
2013-04-02,1570.12,2013-04-02,391
2013-04-03,1553.68,2013-04-03,391
2013-04-04,1559.99,2013-04-04,391
2013-04-05,1553.23,2013-04-05,391
2013-04-08,1563.02,2013-04-08,391
2013-04-09,1568.57,2013-04-09,391
2013-04-10,1587.65,2013-04-10,391
2013-04-11,1593.29,2013-04-11,391
2013-04-12,1588.85,2013-04-12,391
2013-04-15,1552.31,2013-04-15,391
2013-04-16,1574.51,2013-04-16,391
2013-04-17,1551.95,2013-04-17,391
2013-04-18,1541.71,2013-04-18,391
2013-04-19,1555.12,2013-04-19,391
2013-04-22,1562.49,2013-04-22,391
2013-04-23,1578.7,2013-04-23,391
2013-04-24,1578.78,2013-04-24,391
2013-04-25,1585.24,2013-04-25,391
2013-04-26,1582.29,2013-04-26,391
2013-04-29,1593.53,2013-04-29,391
2013-04-30,1597.25,2013-04-30,391
2013-05-01,1582.73,2013-05-01,391
2013-05-02,1597.52,2013-05-02,391
2013-05-03,1614.21,2013-05-03,391
2013-05-06,1617.51,2013-05-06,391
2013-05-07,1625.93,2013-05-07,391
2013-05-08,1632.64,2013-05-08,391
2013-05-09,1626.65,2013-05-09,391
2013-05-10,1633.57,2013-05-10,391
2013-05-13,1633.78,2013-05-13,391
2013-05-14,1650.37,2013-05-14,391
2013-05-15,1658.7,2013-05-15,391
2013-05-16,1650.45,2013-05-16,391
2013-05-17,1666.07,2013-05-17,391
2013-05-20,1666.27,2013-05-20,391
2013-05-21,1669.18,2013-05-21,391
2013-05-22,1655.31,2013-05-22,391
2013-05-23,1650.58,2013-05-23,391
2013-05-24,1649.64,2013-05-24,391
2013-05-28,1660.12,2013-05-28,391
2013-05-29,1648.46,2013-05-29,391
2013-05-30,1654.5,2013-05-30,391
2013-05-31,1630.87,2013-05-31,391
2013-06-03,1640.31,2013-06-03,391
2013-06-04,1631.28,2013-06-04,391
2013-06-05,1608.89,2013-06-05,391
2013-06-06,1622.46,2013-06-06,391
2013-06-07,1643.33,2013-06-07,391
2013-06-10,1642.76,2013-06-10,391
2013-06-11,1626.17,2013-06-11,391
2013-06-12,1612.53,2013-06-12,391
2013-06-13,1636.41,2013-06-13,391
2013-06-14,1626.65,2013-06-14,391
2013-06-17,1639.08,2013-06-17,391
2013-06-18,1651.78,2013-06-18,391
2013-06-19,1628.93,2013-06-19,391
2013-06-20,1588.27,2013-06-20,391
2013-06-21,1592.68,2013-06-21,391
2013-06-24,1573.12,2013-06-24,391
2013-06-25,1588.09,2013-06-25,391
2013-06-26,1603.29,2013-06-26,391
2013-06-27,1613.23,2013-06-27,391
2013-06-28,1605.82,2013-06-28,391
2013-07-01,1614.94,2013-07-01,391
2013-07-02,1613.97,2013-07-02,391
2013-07-03,1615.41,2013-07-03,231
2013-07-05,1631.91,2013-07-05,391
2013-07-08,1640.5,2013-07-08,391
2013-07-09,1652.36,2013-07-09,391
2013-07-10,1652.69,2013-07-10,391
2013-07-11,1675.11,2013-07-11,391
2013-07-12,1679.99,2013-07-12,391
2013-07-15,1682.52,2013-07-15,391
2013-07-16,1676.25,2013-07-16,391
2013-07-17,1680.81,2013-07-17,391
2013-07-18,1689.4,2013-07-18,391
2013-07-19,1692.07,2013-07-19,391
2013-07-22,1695.51,2013-07-22,391
2013-07-23,1692.46,2013-07-23,391
2013-07-24,1685.96,2013-07-24,391
2013-07-25,1690.31,2013-07-25,391
2013-07-26,1691.63,2013-07-26,391
2013-07-29,1685.47,2013-07-29,391
2013-07-30,1686.09,2013-07-30,391
2013-07-31,1686.14,2013-07-31,391
2013-08-01,1706.82,2013-08-01,391
2013-08-02,1709.58,2013-08-02,391
2013-08-05,1707.11,2013-08-05,391
2013-08-06,1697.34,2013-08-06,391
2013-08-07,1690.92,2013-08-07,391
2013-08-08,1697.41,2013-08-08,391
2013-08-09,1691.31,2013-08-09,391
2013-08-12,1689.48,2013-08-12,391
2013-08-13,1694.17,2013-08-13,391
2013-08-14,1685.33,2013-08-14,391
2013-08-15,1661.34,2013-08-15,391
2013-08-16,1655.86,2013-08-16,391
2013-08-19,1645.99,2013-08-19,391
2013-08-20,1652.5,2013-08-20,391
2013-08-21,1642.83,2013-08-21,391
2013-08-22,1656.98,2013-08-22,391
2013-08-23,1663.39,2013-08-23,391
2013-08-26,1656.81,2013-08-26,391
2013-08-27,1630.47,2013-08-27,391
2013-08-28,1635.02,2013-08-28,391
2013-08-29,1638.18,2013-08-29,391
2013-08-30,1632.69,2013-08-30,391
2013-09-03,1639.7,2013-09-03,391
2013-09-04,1653.12,2013-09-04,391
2013-09-05,1655.07,2013-09-05,391
2013-09-06,1655.12,2013-09-06,391
2013-09-09,1671.65,2013-09-09,391
2013-09-10,1684.05,2013-09-10,391
2013-09-11,1689.04,2013-09-11,391
2013-09-12,1683.44,2013-09-12,391
2013-09-13,1687.99,2013-09-13,391
2013-09-16,1697.61,2013-09-16,388
2013-09-17,1704.83,2013-09-17,391
2013-09-18,1725.44,2013-09-18,391
2013-09-19,1722.33,2013-09-19,391
2013-09-20,1709.66,2013-09-20,391
2013-09-23,1701.92,2013-09-23,391
2013-09-24,1697.49,2013-09-24,391
2013-09-25,1692.87,2013-09-25,391
2013-09-26,1698.65,2013-09-26,391
2013-09-27,1691.74,2013-09-27,391
2013-09-30,1681.65,2013-09-30,391
2013-10-01,1695.01,2013-10-01,391
2013-10-02,1693.69,2013-10-02,391
2013-10-03,1678.63,2013-10-03,391
2013-10-04,1690.5,2013-10-04,391
2013-10-07,1676.14,2013-10-07,391
2013-10-08,1655.51,2013-10-08,391
2013-10-09,1656.48,2013-10-09,391
2013-10-10,1692.45,2013-10-10,391
2013-10-11,1703.16,2013-10-11,391
2013-10-14,1710.17,2013-10-14,391
2013-10-15,1698.06,2013-10-15,391
2013-10-16,1721.46,2013-10-16,391
2013-10-17,1732.89,2013-10-17,391
2013-10-18,1744.41,2013-10-18,391
2013-10-21,1744.55,2013-10-21,391
2013-10-22,1754.74,2013-10-22,391
2013-10-23,1746.35,2013-10-23,391
2013-10-24,1752.01,2013-10-24,391
2013-10-25,1759.79,2013-10-25,391
2013-10-28,1762.18,2013-10-28,391
2013-10-29,1771.99,2013-10-29,391
2013-10-30,1763.3,2013-10-30,391
2013-10-31,1756.8,2013-10-31,391
2013-11-01,1761.74,2013-11-01,391
2013-11-04,1768.0,2013-11-04,391
2013-11-05,1762.87,2013-11-05,391
2013-11-06,1770.46,2013-11-06,391
2013-11-07,1747.24,2013-11-07,391
2013-11-08,1770.54,2013-11-08,391
2013-11-11,1771.85,2013-11-11,391
2013-11-12,1767.7,2013-11-12,391
2013-11-13,1781.93,2013-11-13,391
2013-11-14,1790.61,2013-11-14,391
2013-11-15,1798.22,2013-11-15,391
2013-11-18,1791.54,2013-11-18,391
2013-11-19,1787.84,2013-11-19,391
2013-11-20,1781.42,2013-11-20,391
2013-11-21,1795.85,2013-11-21,391
2013-11-22,1804.68,2013-11-22,391
2013-11-25,1802.59,2013-11-25,391
2013-11-26,1802.88,2013-11-26,391
2013-11-27,1807.23,2013-11-27,391
2013-11-29,1805.81,2013-11-29,231
2013-12-02,1800.85,2013-12-02,391
2013-12-03,1795.11,2013-12-03,391
2013-12-04,1792.86,2013-12-04,391
2013-12-05,1785.08,2013-12-05,391
2013-12-06,1805.03,2013-12-06,391
2013-12-09,1808.44,2013-12-09,391
2013-12-10,1802.62,2013-12-10,391
2013-12-11,1782.17,2013-12-11,391
2013-12-12,1775.52,2013-12-12,391
2013-12-13,1775.32,2013-12-13,391
2013-12-16,1786.55,2013-12-16,391
2013-12-17,1780.97,2013-12-17,391
2013-12-18,1810.82,2013-12-18,391
2013-12-19,1809.58,2013-12-19,391
2013-12-20,1819.23,2013-12-20,391
2013-12-23,1828.07,2013-12-23,391
2013-12-24,1833.32,2013-12-24,231
2013-12-26,1842.02,2013-12-26,391
2013-12-27,1841.45,2013-12-27,391
2013-12-30,1841.08,2013-12-30,391
2013-12-31,1848.35,2013-12-31,391
2014-01-02,1832.01,2014-01-02,391
2014-01-03,1831.31,2014-01-03,391
2014-01-06,1826.73,2014-01-06,391
2014-01-07,1837.79,2014-01-07,391
2014-01-08,1837.44,2014-01-08,391
2014-01-09,1838.15,2014-01-09,391
2014-01-10,1842.39,2014-01-10,391
2014-01-13,1819.12,2014-01-13,391
2014-01-14,1838.77,2014-01-14,391
2014-01-15,1848.4,2014-01-15,391
2014-01-16,1845.94,2014-01-16,391
2014-01-17,1838.57,2014-01-17,391
2014-01-21,1843.81,2014-01-21,391
2014-01-22,1844.9,2014-01-22,391
2014-01-23,1828.73,2014-01-23,391
2014-01-24,1790.5,2014-01-24,391
2014-01-27,1781.54,2014-01-27,391
2014-01-28,1792.48,2014-01-28,391
2014-01-29,1774.22,2014-01-29,391
2014-01-30,1794.16,2014-01-30,391
2014-01-31,1782.51,2014-01-31,391
2014-02-03,1742.0,2014-02-03,391
2014-02-04,1755.15,2014-02-04,391
2014-02-05,1751.71,2014-02-05,391
2014-02-06,1773.36,2014-02-06,391
2014-02-07,1796.84,2014-02-07,391
2014-02-10,1799.8,2014-02-10,391
2014-02-11,1819.59,2014-02-11,391
2014-02-12,1819.23,2014-02-12,391
2014-02-13,1829.74,2014-02-13,391
2014-02-14,1838.59,2014-02-14,391
2014-02-18,1840.72,2014-02-18,391
2014-02-19,1828.77,2014-02-19,391
2014-02-20,1839.77,2014-02-20,391
2014-02-21,1836.23,2014-02-21,391
2014-02-24,1847.63,2014-02-24,391
2014-02-25,1845.14,2014-02-25,391
2014-02-26,1845.2,2014-02-26,391
2014-02-27,1854.29,2014-02-27,391
2014-02-28,1859.49,2014-02-28,391
2014-03-03,1845.7,2014-03-03,391
2014-03-04,1873.77,2014-03-04,391
2014-03-05,1873.93,2014-03-05,391
2014-03-06,1877.2,2014-03-06,391
2014-03-07,1877.89,2014-03-07,391
2014-03-10,1877.19,2014-03-10,391
2014-03-11,1867.65,2014-03-11,391
2014-03-12,1868.12,2014-03-12,391
2014-03-13,1846.41,2014-03-13,391
2014-03-14,1841.14,2014-03-14,391
2014-03-17,1858.73,2014-03-17,391
2014-03-18,1872.18,2014-03-18,391
2014-03-19,1860.84,2014-03-19,391
2014-03-20,1872.01,2014-03-20,391
2014-03-21,1865.89,2014-03-21,391
2014-03-24,1857.45,2014-03-24,391
2014-03-25,1865.72,2014-03-25,391
2014-03-26,1852.61,2014-03-26,391
2014-03-27,1849.05,2014-03-27,391
2014-03-28,1857.51,2014-03-28,391
2014-03-31,1872.49,2014-03-31,391
2014-04-01,1885.41,2014-04-01,391
2014-04-02,1890.9,2014-04-02,391
2014-04-03,1888.67,2014-04-03,391
2014-04-04,1865.26,2014-04-04,391
2014-04-07,1845.1,2014-04-07,391
2014-04-08,1851.98,2014-04-08,391
2014-04-09,1872.18,2014-04-09,391
2014-04-10,1833.07,2014-04-10,391
2014-04-11,1815.77,2014-04-11,391
2014-04-14,1830.57,2014-04-14,391
2014-04-15,1842.95,2014-04-15,391
2014-04-16,1862.26,2014-04-16,391
2014-04-17,1864.91,2014-04-17,391
2014-04-21,1871.78,2014-04-21,391
2014-04-22,1879.56,2014-04-22,391
2014-04-23,1875.4,2014-04-23,391
2014-04-24,1878.65,2014-04-24,391
2014-04-25,1863.5,2014-04-25,391
2014-04-28,1869.43,2014-04-28,391
2014-04-29,1878.33,2014-04-29,391
2014-04-30,1883.82,2014-04-30,391
2014-05-01,1883.68,2014-05-01,391
2014-05-02,1881.06,2014-05-02,391
2014-05-05,1884.64,2014-05-05,391
2014-05-06,1867.82,2014-05-06,391
2014-05-07,1878.23,2014-05-07,391
2014-05-08,1875.66,2014-05-08,391
2014-05-09,1878.46,2014-05-09,391
2014-05-12,1896.6,2014-05-12,391
2014-05-13,1897.41,2014-05-13,391
2014-05-14,1888.49,2014-05-14,391
2014-05-15,1870.94,2014-05-15,391
2014-05-16,1877.91,2014-05-16,391
2014-05-19,1885.05,2014-05-19,391
2014-05-20,1872.87,2014-05-20,391
2014-05-21,1888.0,2014-05-21,391
2014-05-22,1892.54,2014-05-22,391
2014-05-23,1900.51,2014-05-23,391
2014-05-27,1911.95,2014-05-27,391
2014-05-28,1909.77,2014-05-28,391
2014-05-29,1919.98,2014-05-29,391
2014-05-30,1923.42,2014-05-30,391
2014-06-02,1924.94,2014-06-02,391
2014-06-03,1924.22,2014-06-03,391
2014-06-04,1927.74,2014-06-04,391
2014-06-05,1940.29,2014-06-05,391
2014-06-06,1949.31,2014-06-06,391
2014-06-09,1951.25,2014-06-09,391
2014-06-10,1950.86,2014-06-10,391
2014-06-11,1943.99,2014-06-11,391
2014-06-12,1930.05,2014-06-12,391
2014-06-13,1935.97,2014-06-13,391
2014-06-16,1937.78,2014-06-16,391
2014-06-17,1942.09,2014-06-17,391
2014-06-18,1956.98,2014-06-18,391
2014-06-19,1959.36,2014-06-19,391
2014-06-20,1963.02,2014-06-20,391
2014-06-23,1962.55,2014-06-23,391
2014-06-24,1950.04,2014-06-24,391
2014-06-25,1959.49,2014-06-25,391
2014-06-26,1957.23,2014-06-26,391
2014-06-27,1960.98,2014-06-27,391
2014-06-30,1960.02,2014-06-30,391
2014-07-01,1973.23,2014-07-01,391
2014-07-02,1974.57,2014-07-02,391
2014-07-03,1985.44,2014-07-03,231
2014-07-07,1977.56,2014-07-07,391
2014-07-08,1963.87,2014-07-08,391
2014-07-09,1972.8,2014-07-09,391
2014-07-10,1964.7,2014-07-10,391
2014-07-11,1967.53,2014-07-11,391
2014-07-14,1977.11,2014-07-14,391
2014-07-15,1973.38,2014-07-15,391
2014-07-16,1981.41,2014-07-16,391
2014-07-17,1958.15,2014-07-17,391
2014-07-18,1978.13,2014-07-18,391
2014-07-21,1973.66,2014-07-21,391
2014-07-22,1983.49,2014-07-22,391
2014-07-23,1987.15,2014-07-23,391
2014-07-24,1987.88,2014-07-24,391
2014-07-25,1978.29,2014-07-25,391
2014-07-28,1978.82,2014-07-28,391
2014-07-29,1970.14,2014-07-29,391
2014-07-30,1970.17,2014-07-30,391
2014-07-31,1930.76,2014-07-31,391
2014-08-01,1925.31,2014-08-01,391
2014-08-04,1939.09,2014-08-04,391
2014-08-05,1920.1,2014-08-05,391
2014-08-06,1920.17,2014-08-06,391
2014-08-07,1909.56,2014-08-07,391
2014-08-08,1931.45,2014-08-08,391
2014-08-11,1936.84,2014-08-11,391
2014-08-12,1933.78,2014-08-12,391
2014-08-13,1946.7,2014-08-13,391
2014-08-14,1955.16,2014-08-14,391
2014-08-15,1955.11,2014-08-15,391
2014-08-18,1971.62,2014-08-18,391
2014-08-19,1981.55,2014-08-19,391
2014-08-20,1986.53,2014-08-20,391
2014-08-21,1992.35,2014-08-21,391
2014-08-22,1988.38,2014-08-22,391
2014-08-25,1998.16,2014-08-25,391
2014-08-26,2000.07,2014-08-26,391
2014-08-27,1999.98,2014-08-27,391
2014-08-28,1996.87,2014-08-28,391
2014-08-29,2003.29,2014-08-29,391
2014-09-02,2002.15,2014-09-02,391
2014-09-03,2000.76,2014-09-03,391
2014-09-04,1997.67,2014-09-04,391
2014-09-05,2007.55,2014-09-05,391
2014-09-08,2001.48,2014-09-08,391
2014-09-09,1988.44,2014-09-09,391
2014-09-10,1995.75,2014-09-10,391
2014-09-11,1997.37,2014-09-11,391
2014-09-12,1985.55,2014-09-12,391
2014-09-15,1984.1,2014-09-15,391
2014-09-16,1999.0,2014-09-16,391
2014-09-17,2001.57,2014-09-17,391
2014-09-18,2011.44,2014-09-18,391
2014-09-19,2010.56,2014-09-19,391
2014-09-22,1994.37,2014-09-22,391
2014-09-23,1982.86,2014-09-23,391
2014-09-24,1998.42,2014-09-24,391
2014-09-25,1966.19,2014-09-25,391
2014-09-26,1982.7,2014-09-26,391
2014-09-29,1977.85,2014-09-29,391
2014-09-30,1972.44,2014-09-30,391
2014-10-01,1946.16,2014-10-01,391
2014-10-02,1946.11,2014-10-02,391
2014-10-03,1967.75,2014-10-03,391
2014-10-06,1964.93,2014-10-06,391
2014-10-07,1934.96,2014-10-07,391
2014-10-08,1968.66,2014-10-08,391
2014-10-09,1928.36,2014-10-09,391
2014-10-10,1906.09,2014-10-10,391
2014-10-13,1874.81,2014-10-13,391
2014-10-14,1877.77,2014-10-14,391
2014-10-15,1862.56,2014-10-15,391
2014-10-16,1862.39,2014-10-16,391
2014-10-17,1886.64,2014-10-17,391
2014-10-20,1903.95,2014-10-20,391
2014-10-21,1941.15,2014-10-21,391
2014-10-22,1927.24,2014-10-22,391
2014-10-23,1950.65,2014-10-23,391
2014-10-24,1964.48,2014-10-24,391
2014-10-27,1961.55,2014-10-27,391
2014-10-28,1984.83,2014-10-28,391
2014-10-29,1982.27,2014-10-29,391
2014-10-30,1994.61,2014-10-30,391
2014-10-31,2017.56,2014-10-31,391
2014-11-03,2017.64,2014-11-03,391
2014-11-04,2011.92,2014-11-04,391
2014-11-05,2023.36,2014-11-05,391
2014-11-06,2031.03,2014-11-06,391
2014-11-07,2031.8,2014-11-07,391
2014-11-10,2038.23,2014-11-10,391
2014-11-11,2039.73,2014-11-11,391
2014-11-12,2038.2,2014-11-12,391
2014-11-13,2039.28,2014-11-13,391
2014-11-14,2039.92,2014-11-14,391
2014-11-17,2041.22,2014-11-17,391
2014-11-18,2051.96,2014-11-18,391
2014-11-19,2048.67,2014-11-19,391
2014-11-20,2052.69,2014-11-20,391
2014-11-21,2063.34,2014-11-21,391
2014-11-24,2069.46,2014-11-24,391
2014-11-25,2067.44,2014-11-25,391
2014-11-26,2072.77,2014-11-26,391
2014-11-28,2067.56,2014-11-28,231
2014-12-01,2053.48,2014-12-01,391
2014-12-02,2066.5,2014-12-02,391
2014-12-03,2074.19,2014-12-03,391
2014-12-04,2071.65,2014-12-04,391
2014-12-05,2075.25,2014-12-05,391
2014-12-08,2060.46,2014-12-08,391
2014-12-09,2059.73,2014-12-09,391
2014-12-10,2026.29,2014-12-10,391
2014-12-11,2035.28,2014-12-11,391
2014-12-12,2002.76,2014-12-12,391
2014-12-15,1989.43,2014-12-15,391
2014-12-16,1972.98,2014-12-16,391
2014-12-17,2012.84,2014-12-17,391
2014-12-18,2061.14,2014-12-18,391
2014-12-19,2070.59,2014-12-19,391
2014-12-22,2078.61,2014-12-22,391
2014-12-23,2082.21,2014-12-23,391
2014-12-24,2081.88,2014-12-24,231
2014-12-26,2088.79,2014-12-26,391
2014-12-29,2090.71,2014-12-29,391
2014-12-30,2080.34,2014-12-30,391
2014-12-31,2058.9,2014-12-31,391
2015-01-02,2058.15,2015-01-02,391
2015-01-05,2020.9,2015-01-05,391
2015-01-06,2002.44,2015-01-06,391
2015-01-07,2025.85,2015-01-07,391
2015-01-08,2062.03,2015-01-08,391
2015-01-09,2044.99,2015-01-09,391
2015-01-12,2028.46,2015-01-12,391
2015-01-13,2023.01,2015-01-13,391
2015-01-14,2011.2,2015-01-14,391
2015-01-15,1992.73,2015-01-15,391
2015-01-16,2019.28,2015-01-16,391
2015-01-20,2022.53,2015-01-20,391
2015-01-21,2032.34,2015-01-21,391
2015-01-22,2063.31,2015-01-22,391
2015-01-23,2051.79,2015-01-23,391
2015-01-26,2056.96,2015-01-26,391
2015-01-27,2029.62,2015-01-27,391
2015-01-28,2002.35,2015-01-28,391
2015-01-29,2021.39,2015-01-29,391
2015-01-30,1995.24,2015-01-30,391
2015-02-02,2020.86,2015-02-02,391
2015-02-03,2049.85,2015-02-03,391
2015-02-04,2041.42,2015-02-04,391
2015-02-05,2062.35,2015-02-05,391
2015-02-06,2055.46,2015-02-06,391
2015-02-09,2046.65,2015-02-09,391
2015-02-10,2068.46,2015-02-10,391
2015-02-11,2068.4,2015-02-11,391
2015-02-12,2088.29,2015-02-12,391
2015-02-13,2096.89,2015-02-13,391
2015-02-17,2099.96,2015-02-17,391
2015-02-18,2099.61,2015-02-18,391
2015-02-19,2097.48,2015-02-19,391
2015-02-20,2110.23,2015-02-20,391
2015-02-23,2109.61,2015-02-23,391
2015-02-24,2115.57,2015-02-24,391
2015-02-25,2113.76,2015-02-25,391
2015-02-26,2110.77,2015-02-26,391
2015-02-27,2104.48,2015-02-27,391
2015-03-02,2117.23,2015-03-02,391
2015-03-03,2107.78,2015-03-03,391
2015-03-04,2098.59,2015-03-04,391
2015-03-05,2101.08,2015-03-05,391
2015-03-06,2071.26,2015-03-06,391
2015-03-09,2079.39,2015-03-09,391
2015-03-10,2044.65,2015-03-10,391
2015-03-11,2040.38,2015-03-11,391
2015-03-12,2065.86,2015-03-12,391
2015-03-13,2053.38,2015-03-13,391
2015-03-16,2081.02,2015-03-16,391
2015-03-17,2074.17,2015-03-17,391
2015-03-18,2099.32,2015-03-18,391
2015-03-19,2089.38,2015-03-19,391
2015-03-20,2108.17,2015-03-20,391
2015-03-23,2104.46,2015-03-23,391
2015-03-24,2091.58,2015-03-24,391
2015-03-25,2061.15,2015-03-25,391
2015-03-26,2056.23,2015-03-26,391
2015-03-27,2060.85,2015-03-27,391
2015-03-30,2086.19,2015-03-30,391
2015-03-31,2068.03,2015-03-31,391
2015-04-01,2059.77,2015-04-01,391
2015-04-02,2066.86,2015-04-02,391
2015-04-06,2080.73,2015-04-06,391
2015-04-07,2076.21,2015-04-07,391
2015-04-08,2081.86,2015-04-08,391
2015-04-09,2091.1,2015-04-09,391
2015-04-10,2102.1,2015-04-10,391
2015-04-13,2092.56,2015-04-13,391
2015-04-14,2096.01,2015-04-14,391
2015-04-15,2106.41,2015-04-15,391
2015-04-16,2105.02,2015-04-16,391
2015-04-17,2081.07,2015-04-17,391
2015-04-20,2100.35,2015-04-20,391
2015-04-21,2097.36,2015-04-21,391
2015-04-22,2107.92,2015-04-22,391
2015-04-23,2112.92,2015-04-23,391
2015-04-24,2117.76,2015-04-24,391
2015-04-27,2108.96,2015-04-27,391
2015-04-28,2114.87,2015-04-28,391
2015-04-29,2106.8,2015-04-29,391
2015-04-30,2085.48,2015-04-30,391
2015-05-01,2108.09,2015-05-01,391
2015-05-04,2114.44,2015-05-04,391
2015-05-05,2089.46,2015-05-05,391
2015-05-06,2080.23,2015-05-06,391
2015-05-07,2088.04,2015-05-07,391
2015-05-08,2116.0,2015-05-08,391
2015-05-11,2105.32,2015-05-11,391
2015-05-12,2099.08,2015-05-12,391
2015-05-13,2098.46,2015-05-13,391
2015-05-14,2120.86,2015-05-14,391
2015-05-15,2122.71,2015-05-15,391
2015-05-18,2129.06,2015-05-18,391
2015-05-19,2127.86,2015-05-19,391
2015-05-20,2125.79,2015-05-20,391
2015-05-21,2130.98,2015-05-21,391
2015-05-22,2126.21,2015-05-22,391
2015-05-26,2104.3,2015-05-26,391
2015-05-27,2123.48,2015-05-27,391
2015-05-28,2120.88,2015-05-28,391
2015-05-29,2107.44,2015-05-29,391
2015-06-01,2111.76,2015-06-01,391
2015-06-02,2109.57,2015-06-02,391
2015-06-03,2114.23,2015-06-03,391
2015-06-04,2096.16,2015-06-04,391
2015-06-05,2092.77,2015-06-05,391
2015-06-08,2079.33,2015-06-08,391
2015-06-09,2080.04,2015-06-09,391
2015-06-10,2104.88,2015-06-10,391
2015-06-11,2109.14,2015-06-11,391
2015-06-12,2094.13,2015-06-12,391
2015-06-15,2084.56,2015-06-15,391
2015-06-16,2096.31,2015-06-16,391
2015-06-17,2100.37,2015-06-17,391
2015-06-18,2121.03,2015-06-18,391
2015-06-19,2109.46,2015-06-19,387
2015-06-22,2122.94,2015-06-22,391
2015-06-23,2124.31,2015-06-23,391
2015-06-24,2108.79,2015-06-24,372
2015-06-25,2102.42,2015-06-25,391
2015-06-26,2101.73,2015-06-26,391
2015-06-29,2057.69,2015-06-29,391
2015-06-30,2062.9,2015-06-30,391
2015-07-01,2077.67,2015-07-01,391
2015-07-02,2076.46,2015-07-02,391
2015-07-06,2068.78,2015-07-06,391
2015-07-07,2081.54,2015-07-07,391
2015-07-08,2046.87,2015-07-08,391
2015-07-09,2051.31,2015-07-09,391
2015-07-10,2076.54,2015-07-10,391
2015-07-13,2099.53,2015-07-13,391
2015-07-14,2108.87,2015-07-14,391
2015-07-15,2107.59,2015-07-15,391
2015-07-16,2124.23,2015-07-16,391
2015-07-17,2126.56,2015-07-17,391
2015-07-20,2128.14,2015-07-20,391
2015-07-21,2119.21,2015-07-21,391
2015-07-22,2114.07,2015-07-22,391
2015-07-23,2102.19,2015-07-23,391
2015-07-24,2079.82,2015-07-24,391
2015-07-27,2067.8,2015-07-27,391
2015-07-28,2093.26,2015-07-28,391
2015-07-29,2108.48,2015-07-29,391
2015-07-30,2108.75,2015-07-30,391
2015-07-31,2104.36,2015-07-31,391
2015-08-03,2097.96,2015-08-03,391
2015-08-04,2093.36,2015-08-04,391
2015-08-05,2099.88,2015-08-05,391
2015-08-06,2083.76,2015-08-06,391
2015-08-07,2077.73,2015-08-07,391
2015-08-10,2104.12,2015-08-10,391
2015-08-11,2084.33,2015-08-11,391
2015-08-12,2086.17,2015-08-12,391
2015-08-13,2083.46,2015-08-13,391
2015-08-14,2091.65,2015-08-14,391
2015-08-17,2102.48,2015-08-17,391
2015-08-18,2096.9,2015-08-18,391
2015-08-19,2079.78,2015-08-19,391
2015-08-20,2035.97,2015-08-20,391
2015-08-21,1971.27,2015-08-21,391
2015-08-24,1893.43,2015-08-24,391
2015-08-25,1867.8,2015-08-25,391
2015-08-26,1940.51,2015-08-26,391
2015-08-27,1987.73,2015-08-27,391
2015-08-28,1988.59,2015-08-28,391
2015-08-31,1972.19,2015-08-31,391
2015-09-01,1914.02,2015-09-01,391
2015-09-02,1948.9,2015-09-02,391
2015-09-03,1950.96,2015-09-03,391
2015-09-04,1921.24,2015-09-04,391
2015-09-08,1969.32,2015-09-08,391
2015-09-09,1942.15,2015-09-09,391
2015-09-10,1952.25,2015-09-10,391
2015-09-11,1960.81,2015-09-11,391
2015-09-14,1953.01,2015-09-14,391
2015-09-15,1978.1,2015-09-15,391
2015-09-16,1995.18,2015-09-16,391
2015-09-17,1990.19,2015-09-17,391
2015-09-18,1958.13,2015-09-18,391
2015-09-21,1967.08,2015-09-21,391
2015-09-22,1942.63,2015-09-22,391
2015-09-23,1938.75,2015-09-23,391
2015-09-24,1932.39,2015-09-24,391
2015-09-25,1931.49,2015-09-25,391
2015-09-28,1881.85,2015-09-28,391
2015-09-29,1883.96,2015-09-29,391
2015-09-30,1919.59,2015-09-30,391
2015-10-01,1923.77,2015-10-01,391
2015-10-02,1951.3,2015-10-02,391
2015-10-05,1986.94,2015-10-05,391
2015-10-06,1979.94,2015-10-06,391
2015-10-07,1995.8,2015-10-07,391
2015-10-08,2013.38,2015-10-08,391
2015-10-09,2014.94,2015-10-09,391
2015-10-12,2017.33,2015-10-12,391
2015-10-13,2003.76,2015-10-13,391
2015-10-14,1994.17,2015-10-14,391
2015-10-15,2023.92,2015-10-15,391
2015-10-16,2033.02,2015-10-16,391
2015-10-19,2033.87,2015-10-19,391
2015-10-20,2031.04,2015-10-20,391
2015-10-21,2018.97,2015-10-21,391
2015-10-22,2052.53,2015-10-22,391
2015-10-23,2075.17,2015-10-23,391
2015-10-26,2071.07,2015-10-26,391
2015-10-27,2065.94,2015-10-27,391
2015-10-28,2090.27,2015-10-28,391
2015-10-29,2089.37,2015-10-29,391
2015-10-30,2079.44,2015-10-30,391
2015-11-02,2103.94,2015-11-02,391
2015-11-03,2109.78,2015-11-03,391
2015-11-04,2102.42,2015-11-04,391
2015-11-05,2100.02,2015-11-05,391
2015-11-06,2099.21,2015-11-06,391
2015-11-09,2078.71,2015-11-09,391
2015-11-10,2081.87,2015-11-10,391
2015-11-11,2074.94,2015-11-11,391
2015-11-12,2046.01,2015-11-12,391
2015-11-13,2023.19,2015-11-13,391
2015-11-16,2053.13,2015-11-16,391
2015-11-17,2050.41,2015-11-17,391
2015-11-18,2083.53,2015-11-18,391
2015-11-19,2081.27,2015-11-19,391
2015-11-20,2089.19,2015-11-20,391
2015-11-23,2086.66,2015-11-23,391
2015-11-24,2089.27,2015-11-24,391
2015-11-25,2088.92,2015-11-25,391
2015-11-27,2090.11,2015-11-27,232
2015-11-30,2080.84,2015-11-30,391
2015-12-01,2102.53,2015-12-01,391
2015-12-02,2079.63,2015-12-02,391
2015-12-03,2049.81,2015-12-03,391
2015-12-04,2091.32,2015-12-04,391
2015-12-07,2077.14,2015-12-07,391
2015-12-08,2063.73,2015-12-08,391
2015-12-09,2047.7,2015-12-09,391
2015-12-10,2052.25,2015-12-10,391
2015-12-11,2012.31,2015-12-11,391
2015-12-14,2022.13,2015-12-14,391
2015-12-15,2043.41,2015-12-15,391
2015-12-16,2072.96,2015-12-16,391
2015-12-17,2041.95,2015-12-17,391
2015-12-18,2005.51,2015-12-18,391
2015-12-21,2021.22,2015-12-21,391
2015-12-22,2039.08,2015-12-22,391
2015-12-23,2064.27,2015-12-23,391
2015-12-24,2060.98,2015-12-24,232
2015-12-28,2056.55,2015-12-28,391
2015-12-29,2078.23,2015-12-29,391
2015-12-30,2063.3,2015-12-30,391
2015-12-31,2043.76,2015-12-31,391
2016-01-04,2012.98,2016-01-04,391
2016-01-05,2016.84,2016-01-05,391
2016-01-06,1990.48,2016-01-06,391
2016-01-07,1943.09,2016-01-07,391
2016-01-08,1921.85,2016-01-08,391
2016-01-11,1923.54,2016-01-11,391
2016-01-12,1938.78,2016-01-12,391
2016-01-13,1890.25,2016-01-13,391
2016-01-14,1921.61,2016-01-14,391
2016-01-15,1880.25,2016-01-15,391
2016-01-19,1881.38,2016-01-19,391
2016-01-20,1859.43,2016-01-20,391
2016-01-21,1868.86,2016-01-21,391
2016-01-22,1906.89,2016-01-22,391
2016-01-25,1877.33,2016-01-25,391
2016-01-26,1903.62,2016-01-26,391
2016-01-27,1883.0,2016-01-27,391
2016-01-28,1893.18,2016-01-28,391
2016-01-29,1939.46,2016-01-29,391
2016-02-01,1939.18,2016-02-01,391
2016-02-02,1903.06,2016-02-02,391
2016-02-03,1912.59,2016-02-03,391
2016-02-04,1915.43,2016-02-04,391
2016-02-05,1879.92,2016-02-05,391
2016-02-08,1853.54,2016-02-08,391
2016-02-09,1852.36,2016-02-09,391
2016-02-10,1851.79,2016-02-10,391
2016-02-11,1828.88,2016-02-11,391
2016-02-12,1864.61,2016-02-12,391
2016-02-16,1895.42,2016-02-16,391
2016-02-17,1926.62,2016-02-17,391
2016-02-18,1917.77,2016-02-18,391
2016-02-19,1917.63,2016-02-19,391
2016-02-22,1945.37,2016-02-22,391
2016-02-23,1921.26,2016-02-23,391
2016-02-24,1929.64,2016-02-24,391
2016-02-25,1951.73,2016-02-25,391
2016-02-26,1947.99,2016-02-26,391
2016-02-29,1932.03,2016-02-29,391
2016-03-01,1978.12,2016-03-01,391
2016-03-02,1986.33,2016-03-02,391
2016-03-03,1993.4,2016-03-03,391
2016-03-04,1999.82,2016-03-04,391
2016-03-07,2001.64,2016-03-07,391
2016-03-08,1979.29,2016-03-08,391
2016-03-09,1989.12,2016-03-09,391
2016-03-10,1989.62,2016-03-10,391
2016-03-11,2022.06,2016-03-11,391
2016-03-14,2019.57,2016-03-14,391
2016-03-15,2015.91,2016-03-15,391
2016-03-16,2027.44,2016-03-16,391
2016-03-17,2040.55,2016-03-17,391
2016-03-18,2049.26,2016-03-18,391
2016-03-21,2051.55,2016-03-21,391
2016-03-22,2049.92,2016-03-22,391
2016-03-23,2036.7,2016-03-23,391
2016-03-24,2036.02,2016-03-24,391
2016-03-28,2037.06,2016-03-28,391
2016-03-29,2055.1,2016-03-29,391
2016-03-30,2064.03,2016-03-30,391
2016-03-31,2059.73,2016-03-31,391
2016-04-01,2072.89,2016-04-01,391
2016-04-04,2066.08,2016-04-04,391
2016-04-05,2045.25,2016-04-05,391
2016-04-06,2066.73,2016-04-06,391
2016-04-07,2042.03,2016-04-07,391
2016-04-08,2047.62,2016-04-08,391
2016-04-11,2042.04,2016-04-11,391
2016-04-12,2061.73,2016-04-12,391
2016-04-13,2082.44,2016-04-13,391
2016-04-14,2082.66,2016-04-14,391
2016-04-15,2080.6,2016-04-15,391
2016-04-18,2094.35,2016-04-18,391
2016-04-19,2100.75,2016-04-19,391
2016-04-20,2102.41,2016-04-20,391
2016-04-21,2091.54,2016-04-21,391
2016-04-22,2091.63,2016-04-22,391
2016-04-25,2087.81,2016-04-25,391
2016-04-26,2091.58,2016-04-26,391
2016-04-27,2095.35,2016-04-27,391
2016-04-28,2075.98,2016-04-28,391
2016-04-29,2065.42,2016-04-29,391
2016-05-02,2081.39,2016-05-02,391
2016-05-03,2063.42,2016-05-03,391
2016-05-04,2051.17,2016-05-04,391
2016-05-05,2050.58,2016-05-05,391
2016-05-06,2057.19,2016-05-06,391
2016-05-09,2058.77,2016-05-09,391
2016-05-10,2084.37,2016-05-10,391
2016-05-11,2064.54,2016-05-11,391
2016-05-12,2064.3,2016-05-12,391
2016-05-13,2046.53,2016-05-13,391
2016-05-16,2066.62,2016-05-16,391
2016-05-17,2047.06,2016-05-17,391
2016-05-18,2047.53,2016-05-18,391
2016-05-19,2039.98,2016-05-19,391
2016-05-20,2052.21,2016-05-20,391
2016-05-23,2048.3,2016-05-23,391
2016-05-24,2076.02,2016-05-24,391
2016-05-25,2090.35,2016-05-25,391
2016-05-26,2090.08,2016-05-26,391
2016-05-27,2098.9,2016-05-27,391
2016-05-31,2096.98,2016-05-31,391
2016-06-01,2099.25,2016-06-01,391
2016-06-02,2105.09,2016-06-02,391
2016-06-03,2099.12,2016-06-03,391
2016-06-06,2109.36,2016-06-06,391
2016-06-07,2112.25,2016-06-07,391
2016-06-08,2119.12,2016-06-08,391
2016-06-09,2115.54,2016-06-09,391
2016-06-10,2096.14,2016-06-10,391
2016-06-13,2079.1,2016-06-13,391
2016-06-14,2075.34,2016-06-14,391
2016-06-15,2071.73,2016-06-15,391
2016-06-16,2078.07,2016-06-16,391
2016-06-17,2071.19,2016-06-17,391
2016-06-20,2083.34,2016-06-20,391
2016-06-21,2088.86,2016-06-21,391
2016-06-22,2085.42,2016-06-22,391
2016-06-23,2113.17,2016-06-23,391
2016-06-24,2037.34,2016-06-24,391
2016-06-27,2000.58,2016-06-27,391
2016-06-28,2036.03,2016-06-28,391
2016-06-29,2070.63,2016-06-29,391
2016-06-30,2098.87,2016-06-30,391
2016-07-01,2102.73,2016-07-01,391
2016-07-05,2088.34,2016-07-05,391
2016-07-06,2099.69,2016-07-06,391
2016-07-07,2097.83,2016-07-07,391
2016-07-08,2129.63,2016-07-08,390
2016-07-11,2137.04,2016-07-11,391
2016-07-12,2152.06,2016-07-12,391
2016-07-13,2152.31,2016-07-13,391
2016-07-14,2163.64,2016-07-14,391
2016-07-15,2161.53,2016-07-15,391
2016-07-18,2166.82,2016-07-18,391
2016-07-19,2163.79,2016-07-19,391
2016-07-20,2173.01,2016-07-20,391
2016-07-21,2165.04,2016-07-21,391
2016-07-22,2174.92,2016-07-22,391
2016-07-25,2168.48,2016-07-25,391
2016-07-26,2169.16,2016-07-26,391
2016-07-27,2166.73,2016-07-27,391
2016-07-28,2170.04,2016-07-28,391
2016-07-29,2173.48,2016-07-29,391
2016-08-01,2170.79,2016-08-01,391
2016-08-02,2157.04,2016-08-02,391
2016-08-03,2163.53,2016-08-03,391
2016-08-04,2164.29,2016-08-04,391
2016-08-05,2182.64,2016-08-05,391
2016-08-08,2180.8,2016-08-08,391
2016-08-09,2181.72,2016-08-09,391
2016-08-10,2175.5,2016-08-10,391
2016-08-11,2185.78,2016-08-11,391
2016-08-12,2183.89,2016-08-12,391
2016-08-15,2190.11,2016-08-15,391
2016-08-16,2178.19,2016-08-16,391
2016-08-17,2182.03,2016-08-17,391
2016-08-18,2186.9,2016-08-18,391
2016-08-19,2183.77,2016-08-19,391
2016-08-22,2182.7,2016-08-22,391
2016-08-23,2186.9,2016-08-23,391
2016-08-24,2175.67,2016-08-24,391
2016-08-25,2172.62,2016-08-25,391
2016-08-26,2169.23,2016-08-26,391
2016-08-29,2180.41,2016-08-29,391
2016-08-30,2176.15,2016-08-30,391
2016-08-31,2170.84,2016-08-31,391
2016-09-01,2170.74,2016-09-01,391
2016-09-02,2179.95,2016-09-02,391
2016-09-06,2186.49,2016-09-06,391
2016-09-07,2186.16,2016-09-07,391
2016-09-08,2181.22,2016-09-08,391
2016-09-09,2128.01,2016-09-09,391
2016-09-12,2159.0,2016-09-12,391
2016-09-13,2127.04,2016-09-13,391
2016-09-14,2125.83,2016-09-14,391
2016-09-15,2147.29,2016-09-15,391
2016-09-16,2139.05,2016-09-16,391
2016-09-19,2139.14,2016-09-19,391
2016-09-20,2139.67,2016-09-20,391
2016-09-21,2163.09,2016-09-21,391
2016-09-22,2177.03,2016-09-22,391
2016-09-23,2164.79,2016-09-23,391
2016-09-26,2146.31,2016-09-26,391
2016-09-27,2159.9,2016-09-27,391
2016-09-28,2171.26,2016-09-28,391
2016-09-29,2151.12,2016-09-29,391
2016-09-30,2168.09,2016-09-30,391
2016-10-03,2161.03,2016-10-03,391
2016-10-04,2150.53,2016-10-04,391
2016-10-05,2159.67,2016-10-05,391
2016-10-06,2160.84,2016-10-06,391
2016-10-07,2153.74,2016-10-07,391
2016-10-10,2163.66,2016-10-10,391
2016-10-11,2136.85,2016-10-11,391
2016-10-12,2139.27,2016-10-12,391
2016-10-13,2132.64,2016-10-13,391
2016-10-14,2133.08,2016-10-14,391
2016-10-17,2126.48,2016-10-17,391
2016-10-18,2139.55,2016-10-18,391
2016-10-19,2144.33,2016-10-19,391
2016-10-20,2141.26,2016-10-20,391
2016-10-21,2141.16,2016-10-21,391
2016-10-24,2151.19,2016-10-24,391
2016-10-25,2143.24,2016-10-25,391
2016-10-26,2139.44,2016-10-26,391
2016-10-27,2133.09,2016-10-27,391
2016-10-28,2126.47,2016-10-28,391
2016-10-31,2126.23,2016-10-31,391
2016-11-01,2111.75,2016-11-01,391
2016-11-02,2098.0,2016-11-02,391
2016-11-03,2088.68,2016-11-03,391
2016-11-04,2085.27,2016-11-04,391
2016-11-07,2131.47,2016-11-07,391
2016-11-08,2139.52,2016-11-08,391
2016-11-09,2163.09,2016-11-09,391
2016-11-10,2167.59,2016-11-10,391
2016-11-11,2164.29,2016-11-11,391
2016-11-14,2164.3,2016-11-14,391
2016-11-15,2180.4,2016-11-15,391
2016-11-16,2176.95,2016-11-16,391
2016-11-17,2187.1,2016-11-17,391
2016-11-18,2182.0,2016-11-18,391
2016-11-21,2198.18,2016-11-21,391
2016-11-22,2202.89,2016-11-22,391
2016-11-23,2204.61,2016-11-23,391
2016-11-25,2213.35,2016-11-25,232
2016-11-28,2201.81,2016-11-28,391
2016-11-29,2204.76,2016-11-29,391
2016-11-30,2199.08,2016-11-30,391
2016-12-01,2191.09,2016-12-01,391
2016-12-02,2192.02,2016-12-02,391
2016-12-05,2204.71,2016-12-05,391
2016-12-06,2212.24,2016-12-06,391
2016-12-07,2241.04,2016-12-07,391
2016-12-08,2246.11,2016-12-08,391
2016-12-09,2259.53,2016-12-09,391
2016-12-12,2256.9,2016-12-12,391
2016-12-13,2271.66,2016-12-13,391
2016-12-14,2253.32,2016-12-14,391
2016-12-15,2262.02,2016-12-15,391
2016-12-16,2258.0,2016-12-16,391
2016-12-19,2262.58,2016-12-19,391
2016-12-20,2270.72,2016-12-20,391
2016-12-21,2265.27,2016-12-21,391
2016-12-22,2260.96,2016-12-22,391
2016-12-23,2263.69,2016-12-23,391
2016-12-27,2268.87,2016-12-27,391
2016-12-28,2249.95,2016-12-28,391
2016-12-29,2249.37,2016-12-29,391
2016-12-30,2239.2,2016-12-30,391
2017-01-03,2257.68,2017-01-03,391
2017-01-04,2270.7,2017-01-04,391
2017-01-05,2269.01,2017-01-05,391
2017-01-06,2277.16,2017-01-06,391
2017-01-09,2269.08,2017-01-09,391
2017-01-10,2268.94,2017-01-10,391
2017-01-11,2275.19,2017-01-11,391
2017-01-12,2270.43,2017-01-12,391
2017-01-13,2274.61,2017-01-13,391
2017-01-17,2267.83,2017-01-17,391
2017-01-18,2271.86,2017-01-18,391
2017-01-19,2263.65,2017-01-19,391
2017-01-20,2271.24,2017-01-20,391
2017-01-23,2265.32,2017-01-23,391
2017-01-24,2280.04,2017-01-24,391
2017-01-25,2298.4,2017-01-25,391
2017-01-26,2296.73,2017-01-26,391
2017-01-27,2294.55,2017-01-27,391
2017-01-30,2280.68,2017-01-30,391
2017-01-31,2278.92,2017-01-31,391
2017-02-01,2279.44,2017-02-01,391
2017-02-02,2280.85,2017-02-02,391
2017-02-03,2297.24,2017-02-03,391
2017-02-06,2292.56,2017-02-06,391
2017-02-07,2292.96,2017-02-07,391
2017-02-08,2294.65,2017-02-08,391
2017-02-09,2307.75,2017-02-09,391
2017-02-10,2316.16,2017-02-10,391
2017-02-13,2328.22,2017-02-13,391
2017-02-14,2337.46,2017-02-14,391
2017-02-15,2349.16,2017-02-15,391
2017-02-16,2347.17,2017-02-16,391
2017-02-17,2350.96,2017-02-17,391
2017-02-21,2365.08,2017-02-21,391
2017-02-22,2362.61,2017-02-22,391
2017-02-23,2363.76,2017-02-23,391
2017-02-24,2367.15,2017-02-24,391
2017-02-27,2369.72,2017-02-27,391
2017-02-28,2363.87,2017-02-28,391
2017-03-01,2395.84,2017-03-01,391
2017-03-02,2381.75,2017-03-02,391
2017-03-03,2382.88,2017-03-03,391
2017-03-06,2375.4,2017-03-06,391
2017-03-07,2368.28,2017-03-07,391
2017-03-08,2363.05,2017-03-08,391
2017-03-09,2364.96,2017-03-09,391
2017-03-10,2372.81,2017-03-10,391
2017-03-13,2373.55,2017-03-13,391
2017-03-14,2365.4,2017-03-14,391
2017-03-15,2384.86,2017-03-15,391
2017-03-16,2381.26,2017-03-16,391
2017-03-17,2378.16,2017-03-17,391
2017-03-20,2373.46,2017-03-20,391
2017-03-21,2343.98,2017-03-21,391
2017-03-22,2348.47,2017-03-22,391
2017-03-23,2346.01,2017-03-23,391
2017-03-24,2344.2,2017-03-24,391
2017-03-27,2341.58,2017-03-27,391
2017-03-28,2358.59,2017-03-28,391
2017-03-29,2361.16,2017-03-29,391
2017-03-30,2368.06,2017-03-30,391
2017-03-31,2362.69,2017-03-31,391
2017-04-03,2358.89,2017-04-03,391
2017-04-04,2360.07,2017-04-04,391
2017-04-05,2352.85,2017-04-05,391
2017-04-06,2357.55,2017-04-06,391
2017-04-07,2355.6,2017-04-07,391
2017-04-10,2357.14,2017-04-10,391
2017-04-11,2353.85,2017-04-11,391
2017-04-12,2344.82,2017-04-12,391
2017-04-13,2329.04,2017-04-13,391
2017-04-17,2349.01,2017-04-17,391
2017-04-18,2342.21,2017-04-18,391
2017-04-19,2338.04,2017-04-19,391
2017-04-20,2355.92,2017-04-20,391
2017-04-21,2348.85,2017-04-21,391
2017-04-24,2374.08,2017-04-24,391
2017-04-25,2388.56,2017-04-25,391
2017-04-26,2387.58,2017-04-26,391
2017-04-27,2388.86,2017-04-27,391
2017-04-28,2384.13,2017-04-28,391
2017-05-01,2388.81,2017-05-01,391
2017-05-02,2391.02,2017-05-02,391
2017-05-03,2387.92,2017-05-03,391
2017-05-04,2389.5,2017-05-04,391
2017-05-05,2399.27,2017-05-05,391
2017-05-08,2399.04,2017-05-08,391
2017-05-09,2396.84,2017-05-09,391
2017-05-10,2399.5,2017-05-10,391
2017-05-11,2394.57,2017-05-11,391
2017-05-12,2390.67,2017-05-12,391
2017-05-15,2402.33,2017-05-15,391
2017-05-16,2400.61,2017-05-16,391
2017-05-17,2357.34,2017-05-17,391
2017-05-18,2365.76,2017-05-18,391
2017-05-19,2381.62,2017-05-19,391
2017-05-22,2393.94,2017-05-22,391
2017-05-23,2398.5,2017-05-23,391
2017-05-24,2404.28,2017-05-24,391
2017-05-25,2415.02,2017-05-25,391
2017-05-26,2415.61,2017-05-26,391
2017-05-30,2412.92,2017-05-30,391
2017-05-31,2411.73,2017-05-31,391
2017-06-01,2429.95,2017-06-01,391
2017-06-02,2438.45,2017-06-02,391
2017-06-05,2436.18,2017-06-05,391
2017-06-06,2429.38,2017-06-06,391
2017-06-07,2433.08,2017-06-07,391
2017-06-08,2433.79,2017-06-08,391
2017-06-09,2431.58,2017-06-09,391
2017-06-12,2429.44,2017-06-12,391
2017-06-13,2440.33,2017-06-13,391
2017-06-14,2437.89,2017-06-14,391
2017-06-15,2432.51,2017-06-15,391
2017-06-16,2433.11,2017-06-16,391
2017-06-19,2453.23,2017-06-19,391
2017-06-20,2437.12,2017-06-20,391
2017-06-21,2435.8,2017-06-21,391
2017-06-22,2434.6,2017-06-22,391
2017-06-23,2438.18,2017-06-23,391
2017-06-26,2438.99,2017-06-26,391
2017-06-27,2419.58,2017-06-27,391
2017-06-28,2440.54,2017-06-28,391
2017-06-29,2419.79,2017-06-29,391
2017-06-30,2423.47,2017-06-30,391
2017-07-03,2429.01,2017-07-03,232
2017-07-05,2432.58,2017-07-05,391
2017-07-06,2409.98,2017-07-06,391
2017-07-07,2425.08,2017-07-07,391
2017-07-10,2427.53,2017-07-10,391
2017-07-11,2425.68,2017-07-11,391
2017-07-12,2443.42,2017-07-12,391
2017-07-13,2447.94,2017-07-13,391
2017-07-14,2459.23,2017-07-14,391
2017-07-17,2459.12,2017-07-17,391
2017-07-18,2460.67,2017-07-18,391
2017-07-19,2473.64,2017-07-19,391
2017-07-20,2473.88,2017-07-20,391
2017-07-21,2472.41,2017-07-21,391
2017-07-24,2470.64,2017-07-24,391
2017-07-25,2477.17,2017-07-25,391
2017-07-26,2477.87,2017-07-26,391
2017-07-27,2475.45,2017-07-27,391
2017-07-28,2472.06,2017-07-28,391
2017-07-31,2470.45,2017-07-31,391
2017-08-01,2476.26,2017-08-01,391
2017-08-02,2477.36,2017-08-02,391
2017-08-03,2472.08,2017-08-03,391
2017-08-04,2476.55,2017-08-04,391
2017-08-07,2480.81,2017-08-07,391
2017-08-08,2474.98,2017-08-08,391
2017-08-09,2473.92,2017-08-09,391
2017-08-10,2438.25,2017-08-10,391
2017-08-11,2441.39,2017-08-11,391
2017-08-14,2465.49,2017-08-14,391
2017-08-15,2464.67,2017-08-15,391
2017-08-16,2468.14,2017-08-16,391
2017-08-17,2430.13,2017-08-17,391
2017-08-18,2425.52,2017-08-18,391
2017-08-21,2428.3,2017-08-21,391
2017-08-22,2452.47,2017-08-22,391
2017-08-23,2444.03,2017-08-23,391
2017-08-24,2438.92,2017-08-24,391
2017-08-25,2443.28,2017-08-25,391
2017-08-28,2444.13,2017-08-28,391
2017-08-29,2446.3,2017-08-29,391
2017-08-30,2457.47,2017-08-30,391
2017-08-31,2471.38,2017-08-31,391
2017-09-01,2476.45,2017-09-01,391
2017-09-05,2457.97,2017-09-05,391
2017-09-06,2465.66,2017-09-06,391
2017-09-07,2465.15,2017-09-07,391
2017-09-08,2461.62,2017-09-08,391
2017-09-11,2488.02,2017-09-11,391
2017-09-12,2496.68,2017-09-12,391
2017-09-13,2498.23,2017-09-13,391
2017-09-14,2495.93,2017-09-14,391
2017-09-15,2499.99,2017-09-15,391
2017-09-18,2503.99,2017-09-18,391
2017-09-19,2506.65,2017-09-19,391
2017-09-20,2508.15,2017-09-20,391
2017-09-21,2500.74,2017-09-21,391
2017-09-22,2501.92,2017-09-22,391
2017-09-25,2496.64,2017-09-25,391
2017-09-26,2497.0,2017-09-26,391
2017-09-27,2507.14,2017-09-27,391
2017-09-28,2509.99,2017-09-28,391
2017-09-29,2519.05,2017-09-29,391
2017-10-02,2529.19,2017-10-02,391
2017-10-03,2534.59,2017-10-03,391
2017-10-04,2537.71,2017-10-04,391
2017-10-05,2552.15,2017-10-05,391
2017-10-06,2549.17,2017-10-06,391
2017-10-09,2544.65,2017-10-09,391
2017-10-10,2550.7,2017-10-10,391
2017-10-11,2555.17,2017-10-11,391
2017-10-12,2550.69,2017-10-12,391
2017-10-13,2553.43,2017-10-13,391
2017-10-16,2557.6,2017-10-16,391
2017-10-17,2559.36,2017-10-17,391
2017-10-18,2561.23,2017-10-18,391
2017-10-19,2562.22,2017-10-19,391
2017-10-20,2575.12,2017-10-20,391
2017-10-23,2565.26,2017-10-23,391
2017-10-24,2569.23,2017-10-24,391
2017-10-25,2557.16,2017-10-25,391
2017-10-26,2560.37,2017-10-26,391
2017-10-27,2581.06,2017-10-27,391
2017-10-30,2572.79,2017-10-30,391
2017-10-31,2575.22,2017-10-31,391
2017-11-01,2579.37,2017-11-01,391
2017-11-02,2579.83,2017-11-02,391
2017-11-03,2587.85,2017-11-03,391
2017-11-06,2591.16,2017-11-06,391
2017-11-07,2589.89,2017-11-07,391
2017-11-08,2594.36,2017-11-08,391
2017-11-09,2584.65,2017-11-09,391
2017-11-10,2582.31,2017-11-10,391
2017-11-13,2584.85,2017-11-13,391
2017-11-14,2578.91,2017-11-14,391
2017-11-15,2564.74,2017-11-15,391
2017-11-16,2585.67,2017-11-16,391
2017-11-17,2578.82,2017-11-17,391
2017-11-20,2582.18,2017-11-20,391
2017-11-21,2599.11,2017-11-21,391
2017-11-22,2597.07,2017-11-22,391
2017-11-24,2602.42,2017-11-24,232
2017-11-27,2601.47,2017-11-27,391
2017-11-28,2627.17,2017-11-28,391
2017-11-29,2626.05,2017-11-29,391
2017-11-30,2647.25,2017-11-30,391
2017-12-01,2642.09,2017-12-01,391
2017-12-04,2639.17,2017-12-04,391
2017-12-05,2629.58,2017-12-05,391
2017-12-06,2629.31,2017-12-06,391
2017-12-07,2637.08,2017-12-07,391
2017-12-08,2651.5,2017-12-08,391
2017-12-11,2659.96,2017-12-11,391
2017-12-12,2664.24,2017-12-12,391
2017-12-13,2663.21,2017-12-13,391
2017-12-14,2652.19,2017-12-14,391
2017-12-15,2675.49,2017-12-15,391
2017-12-18,2690.43,2017-12-18,391
2017-12-19,2681.49,2017-12-19,391
2017-12-20,2679.3,2017-12-20,391
2017-12-21,2684.64,2017-12-21,391
2017-12-22,2683.55,2017-12-22,391
2017-12-26,2680.47,2017-12-26,391
2017-12-27,2682.51,2017-12-27,391
2017-12-28,2687.45,2017-12-28,391
2017-12-29,2675.3,2017-12-29,391
2018-01-02,2695.83,2018-01-02,391
2018-01-03,2712.99,2018-01-03,391
2018-01-04,2723.92,2018-01-04,391
2018-01-05,2742.7,2018-01-05,391
2018-01-08,2747.54,2018-01-08,391
2018-01-09,2751.38,2018-01-09,391
2018-01-10,2748.19,2018-01-10,391
2018-01-11,2767.52,2018-01-11,391
2018-01-12,2786.14,2018-01-12,391
2018-01-16,2776.53,2018-01-16,391
2018-01-17,2802.61,2018-01-17,391
2018-01-18,2798.16,2018-01-18,391
2018-01-19,2810.29,2018-01-19,391
2018-01-22,2832.96,2018-01-22,391
2018-01-23,2839.25,2018-01-23,391
2018-01-24,2837.87,2018-01-24,391
2018-01-25,2839.4,2018-01-25,391
2018-01-26,2872.61,2018-01-26,391
2018-01-29,2853.4,2018-01-29,391
2018-01-30,2822.46,2018-01-30,391
2018-01-31,2824.17,2018-01-31,391
2018-02-01,2822.0,2018-02-01,391
2018-02-02,2761.44,2018-02-02,391
2018-02-05,2648.5,2018-02-05,391
2018-02-06,2695.24,2018-02-06,391
2018-02-07,2681.61,2018-02-07,391
2018-02-08,2581.14,2018-02-08,391
2018-02-09,2619.53,2018-02-09,391
2018-02-12,2655.83,2018-02-12,391
2018-02-13,2663.03,2018-02-13,391
2018-02-14,2698.82,2018-02-14,391
2018-02-15,2731.27,2018-02-15,391
2018-02-16,2732.34,2018-02-16,391
2018-02-20,2716.15,2018-02-20,391
2018-02-21,2701.41,2018-02-21,391
2018-02-22,2703.99,2018-02-22,391
2018-02-23,2747.49,2018-02-23,391
2018-02-26,2779.55,2018-02-26,391
2018-02-27,2744.24,2018-02-27,391
2018-02-28,2713.68,2018-02-28,391
2018-03-01,2676.89,2018-03-01,391
2018-03-02,2691.14,2018-03-02,391
2018-03-05,2721.01,2018-03-05,391
2018-03-06,2728.16,2018-03-06,391
2018-03-07,2726.93,2018-03-07,391
2018-03-08,2738.93,2018-03-08,391
2018-03-09,2786.46,2018-03-09,391
2018-03-12,2783.17,2018-03-12,391
2018-03-13,2765.27,2018-03-13,391
2018-03-14,2749.68,2018-03-14,391
2018-03-15,2747.34,2018-03-15,391
2018-03-16,2751.24,2018-03-16,391
2018-03-19,2712.95,2018-03-19,391
2018-03-20,2717.03,2018-03-20,391
2018-03-21,2711.93,2018-03-21,391
2018-03-22,2643.69,2018-03-22,391
2018-03-23,2588.19,2018-03-23,391
2018-03-26,2658.63,2018-03-26,391
2018-03-27,2612.61,2018-03-27,391
2018-03-28,2604.99,2018-03-28,391
2018-03-29,2641.9,2018-03-29,391
2018-04-02,2581.72,2018-04-02,391
2018-04-03,2614.45,2018-04-03,391
2018-04-04,2644.73,2018-04-04,391
2018-04-05,2662.77,2018-04-05,391
2018-04-06,2604.32,2018-04-06,391
2018-04-09,2613.32,2018-04-09,391
2018-04-10,2656.85,2018-04-10,391
2018-04-11,2642.24,2018-04-11,391
2018-04-12,2664.03,2018-04-12,391
2018-04-13,2656.31,2018-04-13,391
2018-04-16,2677.94,2018-04-16,391
2018-04-17,2706.33,2018-04-17,391
2018-04-18,2708.62,2018-04-18,391
2018-04-19,2693.16,2018-04-19,391
2018-04-20,2670.22,2018-04-20,391
2018-04-23,2670.26,2018-04-23,391
2018-04-24,2634.52,2018-04-24,391
2018-04-25,2639.34,2018-04-25,391
2018-04-26,2667.17,2018-04-26,391
2018-04-27,2669.98,2018-04-27,391
2018-04-30,2648.19,2018-04-30,391
2018-05-01,2654.57,2018-05-01,391
2018-05-02,2635.59,2018-05-02,391
2018-05-03,2629.7,2018-05-03,391
2018-05-04,2663.44,2018-05-04,391
2018-05-07,2672.56,2018-05-07,391
2018-05-08,2671.96,2018-05-08,391
2018-05-09,2697.75,2018-05-09,391
2018-05-10,2722.92,2018-05-10,391
2018-05-11,2727.69,2018-05-11,391
2018-05-14,2730.47,2018-05-14,391
2018-05-15,2711.45,2018-05-15,391
2018-05-16,2722.5,2018-05-16,391
2018-05-17,2720.1,2018-05-17,391
2018-05-18,2713.02,2018-05-18,391
2018-05-21,2733.04,2018-05-21,391
2018-05-22,2724.63,2018-05-22,391
2018-05-23,2733.21,2018-05-23,391
2018-05-24,2727.74,2018-05-24,391
2018-05-25,2721.25,2018-05-25,391
2018-05-29,2689.89,2018-05-29,391
2018-05-30,2724.07,2018-05-30,391
2018-05-31,2705.24,2018-05-31,391
2018-06-01,2734.44,2018-06-01,391
2018-06-04,2746.87,2018-06-04,391
2018-06-05,2748.94,2018-06-05,391
2018-06-06,2772.24,2018-06-06,391
2018-06-07,2770.19,2018-06-07,391
2018-06-08,2778.87,2018-06-08,391
2018-06-11,2782.16,2018-06-11,391
2018-06-12,2786.81,2018-06-12,391
2018-06-13,2775.7,2018-06-13,391
2018-06-14,2782.68,2018-06-14,391
2018-06-15,2779.42,2018-06-15,391
2018-06-18,2773.86,2018-06-18,391
2018-06-19,2762.57,2018-06-19,391
2018-06-20,2767.42,2018-06-20,391
2018-06-21,2749.73,2018-06-21,391
2018-06-22,2754.83,2018-06-22,391
2018-06-25,2717.05,2018-06-25,391
2018-06-26,2722.98,2018-06-26,391
2018-06-27,2699.74,2018-06-27,391
2018-06-28,2716.38,2018-06-28,391
2018-06-29,2718.66,2018-06-29,391
2018-07-02,2726.39,2018-07-02,391
2018-07-03,2713.22,2018-07-03,232
2018-07-05,2736.77,2018-07-05,391
2018-07-06,2759.7,2018-07-06,391
2018-07-09,2784.25,2018-07-09,391
2018-07-10,2793.78,2018-07-10,391
2018-07-11,2774.07,2018-07-11,391
2018-07-12,2798.34,2018-07-12,391
2018-07-13,2801.22,2018-07-13,391
2018-07-16,2798.43,2018-07-16,391
2018-07-17,2809.74,2018-07-17,391
2018-07-18,2815.62,2018-07-18,391
2018-07-19,2804.55,2018-07-19,391
2018-07-20,2801.92,2018-07-20,391
2018-07-23,2806.97,2018-07-23,391
2018-07-24,2820.25,2018-07-24,391
2018-07-25,2846.04,2018-07-25,391
2018-07-26,2837.47,2018-07-26,391
2018-07-27,2818.92,2018-07-27,391
2018-07-30,2802.69,2018-07-30,391
2018-07-31,2816.17,2018-07-31,391
2018-08-01,2813.58,2018-08-01,391
2018-08-02,2827.29,2018-08-02,391
2018-08-03,2840.3,2018-08-03,391
2018-08-06,2850.5,2018-08-06,391
2018-08-07,2858.55,2018-08-07,391
2018-08-08,2857.74,2018-08-08,391
2018-08-09,2853.59,2018-08-09,391
2018-08-10,2833.22,2018-08-10,391
2018-08-13,2821.96,2018-08-13,391
2018-08-14,2840.01,2018-08-14,391
2018-08-15,2818.45,2018-08-15,391
2018-08-16,2840.73,2018-08-16,391
2018-08-17,2850.11,2018-08-17,391
2018-08-20,2857.07,2018-08-20,391
2018-08-21,2862.84,2018-08-21,391
2018-08-22,2861.85,2018-08-22,391
2018-08-23,2857.04,2018-08-23,391
2018-08-24,2874.77,2018-08-24,391
2018-08-27,2896.68,2018-08-27,391
2018-08-28,2897.63,2018-08-28,391
2018-08-29,2914.09,2018-08-29,391
2018-08-30,2901.14,2018-08-30,391
2018-08-31,2901.19,2018-08-31,391
2018-09-04,2896.72,2018-09-04,391
2018-09-05,2888.69,2018-09-05,391
2018-09-06,2878.11,2018-09-06,391
2018-09-07,2871.8,2018-09-07,391
2018-09-10,2877.28,2018-09-10,391
2018-09-11,2887.96,2018-09-11,391
2018-09-12,2888.85,2018-09-12,391
2018-09-13,2904.22,2018-09-13,391
2018-09-14,2905.04,2018-09-14,391
2018-09-17,2888.9,2018-09-17,391
2018-09-18,2904.38,2018-09-18,391
2018-09-19,2907.94,2018-09-19,391
2018-09-20,2930.87,2018-09-20,391
2018-09-21,2929.07,2018-09-21,391
2018-09-24,2919.36,2018-09-24,391
2018-09-25,2915.62,2018-09-25,391
2018-09-26,2906.33,2018-09-26,391
2018-09-27,2914.15,2018-09-27,391
2018-09-28,2913.92,2018-09-28,391
2018-10-01,2924.72,2018-10-01,391
2018-10-02,2923.45,2018-10-02,391
2018-10-03,2925.53,2018-10-03,391
2018-10-04,2901.59,2018-10-04,391
2018-10-05,2885.57,2018-10-05,391
2018-10-08,2884.7,2018-10-08,391
2018-10-09,2880.41,2018-10-09,391
2018-10-10,2786.19,2018-10-10,391
2018-10-11,2728.35,2018-10-11,391
2018-10-12,2766.91,2018-10-12,391
2018-10-15,2750.78,2018-10-15,391
2018-10-16,2809.86,2018-10-16,391
2018-10-17,2809.18,2018-10-17,391
2018-10-18,2769.24,2018-10-18,391
2018-10-19,2767.58,2018-10-19,391
2018-10-22,2755.84,2018-10-22,391
2018-10-23,2740.66,2018-10-23,391
2018-10-24,2656.3,2018-10-24,391
2018-10-25,2705.65,2018-10-25,391
2018-10-26,2658.39,2018-10-26,391
2018-10-29,2641.14,2018-10-29,391
2018-10-30,2682.61,2018-10-30,391
2018-10-31,2711.59,2018-10-31,391
2018-11-01,2740.29,2018-11-01,391
2018-11-02,2722.67,2018-11-02,391
2018-11-05,2738.33,2018-11-05,391
2018-11-06,2755.47,2018-11-06,391
2018-11-07,2813.69,2018-11-07,391
2018-11-08,2806.81,2018-11-08,391
2018-11-09,2781.13,2018-11-09,391
2018-11-12,2726.32,2018-11-12,391
2018-11-13,2722.08,2018-11-13,391
2018-11-14,2701.8,2018-11-14,391
2018-11-15,2730.4,2018-11-15,391
2018-11-16,2736.36,2018-11-16,391
2018-11-19,2690.8,2018-11-19,391
2018-11-20,2641.71,2018-11-20,391
2018-11-21,2649.98,2018-11-21,391
2018-11-23,2632.56,2018-11-23,232
2018-11-26,2673.58,2018-11-26,391
2018-11-27,2682.17,2018-11-27,391
2018-11-28,2743.84,2018-11-28,391
2018-11-29,2737.85,2018-11-29,391
2018-11-30,2759.14,2018-11-30,391
2018-12-03,2790.32,2018-12-03,391
2018-12-04,2700.49,2018-12-04,391
2018-12-06,2695.93,2018-12-06,391
2018-12-07,2633.07,2018-12-07,391
2018-12-10,2637.52,2018-12-10,391
2018-12-11,2636.85,2018-12-11,391
2018-12-12,2651.35,2018-12-12,391
2018-12-13,2650.33,2018-12-13,391
2018-12-14,2600.15,2018-12-14,391
2018-12-17,2546.02,2018-12-17,391
2018-12-18,2546.07,2018-12-18,391
2018-12-19,2506.87,2018-12-19,391
2018-12-20,2467.05,2018-12-20,391
2018-12-21,2416.54,2018-12-21,391
2018-12-24,2351.1,2018-12-24,232
2018-12-26,2467.71,2018-12-26,391
2018-12-27,2488.14,2018-12-27,391
2018-12-28,2485.63,2018-12-28,391
2018-12-31,2507.01,2018-12-31,391
2019-01-02,2509.97,2019-01-02,391
2019-01-03,2447.92,2019-01-03,391
2019-01-04,2531.84,2019-01-04,391
2019-01-07,2549.91,2019-01-07,391
2019-01-08,2574.42,2019-01-08,391
2019-01-09,2584.97,2019-01-09,391
2019-01-10,2596.46,2019-01-10,391
2019-01-11,2596.12,2019-01-11,391
2019-01-14,2582.28,2019-01-14,391
2019-01-15,2610.27,2019-01-15,391
2019-01-16,2615.82,2019-01-16,391
2019-01-17,2635.96,2019-01-17,391
2019-01-18,2672.18,2019-01-18,391
2019-01-22,2633.17,2019-01-22,391
2019-01-23,2638.73,2019-01-23,391
2019-01-24,2642.25,2019-01-24,391
2019-01-25,2663.59,2019-01-25,391
2019-01-28,2643.79,2019-01-28,391
2019-01-29,2640.0,2019-01-29,391
2019-01-30,2681.29,2019-01-30,391
2019-01-31,2704.66,2019-01-31,391
2019-02-01,2706.24,2019-02-01,391
2019-02-04,2724.86,2019-02-04,391
2019-02-05,2737.55,2019-02-05,391
2019-02-06,2731.72,2019-02-06,391
2019-02-07,2706.11,2019-02-07,391
2019-02-08,2707.82,2019-02-08,391
2019-02-11,2709.68,2019-02-11,391
2019-02-12,2744.57,2019-02-12,391
2019-02-13,2752.2,2019-02-13,391
2019-02-14,2745.68,2019-02-14,391
2019-02-15,2775.59,2019-02-15,391
2019-02-19,2779.83,2019-02-19,391
2019-02-20,2784.91,2019-02-20,391
2019-02-21,2775.03,2019-02-21,391
2019-02-22,2792.65,2019-02-22,391
2019-02-25,2796.09,2019-02-25,391
2019-02-26,2793.81,2019-02-26,391
2019-02-27,2792.34,2019-02-27,391
2019-02-28,2784.59,2019-02-28,391
2019-03-01,2803.88,2019-03-01,391
2019-03-04,2792.98,2019-03-04,391
2019-03-05,2789.65,2019-03-05,391
2019-03-06,2771.49,2019-03-06,391
2019-03-07,2748.91,2019-03-07,391
2019-03-08,2743.01,2019-03-08,391
2019-03-11,2783.27,2019-03-11,391
2019-03-12,2791.89,2019-03-12,391
2019-03-13,2811.0,2019-03-13,391
2019-03-14,2808.58,2019-03-14,391
2019-03-15,2822.41,2019-03-15,391
2019-03-18,2833.03,2019-03-18,391
2019-03-19,2832.96,2019-03-19,391
2019-03-20,2824.19,2019-03-20,391
2019-03-21,2854.99,2019-03-21,391
2019-03-22,2800.75,2019-03-22,391
2019-03-25,2798.4,2019-03-25,391
2019-03-26,2818.45,2019-03-26,391
2019-03-27,2805.34,2019-03-27,391
2019-03-28,2815.42,2019-03-28,391
2019-03-29,2834.38,2019-03-29,391
2019-04-01,2867.13,2019-04-01,391
2019-04-02,2867.28,2019-04-02,391
2019-04-03,2873.33,2019-04-03,391
2019-04-04,2879.41,2019-04-04,391
2019-04-05,2892.68,2019-04-05,391
2019-04-08,2895.69,2019-04-08,391
2019-04-09,2878.45,2019-04-09,391
2019-04-10,2888.42,2019-04-10,391
2019-04-11,2888.32,2019-04-11,391
2019-04-12,2907.48,2019-04-12,391
2019-04-15,2905.54,2019-04-15,391
2019-04-16,2907.12,2019-04-16,391
2019-04-17,2900.46,2019-04-17,391
2019-04-18,2905.11,2019-04-18,391
2019-04-22,2907.99,2019-04-22,391
2019-04-23,2933.59,2019-04-23,391
2019-04-24,2927.29,2019-04-24,391
2019-04-25,2926.28,2019-04-25,391
2019-04-26,2939.76,2019-04-26,391
2019-04-29,2943.0,2019-04-29,391
2019-04-30,2945.4,2019-04-30,391
2019-05-01,2923.63,2019-05-01,391
2019-05-02,2917.55,2019-05-02,391
2019-05-03,2945.4,2019-05-03,391
2019-05-06,2932.58,2019-05-06,391
2019-05-07,2884.11,2019-05-07,391
2019-05-08,2879.66,2019-05-08,391
2019-05-09,2870.63,2019-05-09,391
2019-05-10,2881.6,2019-05-10,391
2019-05-13,2811.85,2019-05-13,391
2019-05-14,2834.55,2019-05-14,391
2019-05-15,2851.17,2019-05-15,391
2019-05-16,2876.34,2019-05-16,391
2019-05-17,2859.42,2019-05-17,391
2019-05-20,2840.01,2019-05-20,391
2019-05-21,2864.48,2019-05-21,391
2019-05-22,2856.26,2019-05-22,391
2019-05-23,2822.3,2019-05-23,391
2019-05-24,2826.39,2019-05-24,391
2019-05-28,2802.08,2019-05-28,391
2019-05-29,2782.8,2019-05-29,391
2019-05-30,2788.88,2019-05-30,391
2019-05-31,2752.02,2019-05-31,391
2019-06-03,2744.2,2019-06-03,391
2019-06-04,2803.16,2019-06-04,391
2019-06-05,2826.21,2019-06-05,391
2019-06-06,2843.67,2019-06-06,391
2019-06-07,2873.19,2019-06-07,391
2019-06-10,2886.43,2019-06-10,391
2019-06-11,2885.71,2019-06-11,391
2019-06-12,2880.01,2019-06-12,391
2019-06-13,2891.77,2019-06-13,391
2019-06-14,2887.01,2019-06-14,391
2019-06-17,2889.6,2019-06-17,391
2019-06-18,2917.81,2019-06-18,391
2019-06-19,2926.42,2019-06-19,391
2019-06-20,2954.18,2019-06-20,391
2019-06-21,2950.59,2019-06-21,391
2019-06-24,2945.44,2019-06-24,391
2019-06-25,2917.45,2019-06-25,391
2019-06-26,2913.85,2019-06-26,391
2019-06-27,2924.73,2019-06-27,391
2019-06-28,2940.87,2019-06-28,391
2019-07-01,2964.41,2019-07-01,391
2019-07-02,2973.04,2019-07-02,391
2019-07-03,2995.82,2019-07-03,232
2019-07-05,2990.49,2019-07-05,391
2019-07-08,2975.99,2019-07-08,391
2019-07-09,2979.67,2019-07-09,391
2019-07-10,2993.0,2019-07-10,391
2019-07-11,2999.9,2019-07-11,391
2019-07-12,3013.67,2019-07-12,391
2019-07-15,3014.27,2019-07-15,391
2019-07-16,3003.92,2019-07-16,391
2019-07-17,2984.4,2019-07-17,391
2019-07-18,2995.05,2019-07-18,391
2019-07-19,2976.74,2019-07-19,391
2019-07-22,2985.06,2019-07-22,391
2019-07-23,3005.53,2019-07-23,391
2019-07-24,3019.5,2019-07-24,391
2019-07-25,3003.85,2019-07-25,391
2019-07-26,3025.87,2019-07-26,391
2019-07-29,3020.89,2019-07-29,391
2019-07-30,3013.24,2019-07-30,391
2019-07-31,2980.14,2019-07-31,391
2019-08-01,2953.55,2019-08-01,391
2019-08-02,2932.06,2019-08-02,391
2019-08-05,2844.74,2019-08-05,391
2019-08-06,2881.83,2019-08-06,391
2019-08-07,2884.03,2019-08-07,391
2019-08-08,2938.43,2019-08-08,391
2019-08-09,2918.82,2019-08-09,391
2019-08-12,2882.36,2019-08-12,391
2019-08-13,2922.56,2019-08-13,391
2019-08-14,2840.48,2019-08-14,391
2019-08-15,2847.64,2019-08-15,391
2019-08-16,2888.81,2019-08-16,391
2019-08-19,2923.52,2019-08-19,391
2019-08-20,2900.81,2019-08-20,391
2019-08-21,2924.45,2019-08-21,391
2019-08-22,2923.06,2019-08-22,391
2019-08-23,2847.48,2019-08-23,391
2019-08-26,2878.68,2019-08-26,391
2019-08-27,2868.82,2019-08-27,391
2019-08-28,2887.97,2019-08-28,391
2019-08-29,2924.57,2019-08-29,391
2019-08-30,2925.65,2019-08-30,391
2019-09-03,2906.35,2019-09-03,391
2019-09-04,2937.81,2019-09-04,391
2019-09-05,2975.96,2019-09-05,391
2019-09-06,2978.73,2019-09-06,391
2019-09-09,2978.47,2019-09-09,391
2019-09-10,2979.14,2019-09-10,391
2019-09-11,3000.7,2019-09-11,391
2019-09-12,3009.7,2019-09-12,391
2019-09-13,3007.11,2019-09-13,391
2019-09-16,2997.92,2019-09-16,391
2019-09-17,3005.37,2019-09-17,391
2019-09-18,3006.71,2019-09-18,391
2019-09-19,3006.54,2019-09-19,391
2019-09-20,2991.68,2019-09-20,391
2019-09-23,2991.77,2019-09-23,391
2019-09-24,2966.92,2019-09-24,391
2019-09-25,2984.92,2019-09-25,391
2019-09-26,2977.86,2019-09-26,391
2019-09-27,2961.97,2019-09-27,391
2019-09-30,2976.73,2019-09-30,391
2019-10-01,2940.16,2019-10-01,391
2019-10-02,2887.88,2019-10-02,391
2019-10-03,2910.86,2019-10-03,391
2019-10-04,2951.78,2019-10-04,391
2019-10-07,2938.63,2019-10-07,391
2019-10-08,2892.99,2019-10-08,391
2019-10-09,2919.49,2019-10-09,391
2019-10-10,2938.33,2019-10-10,391
2019-10-11,2970.0,2019-10-11,391
2019-10-14,2966.18,2019-10-14,391
2019-10-15,2995.63,2019-10-15,391
2019-10-16,2989.97,2019-10-16,391
2019-10-17,2998.05,2019-10-17,391
2019-10-18,2986.12,2019-10-18,391
2019-10-21,3006.71,2019-10-21,391
2019-10-22,2996.15,2019-10-22,391
2019-10-23,3004.54,2019-10-23,391
2019-10-24,3010.15,2019-10-24,391
2019-10-25,3022.27,2019-10-25,391
2019-10-28,3039.33,2019-10-28,391
2019-10-29,3036.78,2019-10-29,391
2019-10-30,3046.93,2019-10-30,391
2019-10-31,3037.64,2019-10-31,391
2019-11-01,3066.89,2019-11-01,391
2019-11-04,3078.35,2019-11-04,391
2019-11-05,3074.75,2019-11-05,391
2019-11-06,3076.73,2019-11-06,391
2019-11-07,3085.35,2019-11-07,391
2019-11-08,3092.97,2019-11-08,391
2019-11-11,3087.02,2019-11-11,391
2019-11-12,3091.92,2019-11-12,391
2019-11-13,3093.91,2019-11-13,391
2019-11-14,3096.78,2019-11-14,391
2019-11-15,3120.35,2019-11-15,391
2019-11-18,3121.83,2019-11-18,391
2019-11-19,3120.14,2019-11-19,391
2019-11-20,3108.37,2019-11-20,391
2019-11-21,3103.44,2019-11-21,391
2019-11-22,3110.18,2019-11-22,391
2019-11-25,3133.55,2019-11-25,391
2019-11-26,3140.38,2019-11-26,391
2019-11-27,3153.72,2019-11-27,391
2019-11-29,3140.98,2019-11-29,232
2019-12-02,3114.22,2019-12-02,391
2019-12-03,3093.27,2019-12-03,391
2019-12-04,3112.89,2019-12-04,391
2019-12-05,3117.64,2019-12-05,391
2019-12-06,3145.88,2019-12-06,391
2019-12-09,3135.95,2019-12-09,391
2019-12-10,3132.5,2019-12-10,391
2019-12-11,3141.53,2019-12-11,391
2019-12-12,3168.52,2019-12-12,391
2019-12-13,3168.74,2019-12-13,391
2019-12-16,3191.41,2019-12-16,391
2019-12-17,3192.25,2019-12-17,391
2019-12-18,3191.29,2019-12-18,391
2019-12-19,3205.27,2019-12-19,391
2019-12-20,3221.18,2019-12-20,391
2019-12-23,3224.01,2019-12-23,391
2019-12-24,3223.38,2019-12-24,232
2019-12-26,3240.0,2019-12-26,391
2019-12-27,3239.97,2019-12-27,391
2019-12-30,3221.4,2019-12-30,391
2019-12-31,3230.38,2019-12-31,391
2020-01-02,3257.98,2020-01-02,391
2020-01-03,3234.57,2020-01-03,391
2020-01-06,3246.28,2020-01-06,391
2020-01-07,3237.18,2020-01-07,391
2020-01-08,3253.06,2020-01-08,391
2020-01-09,3274.66,2020-01-09,391
2020-01-10,3265.34,2020-01-10,391
2020-01-13,3288.05,2020-01-13,391
2020-01-14,3282.89,2020-01-14,391
2020-01-15,3289.4,2020-01-15,391
2020-01-16,3316.93,2020-01-16,391
2020-01-17,3329.37,2020-01-17,391
2020-01-21,3320.86,2020-01-21,391
2020-01-22,3321.76,2020-01-22,391
2020-01-23,3325.49,2020-01-23,391
2020-01-24,3295.42,2020-01-24,391
2020-01-27,3243.36,2020-01-27,391
2020-01-28,3276.21,2020-01-28,391
2020-01-29,3273.5,2020-01-29,391
2020-01-30,3283.57,2020-01-30,391
2020-01-31,3225.04,2020-01-31,391
2020-02-03,3248.82,2020-02-03,391
2020-02-04,3297.64,2020-02-04,391
2020-02-05,3334.7,2020-02-05,391
2020-02-06,3345.76,2020-02-06,391
2020-02-07,3327.66,2020-02-07,391
2020-02-10,3352.13,2020-02-10,391
2020-02-11,3357.8,2020-02-11,391
2020-02-12,3379.36,2020-02-12,391
2020-02-13,3374.2,2020-02-13,391
2020-02-14,3380.03,2020-02-14,391
2020-02-18,3370.37,2020-02-18,391
2020-02-19,3386.1,2020-02-19,391
2020-02-20,3373.0,2020-02-20,391
2020-02-21,3337.72,2020-02-21,391
2020-02-24,3225.95,2020-02-24,391
2020-02-25,3128.44,2020-02-25,391
2020-02-26,3116.53,2020-02-26,391
2020-02-27,2978.43,2020-02-27,391
2020-02-28,2954.21,2020-02-28,391
2020-03-02,3090.52,2020-03-02,391
2020-03-03,3003.04,2020-03-03,391
2020-03-04,3130.09,2020-03-04,391
2020-03-05,3024.03,2020-03-05,391
2020-03-06,2972.44,2020-03-06,391
2020-03-09,2745.82,2020-03-09,391
2020-03-10,2881.84,2020-03-10,391
2020-03-11,2741.31,2020-03-11,391
2020-03-12,2480.69,2020-03-12,391
2020-03-13,2708.62,2020-03-13,391
2020-03-16,2386.13,2020-03-16,391
2020-03-17,2528.96,2020-03-17,391
2020-03-18,2398.33,2020-03-18,391
2020-03-19,2409.5,2020-03-19,391
2020-03-20,2304.12,2020-03-20,391
2020-03-23,2236.7,2020-03-23,391
2020-03-24,2446.39,2020-03-24,391
2020-03-25,2474.99,2020-03-25,391
2020-03-26,2627.3,2020-03-26,391
2020-03-27,2541.45,2020-03-27,391
2020-03-30,2626.49,2020-03-30,391
2020-03-31,2584.47,2020-03-31,391
2020-04-01,2470.72,2020-04-01,391
2020-04-02,2526.59,2020-04-02,391
2020-04-03,2488.56,2020-04-03,391
2020-04-06,2661.51,2020-04-06,391
2020-04-07,2658.85,2020-04-07,391
2020-04-08,2749.27,2020-04-08,391
2020-04-09,2789.47,2020-04-09,391
2020-04-13,2761.75,2020-04-13,391
2020-04-14,2845.75,2020-04-14,391
2020-04-15,2783.82,2020-04-15,391
2020-04-16,2799.36,2020-04-16,391
2020-04-17,2874.06,2020-04-17,391
2020-04-20,2822.89,2020-04-20,391
2020-04-21,2736.49,2020-04-21,391
2020-04-22,2798.7,2020-04-22,391
2020-04-23,2797.66,2020-04-23,391
2020-04-24,2836.6,2020-04-24,391
2020-04-27,2877.87,2020-04-27,391
2020-04-28,2863.57,2020-04-28,391
2020-04-29,2939.56,2020-04-29,391
2020-04-30,2911.97,2020-04-30,391
2020-05-01,2831.3,2020-05-01,391
2020-05-04,2842.74,2020-05-04,391
2020-05-05,2868.44,2020-05-05,391
2020-05-06,2848.42,2020-05-06,391
2020-05-07,2881.19,2020-05-07,391
2020-05-08,2929.8,2020-05-08,391
2020-05-11,2930.19,2020-05-11,391
2020-05-12,2870.12,2020-05-12,391
2020-05-13,2820.0,2020-05-13,391
2020-05-14,2852.5,2020-05-14,391
2020-05-15,2863.7,2020-05-15,391
2020-05-18,2953.91,2020-05-18,391
2020-05-19,2922.94,2020-05-19,391
2020-05-20,2971.61,2020-05-20,391
2020-05-21,2948.51,2020-05-21,391
2020-05-22,2955.45,2020-05-22,391
2020-05-26,2991.77,2020-05-26,391
2020-05-27,3036.13,2020-05-27,391
2020-05-28,3029.73,2020-05-28,391
2020-05-29,3044.31,2020-05-29,391
2020-06-01,3055.73,2020-06-01,391
2020-06-02,3080.82,2020-06-02,391
2020-06-03,3122.87,2020-06-03,391
2020-06-04,3112.35,2020-06-04,391
2020-06-05,3193.93,2020-06-05,391
2020-06-08,3232.39,2020-06-08,391
2020-06-09,3207.18,2020-06-09,391
2020-06-10,3190.14,2020-06-10,391
2020-06-11,3002.1,2020-06-11,391
2020-06-12,3041.31,2020-06-12,391
2020-06-15,3066.59,2020-06-15,391
2020-06-16,3124.74,2020-06-16,391
2020-06-17,3113.41,2020-06-17,391
2020-06-18,3115.31,2020-06-18,391
2020-06-19,3097.95,2020-06-19,391
2020-06-22,3118.16,2020-06-22,391
2020-06-23,3131.24,2020-06-23,391
2020-06-24,3050.47,2020-06-24,391
2020-06-25,3083.67,2020-06-25,391
2020-06-26,3009.01,2020-06-26,391
2020-06-29,3053.31,2020-06-29,391
2020-06-30,3100.06,2020-06-30,391
2020-07-01,3115.93,2020-07-01,391
2020-07-02,3130.05,2020-07-02,391
2020-07-06,3179.67,2020-07-06,391
2020-07-07,3145.37,2020-07-07,391
2020-07-08,3170.04,2020-07-08,391
2020-07-09,3152.16,2020-07-09,391
2020-07-10,3184.92,2020-07-10,391
2020-07-13,3155.35,2020-07-13,391
2020-07-14,3197.61,2020-07-14,391
2020-07-15,3226.63,2020-07-15,391
2020-07-16,3215.59,2020-07-16,391
2020-07-17,3224.75,2020-07-17,391
2020-07-20,3251.84,2020-07-20,391
2020-07-21,3257.31,2020-07-21,391
2020-07-22,3276.08,2020-07-22,391
2020-07-23,3235.65,2020-07-23,391
2020-07-24,3215.62,2020-07-24,391
2020-07-27,3239.51,2020-07-27,391
2020-07-28,3218.54,2020-07-28,391
2020-07-29,3258.61,2020-07-29,391
2020-07-30,3246.41,2020-07-30,391
2020-07-31,3271.26,2020-07-31,391
2020-08-03,3294.62,2020-08-03,391
2020-08-04,3306.61,2020-08-04,391
2020-08-05,3327.73,2020-08-05,391
2020-08-06,3349.16,2020-08-06,391
2020-08-07,3351.32,2020-08-07,391
2020-08-10,3360.59,2020-08-10,391
2020-08-11,3333.76,2020-08-11,391
2020-08-12,3380.35,2020-08-12,391
2020-08-13,3373.43,2020-08-13,391
2020-08-14,3372.89,2020-08-14,391
2020-08-17,3382.09,2020-08-17,391
2020-08-18,3389.79,2020-08-18,391
2020-08-19,3374.95,2020-08-19,391
2020-08-20,3385.56,2020-08-20,391
2020-08-21,3397.24,2020-08-21,391
2020-08-24,3431.41,2020-08-24,391
2020-08-25,3443.67,2020-08-25,391
2020-08-26,3478.81,2020-08-26,391
2020-08-27,3484.59,2020-08-27,391
2020-08-28,3507.95,2020-08-28,391
2020-08-31,3499.95,2020-08-31,391
2020-09-01,3526.68,2020-09-01,391
2020-09-02,3580.64,2020-09-02,391
2020-09-03,3454.89,2020-09-03,391
2020-09-04,3426.86,2020-09-04,391
2020-09-08,3331.85,2020-09-08,391
2020-09-09,3399.06,2020-09-09,391
2020-09-10,3338.95,2020-09-10,391
2020-09-11,3340.9,2020-09-11,391
2020-09-14,3383.45,2020-09-14,391
2020-09-15,3401.13,2020-09-15,391
2020-09-16,3385.58,2020-09-16,391
2020-09-17,3357.04,2020-09-17,391
2020-09-18,3319.28,2020-09-18,391
2020-09-21,3281.1,2020-09-21,391
2020-09-22,3315.5,2020-09-22,391
2020-09-23,3236.96,2020-09-23,391
2020-09-24,3246.54,2020-09-24,391
2020-09-25,3298.48,2020-09-25,391
2020-09-28,3351.76,2020-09-28,391
2020-09-29,3335.38,2020-09-29,391
2020-09-30,3362.69,2020-09-30,391
2020-10-01,3380.76,2020-10-01,391
2020-10-02,3348.47,2020-10-02,391
2020-10-05,3408.56,2020-10-05,391
2020-10-06,3360.75,2020-10-06,391
2020-10-07,3419.35,2020-10-07,391
2020-10-08,3446.85,2020-10-08,391
2020-10-09,3477.1,2020-10-09,391
2020-10-12,3534.08,2020-10-12,391
2020-10-13,3511.76,2020-10-13,391
2020-10-14,3488.62,2020-10-14,391
2020-10-15,3483.34,2020-10-15,391
2020-10-16,3483.91,2020-10-16,391
2020-10-19,3427.01,2020-10-19,391
2020-10-20,3443.14,2020-10-20,391
2020-10-21,3435.34,2020-10-21,391
2020-10-22,3453.58,2020-10-22,391
2020-10-23,3465.59,2020-10-23,391
2020-10-26,3401.05,2020-10-26,391
2020-10-27,3390.75,2020-10-27,391
2020-10-28,3271.33,2020-10-28,391
2020-10-29,3310.14,2020-10-29,391
2020-10-30,3270.14,2020-10-30,391
2020-11-02,3310.14,2020-11-02,391
2020-11-03,3369.12,2020-11-03,391
2020-11-04,3443.53,2020-11-04,391
2020-11-05,3510.41,2020-11-05,391
2020-11-06,3509.52,2020-11-06,391
2020-11-09,3550.64,2020-11-09,391
2020-11-10,3545.44,2020-11-10,391
2020-11-11,3572.7,2020-11-11,391
2020-11-12,3537.0,2020-11-12,391
2020-11-13,3585.19,2020-11-13,391
2020-11-16,3627.12,2020-11-16,391
2020-11-17,3609.6,2020-11-17,391
2020-11-18,3567.75,2020-11-18,391
2020-11-19,3581.85,2020-11-19,391
2020-11-20,3557.65,2020-11-20,391
2020-11-23,3577.72,2020-11-23,391
2020-11-24,3635.41,2020-11-24,391
2020-11-25,3629.68,2020-11-25,391
2020-11-27,3638.35,2020-11-27,232
2020-11-30,3621.82,2020-11-30,391
2020-12-01,3662.41,2020-12-01,391
2020-12-02,3668.99,2020-12-02,391
2020-12-03,3666.74,2020-12-03,391
2020-12-04,3699.13,2020-12-04,391
2020-12-07,3691.94,2020-12-07,391
2020-12-08,3702.2,2020-12-08,391
2020-12-09,3672.48,2020-12-09,391
2020-12-10,3668.05,2020-12-10,391
2020-12-11,3663.45,2020-12-11,391
2020-12-14,3647.33,2020-12-14,391
2020-12-15,3694.74,2020-12-15,391
2020-12-16,3701.26,2020-12-16,391
2020-12-17,3722.42,2020-12-17,391
2020-12-18,3709.83,2020-12-18,391
2020-12-21,3694.94,2020-12-21,391
2020-12-22,3687.27,2020-12-22,391
2020-12-23,3689.98,2020-12-23,391
2020-12-24,3703.06,2020-12-24,232
2020-12-28,3735.36,2020-12-28,391
2020-12-29,3727.04,2020-12-29,391
2020-12-30,3732.04,2020-12-30,391
2020-12-31,3756.07,2020-12-31,391
2021-01-04,3700.65,2021-01-04,391
2021-01-05,3726.86,2021-01-05,391
2021-01-06,3748.14,2021-01-06,391
2021-01-07,3803.79,2021-01-07,391
2021-01-08,3824.68,2021-01-08,391
2021-01-11,3799.61,2021-01-11,391
2021-01-12,3801.19,2021-01-12,391
2021-01-13,3809.84,2021-01-13,391
2021-01-14,3795.54,2021-01-14,391
2021-01-15,3768.25,2021-01-15,391
2021-01-19,3798.91,2021-01-19,391
2021-01-20,3851.85,2021-01-20,391
2021-01-21,3853.07,2021-01-21,391
2021-01-22,3841.47,2021-01-22,391
2021-01-25,3855.34,2021-01-25,391
2021-01-26,3849.55,2021-01-26,391
2021-01-27,3750.95,2021-01-27,391
2021-01-28,3787.26,2021-01-28,391
2021-01-29,3714.04,2021-01-29,391
2021-02-01,3773.77,2021-02-01,391
2021-02-02,3826.23,2021-02-02,391
2021-02-03,3830.08,2021-02-03,391
2021-02-04,3871.74,2021-02-04,391
2021-02-05,3886.8,2021-02-05,391
2021-02-08,3915.58,2021-02-08,391
2021-02-09,3911.29,2021-02-09,391
2021-02-10,3909.92,2021-02-10,391
2021-02-11,3916.28,2021-02-11,391
2021-02-12,3934.99,2021-02-12,391
2021-02-16,3932.48,2021-02-16,391
2021-02-17,3931.43,2021-02-17,391
2021-02-18,3914.03,2021-02-18,391
2021-02-19,3906.73,2021-02-19,391
2021-02-22,3876.51,2021-02-22,391
2021-02-23,3881.35,2021-02-23,391
2021-02-24,3925.35,2021-02-24,391
2021-02-25,3829.25,2021-02-25,391
2021-02-26,3810.84,2021-02-26,391
2021-03-01,3901.75,2021-03-01,391
2021-03-02,3870.36,2021-03-02,391
2021-03-03,3819.83,2021-03-03,391
2021-03-04,3768.58,2021-03-04,391
2021-03-05,3841.78,2021-03-05,391
2021-03-08,3821.22,2021-03-08,391
2021-03-09,3875.47,2021-03-09,391
2021-03-10,3898.73,2021-03-10,391
2021-03-11,3939.27,2021-03-11,391
2021-03-12,3943.32,2021-03-12,391
2021-03-15,3968.77,2021-03-15,391
2021-03-16,3962.64,2021-03-16,391
2021-03-17,3974.16,2021-03-17,391
2021-03-18,3915.5,2021-03-18,391
2021-03-19,3912.81,2021-03-19,391
2021-03-22,3940.56,2021-03-22,391
2021-03-23,3910.43,2021-03-23,391
2021-03-24,3889.15,2021-03-24,391
2021-03-25,3909.73,2021-03-25,391
2021-03-26,3974.52,2021-03-26,391
2021-03-29,3971.29,2021-03-29,391
2021-03-30,3958.88,2021-03-30,391
2021-03-31,3973.33,2021-03-31,391
2021-04-01,4019.81,2021-04-01,391
2021-04-05,4077.78,2021-04-05,391
2021-04-06,4073.83,2021-04-06,391
2021-04-07,4079.73,2021-04-07,391
2021-04-08,4097.16,2021-04-08,391
2021-04-09,4128.75,2021-04-09,391
2021-04-12,4128.1,2021-04-12,391
2021-04-13,4141.66,2021-04-13,391
2021-04-14,4124.84,2021-04-14,391
2021-04-15,4170.45,2021-04-15,391
2021-04-16,4185.64,2021-04-16,391
2021-04-19,4163.64,2021-04-19,391
2021-04-20,4134.96,2021-04-20,391
2021-04-21,4173.46,2021-04-21,391
2021-04-22,4134.95,2021-04-22,391
2021-04-23,4180.2,2021-04-23,391
2021-04-26,4187.74,2021-04-26,391
2021-04-27,4186.57,2021-04-27,391
2021-04-28,4183.45,2021-04-28,391
2021-04-29,4211.6,2021-04-29,391
2021-04-30,4181.21,2021-04-30,391
2021-05-03,4192.65,2021-05-03,391
2021-05-04,4165.05,2021-05-04,391
2021-05-05,4167.63,2021-05-05,391
2021-05-06,4201.55,2021-05-06,391
2021-05-07,4232.43,2021-05-07,391
2021-05-10,4188.51,2021-05-10,391
2021-05-11,4152.1,2021-05-11,391
2021-05-12,4062.9,2021-05-12,391
2021-05-13,4112.43,2021-05-13,391
2021-05-14,4173.74,2021-05-14,391
2021-05-17,4163.29,2021-05-17,391
2021-05-18,4127.74,2021-05-18,391
2021-05-19,4115.96,2021-05-19,391
2021-05-20,4159.24,2021-05-20,391
2021-05-21,4156.08,2021-05-21,391
2021-05-24,4197.16,2021-05-24,391
2021-05-25,4188.17,2021-05-25,391
2021-05-26,4196.06,2021-05-26,391
2021-05-27,4200.48,2021-05-27,391
2021-05-28,4204.32,2021-05-28,391
2021-06-01,4202.03,2021-06-01,391
2021-06-02,4208.17,2021-06-02,391
2021-06-03,4192.82,2021-06-03,391
2021-06-04,4229.99,2021-06-04,391
2021-06-07,4226.47,2021-06-07,391
2021-06-08,4227.23,2021-06-08,391
2021-06-09,4219.61,2021-06-09,391
2021-06-10,4239.33,2021-06-10,391
2021-06-11,4247.47,2021-06-11,391
2021-06-14,4255.2,2021-06-14,391
2021-06-15,4246.82,2021-06-15,391
2021-06-16,4223.76,2021-06-16,391
2021-06-17,4221.94,2021-06-17,391
2021-06-18,4166.38,2021-06-18,391
2021-06-21,4224.7,2021-06-21,391
2021-06-22,4246.46,2021-06-22,390
2021-06-23,4241.89,2021-06-23,391
2021-06-24,4266.5,2021-06-24,391
2021-06-25,4280.79,2021-06-25,391
2021-06-28,4290.57,2021-06-28,391
2021-06-29,4292.07,2021-06-29,391
2021-06-30,4297.32,2021-06-30,391
2021-07-01,4319.81,2021-07-01,391
2021-07-02,4352.45,2021-07-02,391
2021-07-06,4343.6,2021-07-06,391
2021-07-07,4358.35,2021-07-07,391
2021-07-08,4321.07,2021-07-08,391
2021-07-09,4369.5,2021-07-09,391
2021-07-12,4384.75,2021-07-12,391
2021-07-13,4369.32,2021-07-13,391
2021-07-14,4374.49,2021-07-14,391
2021-07-15,4360.01,2021-07-15,391
2021-07-16,4327.09,2021-07-16,391
2021-07-19,4258.8,2021-07-19,391
2021-07-20,4323.2,2021-07-20,391
2021-07-21,4358.65,2021-07-21,391
2021-07-22,4367.5,2021-07-22,391
2021-07-23,4411.81,2021-07-23,391
2021-07-26,4422.22,2021-07-26,391
2021-07-27,4401.7,2021-07-27,391
2021-07-28,4400.64,2021-07-28,391
2021-07-29,4419.01,2021-07-29,391
2021-07-30,4395.29,2021-07-30,391
2021-08-02,4387.11,2021-08-02,391
2021-08-03,4423.31,2021-08-03,391
2021-08-04,4402.69,2021-08-04,391
2021-08-05,4429.13,2021-08-05,391
2021-08-06,4436.54,2021-08-06,391
2021-08-09,4432.41,2021-08-09,391
2021-08-10,4436.82,2021-08-10,391
2021-08-11,4447.77,2021-08-11,391
2021-08-12,4460.82,2021-08-12,391
2021-08-13,4468.09,2021-08-13,391
2021-08-16,4479.66,2021-08-16,391
2021-08-17,4448.34,2021-08-17,391
2021-08-18,4400.33,2021-08-18,391
2021-08-19,4405.85,2021-08-19,391
2021-08-20,4441.62,2021-08-20,391
2021-08-23,4479.51,2021-08-23,391
2021-08-24,4486.27,2021-08-24,391
2021-08-25,4496.15,2021-08-25,391
2021-08-26,4469.99,2021-08-26,391
2021-08-27,4509.38,2021-08-27,391
2021-08-30,4528.76,2021-08-30,391
2021-08-31,4522.57,2021-08-31,391
2021-09-01,4524.17,2021-09-01,391
2021-09-02,4536.97,2021-09-02,391
2021-09-03,4535.54,2021-09-03,391
2021-09-07,4520.14,2021-09-07,391
2021-09-08,4514.15,2021-09-08,391
2021-09-09,4493.26,2021-09-09,391
2021-09-10,4458.55,2021-09-10,391
2021-09-13,4468.75,2021-09-13,391
2021-09-14,4443.23,2021-09-14,391
2021-09-15,4480.88,2021-09-15,391
2021-09-16,4473.9,2021-09-16,391
2021-09-17,4432.7,2021-09-17,391
2021-09-20,4357.64,2021-09-20,391
2021-09-21,4354.16,2021-09-21,391
2021-09-22,4395.65,2021-09-22,391
2021-09-23,4448.94,2021-09-23,391
2021-09-24,4455.57,2021-09-24,391
2021-09-27,4443.18,2021-09-27,391
2021-09-28,4352.61,2021-09-28,391
2021-09-29,4359.49,2021-09-29,391
2021-09-30,4307.44,2021-09-30,391
2021-10-01,4357.09,2021-10-01,391
2021-10-04,4300.48,2021-10-04,391
2021-10-05,4345.7,2021-10-05,391
2021-10-06,4363.62,2021-10-06,391
2021-10-07,4399.83,2021-10-07,391
2021-10-08,4391.42,2021-10-08,391
2021-10-11,4361.05,2021-10-11,391
2021-10-12,4350.61,2021-10-12,391
2021-10-13,4363.94,2021-10-13,391
2021-10-14,4438.22,2021-10-14,391
2021-10-15,4471.48,2021-10-15,391
2021-10-18,4486.39,2021-10-18,391
2021-10-19,4519.76,2021-10-19,391
2021-10-20,4536.37,2021-10-20,391
2021-10-21,4549.78,2021-10-21,391
2021-10-22,4544.98,2021-10-22,391
2021-10-25,4566.92,2021-10-25,391
2021-10-26,4574.67,2021-10-26,391
2021-10-27,4551.68,2021-10-27,391
2021-10-28,4596.36,2021-10-28,391
2021-10-29,4605.36,2021-10-29,391
2021-11-01,4613.67,2021-11-01,391
2021-11-02,4630.71,2021-11-02,391
2021-11-03,4660.56,2021-11-03,391
2021-11-04,4680.18,2021-11-04,391
2021-11-05,4697.6,2021-11-05,391
2021-11-08,4701.72,2021-11-08,391
2021-11-09,4685.3,2021-11-09,391
2021-11-10,4646.71,2021-11-10,391
2021-11-11,4649.27,2021-11-11,391
2021-11-12,4682.82,2021-11-12,391
2021-11-15,4682.88,2021-11-15,391
2021-11-16,4701.16,2021-11-16,391
2021-11-17,4688.75,2021-11-17,391
2021-11-18,4704.57,2021-11-18,391
2021-11-19,4697.98,2021-11-19,391
2021-11-22,4682.93,2021-11-22,391
2021-11-23,4690.72,2021-11-23,391
2021-11-24,4701.54,2021-11-24,391
2021-11-26,4594.62,2021-11-26,232
2021-11-29,4655.12,2021-11-29,391
2021-11-30,4566.97,2021-11-30,391
2021-12-01,4512.91,2021-12-01,391
2021-12-02,4577.34,2021-12-02,391
2021-12-03,4538.42,2021-12-03,391
2021-12-06,4591.76,2021-12-06,391
2021-12-07,4686.85,2021-12-07,391
2021-12-08,4701.18,2021-12-08,391
2021-12-09,4667.53,2021-12-09,391
2021-12-10,4712.05,2021-12-10,391
2021-12-13,4669.21,2021-12-13,391
2021-12-14,4634.3,2021-12-14,391
2021-12-15,4709.75,2021-12-15,391
2021-12-16,4668.54,2021-12-16,391
2021-12-17,4620.55,2021-12-17,391
2021-12-20,4568.18,2021-12-20,391
2021-12-21,4649.24,2021-12-21,391
2021-12-22,4696.53,2021-12-22,391
2021-12-23,4725.72,2021-12-23,391
2021-12-27,4791.33,2021-12-27,391
2021-12-28,4786.49,2021-12-28,391
2021-12-29,4793.14,2021-12-29,391
2021-12-30,4778.81,2021-12-30,391
2021-12-31,4766.24,2021-12-31,391
2022-01-03,4796.59,2022-01-03,391
2022-01-04,4793.53,2022-01-04,391
2022-01-05,4700.67,2022-01-05,391
2022-01-06,4696.05,2022-01-06,391
2022-01-07,4677.02,2022-01-07,391
2022-01-10,4670.29,2022-01-10,391
2022-01-11,4713.1,2022-01-11,391
2022-01-12,4726.43,2022-01-12,391
2022-01-13,4659.25,2022-01-13,391
2022-01-14,4662.82,2022-01-14,391
2022-01-18,4577.34,2022-01-18,391
2022-01-19,4532.89,2022-01-19,391
2022-01-20,4482.56,2022-01-20,391
2022-01-21,4397.73,2022-01-21,391
2022-01-24,4410.5,2022-01-24,391
2022-01-25,4356.45,2022-01-25,391
2022-01-26,4349.78,2022-01-26,391
2022-01-27,4326.5,2022-01-27,391
2022-01-28,4432.0,2022-01-28,391
2022-01-31,4515.45,2022-01-31,391
2022-02-01,4546.35,2022-02-01,391
2022-02-02,4589.31,2022-02-02,391
2022-02-03,4477.3,2022-02-03,391
2022-02-04,4500.61,2022-02-04,391
2022-02-07,4483.92,2022-02-07,391
2022-02-08,4521.48,2022-02-08,391
2022-02-09,4587.21,2022-02-09,391
2022-02-10,4504.06,2022-02-10,391
2022-02-11,4418.49,2022-02-11,391
2022-02-14,4401.55,2022-02-14,391
2022-02-15,4471.0,2022-02-15,391
2022-02-16,4475.1,2022-02-16,391
2022-02-17,4380.04,2022-02-17,391
2022-02-18,4348.97,2022-02-18,391
2022-02-22,4304.66,2022-02-22,391
2022-02-23,4225.62,2022-02-23,391
2022-02-24,4288.65,2022-02-24,391
2022-02-25,4384.62,2022-02-25,391
2022-02-28,4373.39,2022-02-28,391
2022-03-01,4306.19,2022-03-01,391
2022-03-02,4386.47,2022-03-02,391
2022-03-03,4363.54,2022-03-03,391
2022-03-04,4328.87,2022-03-04,391
2022-03-07,4200.89,2022-03-07,391
2022-03-08,4170.62,2022-03-08,391
2022-03-09,4277.86,2022-03-09,391
2022-03-10,4259.4,2022-03-10,391
2022-03-11,4204.36,2022-03-11,391
2022-03-14,4173.06,2022-03-14,391
2022-03-15,4262.73,2022-03-15,391
2022-03-16,4358.11,2022-03-16,391
2022-03-17,4411.36,2022-03-17,391
2022-03-18,4463.08,2022-03-18,391
2022-03-21,4461.18,2022-03-21,391
2022-03-22,4511.81,2022-03-22,391
2022-03-23,4456.12,2022-03-23,391
2022-03-24,4520.19,2022-03-24,391
2022-03-25,4543.06,2022-03-25,391
2022-03-28,4575.49,2022-03-28,391
2022-03-29,4631.69,2022-03-29,391
2022-03-30,4602.49,2022-03-30,391
2022-03-31,4530.5,2022-03-31,391
2022-04-01,4545.8,2022-04-01,391
2022-04-04,4582.62,2022-04-04,391
2022-04-05,4525.33,2022-04-05,391
2022-04-06,4481.26,2022-04-06,391
2022-04-07,4500.27,2022-04-07,391
2022-04-08,4488.68,2022-04-08,391
2022-04-11,4412.83,2022-04-11,391
2022-04-12,4397.35,2022-04-12,391
2022-04-13,4446.67,2022-04-13,391
2022-04-14,4392.62,2022-04-14,391
2022-04-18,4391.81,2022-04-18,391
2022-04-19,4462.48,2022-04-19,391
2022-04-20,4459.4,2022-04-20,391
2022-04-21,4393.79,2022-04-21,391
2022-04-22,4271.94,2022-04-22,391
2022-04-25,4296.43,2022-04-25,391
2022-04-26,4175.2,2022-04-26,391
2022-04-27,4183.94,2022-04-27,391
2022-04-28,4287.91,2022-04-28,391
2022-04-29,4131.76,2022-04-29,391
2022-05-02,4155.58,2022-05-02,391
2022-05-03,4175.27,2022-05-03,391
2022-05-04,4300.39,2022-05-04,391
2022-05-05,4147.69,2022-05-05,391
2022-05-06,4123.67,2022-05-06,391
2022-05-09,3991.36,2022-05-09,391
2022-05-10,4000.99,2022-05-10,391
2022-05-11,3935.25,2022-05-11,391
2022-05-12,3930.29,2022-05-12,391
2022-05-13,4023.86,2022-05-13,391
2022-05-16,4008.36,2022-05-16,391
2022-05-17,4088.93,2022-05-17,391
2022-05-18,3924.18,2022-05-18,391
2022-05-19,3900.72,2022-05-19,391
2022-05-20,3901.37,2022-05-20,391
2022-05-23,3973.85,2022-05-23,391
2022-05-24,3942.21,2022-05-24,391
2022-05-25,3979.0,2022-05-25,391
2022-05-26,4057.94,2022-05-26,391
2022-05-27,4158.27,2022-05-27,391
2022-05-31,4132.47,2022-05-31,391
2022-06-01,4101.18,2022-06-01,391
2022-06-02,4171.68,2022-06-02,380
2022-06-03,4108.44,2022-06-03,362
2022-06-06,4121.32,2022-06-06,391
2022-06-07,4160.54,2022-06-07,391
2022-06-08,4115.72,2022-06-08,391
2022-06-09,4017.74,2022-06-09,391
2022-06-10,3900.76,2022-06-10,391
2022-06-13,3749.91,2022-06-13,391
2022-06-14,3735.88,2022-06-14,391
2022-06-15,3789.91,2022-06-15,391
2022-06-16,3667.24,2022-06-16,391
2022-06-17,3674.45,2022-06-17,391
2022-06-21,3764.84,2022-06-21,391
2022-06-22,3759.84,2022-06-22,391
2022-06-23,3795.76,2022-06-23,391
2022-06-24,3912.15,2022-06-24,391
2022-06-27,3900.35,2022-06-27,391
2022-06-28,3821.74,2022-06-28,391
2022-06-29,3818.7,2022-06-29,391
2022-06-30,3786.03,2022-06-30,391
2022-07-01,3825.36,2022-07-01,391
2022-07-05,3831.59,2022-07-05,391
2022-07-06,3845.15,2022-07-06,391
2022-07-07,3902.43,2022-07-07,391
2022-07-08,3899.37,2022-07-08,391
2022-07-11,3854.47,2022-07-11,391
2022-07-12,3819.14,2022-07-12,391
2022-07-13,3801.59,2022-07-13,391
2022-07-14,3790.25,2022-07-14,391
2022-07-15,3862.89,2022-07-15,391
2022-07-18,3830.83,2022-07-18,391
2022-07-19,3936.14,2022-07-19,391
2022-07-20,3959.95,2022-07-20,391
2022-07-21,3999.1,2022-07-21,391
2022-07-22,3961.9,2022-07-22,391
2022-07-25,3966.72,2022-07-25,391
2022-07-26,3920.85,2022-07-26,391
2022-07-27,4023.32,2022-07-27,391
2022-07-28,4072.17,2022-07-28,391
2022-07-29,4130.44,2022-07-29,391
2022-08-01,4118.62,2022-08-01,391
2022-08-02,4091.36,2022-08-02,391
2022-08-03,4155.12,2022-08-03,391
2022-08-04,4152.02,2022-08-04,391
2022-08-05,4145.07,2022-08-05,391
2022-08-08,4140.05,2022-08-08,391
2022-08-09,4122.65,2022-08-09,391
2022-08-10,4210.12,2022-08-10,391
2022-08-11,4207.34,2022-08-11,391
2022-08-12,4279.95,2022-08-12,391
2022-08-15,4297.14,2022-08-15,391
2022-08-16,4305.24,2022-08-16,391
2022-08-17,4274.06,2022-08-17,391
2022-08-18,4284.15,2022-08-18,391
2022-08-19,4228.37,2022-08-19,391
2022-08-22,4138.37,2022-08-22,391
2022-08-23,4128.71,2022-08-23,391
2022-08-24,4140.99,2022-08-24,391
2022-08-25,4199.52,2022-08-25,391
2022-08-26,4057.74,2022-08-26,391
2022-08-29,4030.76,2022-08-29,391
2022-08-30,3986.18,2022-08-30,391
2022-08-31,3955.02,2022-08-31,391
2022-09-01,3966.87,2022-09-01,391
2022-09-02,3924.41,2022-09-02,391
2022-09-06,3908.55,2022-09-06,391
2022-09-07,3979.99,2022-09-07,391
2022-09-08,4006.09,2022-09-08,391
2022-09-09,4067.41,2022-09-09,391
2022-09-12,4110.69,2022-09-12,391
2022-09-13,3932.63,2022-09-13,391
2022-09-14,3946.14,2022-09-14,391
2022-09-15,3901.32,2022-09-15,391
2022-09-16,3873.44,2022-09-16,391
2022-09-19,3900.0,2022-09-19,391
2022-09-20,3856.04,2022-09-20,391
2022-09-21,3789.82,2022-09-21,391
2022-09-22,3757.86,2022-09-22,391
2022-09-23,3693.49,2022-09-23,391
2022-09-26,3655.52,2022-09-26,391
2022-09-27,3647.6,2022-09-27,391
2022-09-28,3718.67,2022-09-28,391
2022-09-29,3640.71,2022-09-29,391
2022-09-30,3586.47,2022-09-30,391
2022-10-03,3678.43,2022-10-03,391
2022-10-04,3791.05,2022-10-04,391
2022-10-05,3783.65,2022-10-05,391
2022-10-06,3744.4,2022-10-06,391
2022-10-07,3639.84,2022-10-07,391
2022-10-10,3612.44,2022-10-10,391
2022-10-11,3588.7,2022-10-11,391
2022-10-12,3576.94,2022-10-12,391
2022-10-13,3669.86,2022-10-13,391
2022-10-14,3584.01,2022-10-14,391
2022-10-17,3678.16,2022-10-17,391
2022-10-18,3720.5,2022-10-18,391
2022-10-19,3695.47,2022-10-19,391
2022-10-20,3665.58,2022-10-20,391
2022-10-21,3753.14,2022-10-21,391
2022-10-24,3797.68,2022-10-24,391
2022-10-25,3859.35,2022-10-25,391
2022-10-26,3830.68,2022-10-26,391
2022-10-27,3808.02,2022-10-27,391
2022-10-28,3901.04,2022-10-28,391
2022-10-31,3872.25,2022-10-31,391
2022-11-01,3856.02,2022-11-01,391
2022-11-02,3759.48,2022-11-02,391
2022-11-03,3719.68,2022-11-03,391
2022-11-04,3770.59,2022-11-04,391
2022-11-07,3807.13,2022-11-07,391
2022-11-08,3828.31,2022-11-08,391
2022-11-09,3748.67,2022-11-09,391
2022-11-10,3955.88,2022-11-10,391
2022-11-11,3993.05,2022-11-11,391
2022-11-14,3957.53,2022-11-14,391
2022-11-15,3991.91,2022-11-15,391
2022-11-16,3959.1,2022-11-16,391
2022-11-17,3946.86,2022-11-17,391
2022-11-18,3965.48,2022-11-18,391
2022-11-21,3949.99,2022-11-21,391
2022-11-22,4003.63,2022-11-22,391
2022-11-23,4027.46,2022-11-23,391
2022-11-25,4026.12,2022-11-25,232
2022-11-28,3964.02,2022-11-28,391
2022-11-29,3957.43,2022-11-29,391
2022-11-30,4079.64,2022-11-30,391
2022-12-01,4076.79,2022-12-01,391
2022-12-02,4071.63,2022-12-02,391
2022-12-05,3998.82,2022-12-05,391
2022-12-06,3941.23,2022-12-06,391
2022-12-07,3933.78,2022-12-07,391
2022-12-08,3963.45,2022-12-08,391
2022-12-09,3934.29,2022-12-09,391
2022-12-12,3990.59,2022-12-12,391
2022-12-13,4019.95,2022-12-13,391
2022-12-14,3995.21,2022-12-14,391
2022-12-15,3896.1,2022-12-15,390
2022-12-16,3852.13,2022-12-16,391
2022-12-19,3817.47,2022-12-19,391
2022-12-20,3821.73,2022-12-20,391
2022-12-21,3878.4,2022-12-21,391
2022-12-22,3822.6,2022-12-22,391
2022-12-23,3844.88,2022-12-23,391
2022-12-27,3829.24,2022-12-27,391
2022-12-28,3783.0,2022-12-28,391
2022-12-29,3849.14,2022-12-29,391
2022-12-30,3839.53,2022-12-30,391
2023-01-03,3823.94,2023-01-03,391
2023-01-04,3852.79,2023-01-04,391
2023-01-05,3807.99,2023-01-05,391
2023-01-06,3895.0,2023-01-06,391
2023-01-09,3892.1,2023-01-09,391
2023-01-10,3919.41,2023-01-10,391
2023-01-11,3969.51,2023-01-11,391
2023-01-12,3983.09,2023-01-12,391
2023-01-13,3999.03,2023-01-13,391
2023-01-17,3990.96,2023-01-17,391
2023-01-18,3928.75,2023-01-18,391
2023-01-19,3898.92,2023-01-19,391
2023-01-20,3972.35,2023-01-20,391
2023-01-23,4019.65,2023-01-23,391
2023-01-24,4016.82,2023-01-24,391
2023-01-25,4016.17,2023-01-25,391
2023-01-26,4060.33,2023-01-26,391
2023-01-27,4070.48,2023-01-27,391
2023-01-30,4017.9,2023-01-30,391
2023-01-31,4076.7,2023-01-31,391
2023-02-01,4119.49,2023-02-01,391
2023-02-02,4179.73,2023-02-02,391
2023-02-03,4136.42,2023-02-03,391
2023-02-06,4110.98,2023-02-06,391
2023-02-07,4164.03,2023-02-07,391
2023-02-08,4117.91,2023-02-08,391
2023-02-09,4081.6,2023-02-09,391
2023-02-10,4090.48,2023-02-10,391
2023-02-13,4137.4,2023-02-13,391
2023-02-14,4136.18,2023-02-14,391
2023-02-15,4147.76,2023-02-15,391
2023-02-16,4090.51,2023-02-16,391
2023-02-17,4079.23,2023-02-17,391
2023-02-21,3997.39,2023-02-21,391
2023-02-22,3991.28,2023-02-22,391
2023-02-23,4012.39,2023-02-23,391
2023-02-24,3970.05,2023-02-24,391
2023-02-27,3982.35,2023-02-27,391
2023-02-28,3969.69,2023-02-28,391
2023-03-01,3951.61,2023-03-01,391
2023-03-02,3981.54,2023-03-02,391
2023-03-03,4045.48,2023-03-03,391
2023-03-06,4048.39,2023-03-06,391
2023-03-07,3986.44,2023-03-07,391
2023-03-08,3992.08,2023-03-08,391
2023-03-09,3918.43,2023-03-09,391
2023-03-10,3861.73,2023-03-10,391
2023-03-13,3855.74,2023-03-13,391
2023-03-14,3920.3,2023-03-14,391
2023-03-15,3892.37,2023-03-15,391
2023-03-16,3960.33,2023-03-16,391
2023-03-17,3916.64,2023-03-17,391
2023-03-20,3951.55,2023-03-20,391
2023-03-21,4003.16,2023-03-21,391
2023-03-22,3936.82,2023-03-22,391
2023-03-23,3948.3,2023-03-23,391
2023-03-24,3971.18,2023-03-24,391
2023-03-27,3977.75,2023-03-27,391
2023-03-28,3971.3,2023-03-28,391
2023-03-29,4027.88,2023-03-29,391
2023-03-30,4050.85,2023-03-30,391
2023-03-31,4108.93,2023-03-31,391
2023-04-03,4124.41,2023-04-03,391
2023-04-04,4100.68,2023-04-04,391
2023-04-05,4090.21,2023-04-05,391
2023-04-06,4104.99,2023-04-06,391
2023-04-10,4109.13,2023-04-10,391
2023-04-11,4109.05,2023-04-11,391
2023-04-12,4092.12,2023-04-12,391
2023-04-13,4146.32,2023-04-13,391
2023-04-14,4137.51,2023-04-14,391
2023-04-17,4151.4,2023-04-17,391
2023-04-18,4154.76,2023-04-18,391
2023-04-19,4154.54,2023-04-19,391
2023-04-20,4129.96,2023-04-20,391
2023-04-21,4133.52,2023-04-21,391
2023-04-24,4137.12,2023-04-24,391
2023-04-25,4071.71,2023-04-25,391
2023-04-26,4055.94,2023-04-26,391
2023-04-27,4135.45,2023-04-27,391
2023-04-28,4169.58,2023-04-28,391
2023-05-01,4167.59,2023-05-01,391
2023-05-02,4119.59,2023-05-02,391
2023-05-03,4090.85,2023-05-03,391
2023-05-04,4061.37,2023-05-04,391
2023-05-05,4136.37,2023-05-05,391
2023-05-08,4138.12,2023-05-08,391
2023-05-09,4119.23,2023-05-09,391
2023-05-10,4137.59,2023-05-10,391
2023-05-11,4130.58,2023-05-11,391
2023-05-12,4124.12,2023-05-12,391
2023-05-15,4136.55,2023-05-15,391
2023-05-16,4109.9,2023-05-16,391
2023-05-17,4158.81,2023-05-17,391
2023-05-18,4198.01,2023-05-18,391
2023-05-19,4191.91,2023-05-19,391
2023-05-22,4192.68,2023-05-22,391
2023-05-23,4145.67,2023-05-23,391
2023-05-24,4115.33,2023-05-24,391
2023-05-25,4151.31,2023-05-25,391
2023-05-26,4205.46,2023-05-26,391
2023-05-30,4205.59,2023-05-30,391
2023-05-31,4180.13,2023-05-31,391
2023-06-01,4221.09,2023-06-01,391
2023-06-02,4282.17,2023-06-02,391
2023-06-05,4273.76,2023-06-05,391
2023-06-06,4283.73,2023-06-06,391
2023-06-07,4267.62,2023-06-07,391
2023-06-08,4293.87,2023-06-08,391
2023-06-09,4298.95,2023-06-09,391
2023-06-12,4339.08,2023-06-12,391
2023-06-13,4369.06,2023-06-13,391
2023-06-14,4372.67,2023-06-14,391
2023-06-15,4426.03,2023-06-15,391
2023-06-16,4409.8,2023-06-16,391
2023-06-20,4388.8,2023-06-20,391
2023-06-21,4365.73,2023-06-21,391
2023-06-22,4381.84,2023-06-22,391
2023-06-23,4348.38,2023-06-23,391
2023-06-26,4329.01,2023-06-26,391
2023-06-27,4378.33,2023-06-27,391
2023-06-28,4377.15,2023-06-28,391
2023-06-29,4396.55,2023-06-29,391
2023-06-30,4450.16,2023-06-30,391
2023-07-03,4455.59,2023-07-03,232
2023-07-05,4446.83,2023-07-05,391
2023-07-06,4411.67,2023-07-06,391
2023-07-07,4399.04,2023-07-07,391
2023-07-10,4409.72,2023-07-10,391
2023-07-11,4439.25,2023-07-11,391
2023-07-12,4472.37,2023-07-12,391
2023-07-13,4509.97,2023-07-13,391
2023-07-14,4505.7,2023-07-14,391
2023-07-17,4522.73,2023-07-17,391
2023-07-18,4555.1,2023-07-18,391
2023-07-19,4565.69,2023-07-19,391
2023-07-20,4534.8,2023-07-20,391
2023-07-21,4536.32,2023-07-21,391
2023-07-24,4554.67,2023-07-24,391
2023-07-25,4567.53,2023-07-25,391
2023-07-26,4566.96,2023-07-26,391
2023-07-27,4537.43,2023-07-27,391
2023-07-28,4582.14,2023-07-28,391
2023-07-31,4589.15,2023-07-31,391
2023-08-01,4576.72,2023-08-01,391
2023-08-02,4513.45,2023-08-02,391
2023-08-03,4501.73,2023-08-03,391
2023-08-04,4478.38,2023-08-04,391
2023-08-07,4518.53,2023-08-07,391
2023-08-08,4499.33,2023-08-08,391
2023-08-09,4467.84,2023-08-09,391
2023-08-10,4468.91,2023-08-10,391
2023-08-11,4464.18,2023-08-11,391
2023-08-14,4489.83,2023-08-14,391
2023-08-15,4437.79,2023-08-15,391
2023-08-16,4404.27,2023-08-16,391
2023-08-17,4370.13,2023-08-17,391
2023-08-18,4370.04,2023-08-18,391
2023-08-21,4399.91,2023-08-21,391
2023-08-22,4387.65,2023-08-22,391
2023-08-23,4436.13,2023-08-23,391
2023-08-24,4376.21,2023-08-24,391
2023-08-25,4405.73,2023-08-25,391
2023-08-28,4433.28,2023-08-28,391
2023-08-29,4497.77,2023-08-29,391
2023-08-30,4515.0,2023-08-30,391
2023-08-31,4507.54,2023-08-31,391
2023-09-01,4515.74,2023-09-01,391
2023-09-05,4496.79,2023-09-05,391
2023-09-06,4465.61,2023-09-06,391
2023-09-07,4451.2,2023-09-07,391
2023-09-08,4457.58,2023-09-08,391
2023-09-11,4487.59,2023-09-11,391
2023-09-12,4462.03,2023-09-12,391
2023-09-13,4467.48,2023-09-13,391
2023-09-14,4505.18,2023-09-14,391
2023-09-15,4450.3,2023-09-15,391
2023-09-18,4453.53,2023-09-18,391
2023-09-19,4444.04,2023-09-19,391
2023-09-20,4402.25,2023-09-20,391
2023-09-21,4329.95,2023-09-21,391
2023-09-22,4319.95,2023-09-22,391
2023-09-25,4337.51,2023-09-25,391
2023-09-26,4273.51,2023-09-26,391
2023-09-27,4274.61,2023-09-27,391
2023-09-28,4299.73,2023-09-28,391
2023-09-29,4288.24,2023-09-29,391
2023-10-02,4288.4,2023-10-02,391
2023-10-03,4229.6,2023-10-03,391
2023-10-04,4263.42,2023-10-04,391
2023-10-05,4258.19,2023-10-05,391
2023-10-06,4308.48,2023-10-06,391
2023-10-09,4335.65,2023-10-09,391
2023-10-10,4358.25,2023-10-10,391
2023-10-11,4376.94,2023-10-11,391
2023-10-12,4349.6,2023-10-12,391
2023-10-13,4327.81,2023-10-13,391
2023-10-16,4373.67,2023-10-16,391
2023-10-17,4373.21,2023-10-17,391
2023-10-18,4314.6,2023-10-18,391
2023-10-19,4277.95,2023-10-19,391
2023-10-20,4224.09,2023-10-20,391
2023-10-23,4216.96,2023-10-23,391
2023-10-24,4247.65,2023-10-24,391
2023-10-25,4186.75,2023-10-25,391
2023-10-26,4137.19,2023-10-26,391
2023-10-27,4117.43,2023-10-27,391
2023-10-30,4166.78,2023-10-30,391
2023-10-31,4193.77,2023-10-31,391
2023-11-01,4237.86,2023-11-01,391
2023-11-02,4317.78,2023-11-02,391
2023-11-03,4358.33,2023-11-03,391
2023-11-06,4366.0,2023-11-06,391
2023-11-07,4378.39,2023-11-07,391
2023-11-08,4382.82,2023-11-08,391
2023-11-09,4347.32,2023-11-09,391
2023-11-10,4415.28,2023-11-10,391
2023-11-13,4411.53,2023-11-13,391
2023-11-14,4495.54,2023-11-14,391
2023-11-15,4502.93,2023-11-15,391
2023-11-16,4508.26,2023-11-16,391
2023-11-17,4514.04,2023-11-17,391
2023-11-20,4547.41,2023-11-20,391
2023-11-21,4538.19,2023-11-21,391
2023-11-22,4556.61,2023-11-22,391
2023-11-24,4559.34,2023-11-24,232
2023-11-27,4550.42,2023-11-27,391
2023-11-28,4554.9,2023-11-28,391
2023-11-29,4550.64,2023-11-29,391
2023-11-30,4567.69,2023-11-30,391
2023-12-01,4594.63,2023-12-01,391
2023-12-04,4569.78,2023-12-04,391
2023-12-05,4567.21,2023-12-05,391
2023-12-06,4549.37,2023-12-06,391
2023-12-07,4585.58,2023-12-07,391
2023-12-08,4604.37,2023-12-08,391
2023-12-11,4622.41,2023-12-11,391
2023-12-12,4643.71,2023-12-12,391
2023-12-13,4707.17,2023-12-13,391
2023-12-14,4719.57,2023-12-14,391
2023-12-15,4718.91,2023-12-15,391
2023-12-18,4740.54,2023-12-18,391
2023-12-19,4768.38,2023-12-19,391
2023-12-20,4698.39,2023-12-20,391
2023-12-21,4746.71,2023-12-21,391
2023-12-22,4754.64,2023-12-22,391
2023-12-26,4774.76,2023-12-26,391
2023-12-27,4781.62,2023-12-27,391
2023-12-28,4783.37,2023-12-28,391
2023-12-29,4769.89,2023-12-29,391
2024-01-02,4742.88,2024-01-02,391
2024-01-03,4704.79,2024-01-03,391
2024-01-04,4688.69,2024-01-04,391
2024-01-05,4697.22,2024-01-05,391
2024-01-08,4763.54,2024-01-08,391
2024-01-09,4756.47,2024-01-09,391
2024-01-10,4783.44,2024-01-10,391
2024-01-11,4780.27,2024-01-11,391
2024-01-12,4783.84,2024-01-12,391
2024-01-16,4765.95,2024-01-16,391
2024-01-17,4739.24,2024-01-17,391
2024-01-18,4780.94,2024-01-18,391
2024-01-19,4839.8,2024-01-19,391
2024-01-22,4850.43,2024-01-22,391
2024-01-23,4864.61,2024-01-23,391
2024-01-24,4868.57,2024-01-24,391
2024-01-25,4894.17,2024-01-25,391
2024-01-26,4890.97,2024-01-26,391
2024-01-29,4927.94,2024-01-29,391
2024-01-30,4924.94,2024-01-30,391
2024-01-31,4845.57,2024-01-31,391
2024-02-01,4906.24,2024-02-01,391
2024-02-02,4958.6,2024-02-02,391
2024-02-05,4942.79,2024-02-05,391
2024-02-06,4954.24,2024-02-06,391
2024-02-07,4995.05,2024-02-07,391
2024-02-08,4997.96,2024-02-08,391
2024-02-09,5026.57,2024-02-09,391
2024-02-12,5021.9,2024-02-12,391
2024-02-13,4953.16,2024-02-13,391
2024-02-14,5000.52,2024-02-14,391
2024-02-15,5029.76,2024-02-15,391
2024-02-16,5005.55,2024-02-16,391
2024-02-20,4975.55,2024-02-20,391
2024-02-21,4981.83,2024-02-21,391
2024-02-22,5087.02,2024-02-22,391
2024-02-23,5088.84,2024-02-23,391
2024-02-26,5069.53,2024-02-26,391
2024-02-27,5078.2,2024-02-27,391
2024-02-28,5069.81,2024-02-28,391
2024-02-29,5095.88,2024-02-29,391
2024-03-01,5137.09,2024-03-01,391
2024-03-04,5130.95,2024-03-04,391
2024-03-05,5078.66,2024-03-05,391
2024-03-06,5104.77,2024-03-06,391
2024-03-07,5157.34,2024-03-07,391
2024-03-08,5123.71,2024-03-08,391
2024-03-11,5117.95,2024-03-11,391
2024-03-12,5175.24,2024-03-12,391
2024-03-13,5165.35,2024-03-13,391
2024-03-14,5150.55,2024-03-14,391
2024-03-15,5116.98,2024-03-15,391
2024-03-18,5149.39,2024-03-18,391
2024-03-19,5178.49,2024-03-19,391
2024-03-20,5224.59,2024-03-20,391
2024-03-21,5241.52,2024-03-21,391
2024-03-22,5234.16,2024-03-22,391
2024-03-25,5218.25,2024-03-25,391
2024-03-26,5203.71,2024-03-26,391
2024-03-27,5248.61,2024-03-27,391
2024-03-28,5254.34,2024-03-28,391
2024-04-01,5243.73,2024-04-01,391
2024-04-02,5205.88,2024-04-02,391
2024-04-03,5211.59,2024-04-03,391
2024-04-04,5147.26,2024-04-04,391
2024-04-05,5204.29,2024-04-05,391
2024-04-08,5202.47,2024-04-08,391
2024-04-09,5209.96,2024-04-09,391
2024-04-10,5160.57,2024-04-10,391
2024-04-11,5198.99,2024-04-11,391
2024-04-12,5123.4,2024-04-12,391
2024-04-15,5061.82,2024-04-15,391
2024-04-16,5051.33,2024-04-16,391
2024-04-17,5022.19,2024-04-17,391
2024-04-18,5011.17,2024-04-18,391
2024-04-19,4967.26,2024-04-19,391
2024-04-22,5010.61,2024-04-22,391
2024-04-23,5070.54,2024-04-23,391
2024-04-24,5071.68,2024-04-24,391
2024-04-25,5048.41,2024-04-25,391
2024-04-26,5099.82,2024-04-26,391
2024-04-29,5116.15,2024-04-29,391
2024-04-30,5035.64,2024-04-30,391
2024-05-01,5018.36,2024-05-01,391
2024-05-02,5064.22,2024-05-02,391
2024-05-03,5127.79,2024-05-03,391
2024-05-06,5180.76,2024-05-06,391
2024-05-07,5187.69,2024-05-07,391
2024-05-08,5187.69,2024-05-08,391
2024-05-09,5214.08,2024-05-09,391
2024-05-10,5222.67,2024-05-10,391
2024-05-13,5221.42,2024-05-13,391
2024-05-14,5246.59,2024-05-14,391
2024-05-15,5308.18,2024-05-15,391
2024-05-16,5297.12,2024-05-16,391
2024-05-17,5303.3,2024-05-17,391
2024-05-20,5308.19,2024-05-20,391
2024-05-21,5321.47,2024-05-21,391
2024-05-22,5306.98,2024-05-22,391
2024-05-23,5267.87,2024-05-23,391
2024-05-24,5304.71,2024-05-24,391
2024-05-28,5306.06,2024-05-28,391
2024-05-29,5266.97,2024-05-29,391
2024-05-30,5235.48,2024-05-30,314
2024-05-31,5277.8,2024-05-31,391
2024-06-03,5283.42,2024-06-03,391
2024-06-04,5291.32,2024-06-04,391
2024-06-05,5354.03,2024-06-05,391
2024-06-06,5352.97,2024-06-06,391
2024-06-07,5347.01,2024-06-07,391
2024-06-10,5360.9,2024-06-10,391
2024-06-11,5375.36,2024-06-11,391
2024-06-12,5420.96,2024-06-12,391
2024-06-13,5433.64,2024-06-13,391
2024-06-14,5431.64,2024-06-14,391
2024-06-17,5473.3,2024-06-17,391
2024-06-18,5487.04,2024-06-18,391
2024-06-20,5473.22,2024-06-20,391
2024-06-21,5464.72,2024-06-21,391
2024-06-24,5447.85,2024-06-24,391
2024-06-25,5469.36,2024-06-25,391
2024-06-26,5477.85,2024-06-26,391
2024-06-27,5482.93,2024-06-27,391
2024-06-28,5460.71,2024-06-28,391
2024-07-01,5475.1,2024-07-01,391
2024-07-02,5509.04,2024-07-02,391
2024-07-03,5537.02,2024-07-03,232
2024-07-05,5567.19,2024-07-05,391
2024-07-08,5572.85,2024-07-08,391
2024-07-09,5577.04,2024-07-09,391
2024-07-10,5633.86,2024-07-10,391
2024-07-11,5584.46,2024-07-11,391
2024-07-12,5615.39,2024-07-12,391
2024-07-15,5631.25,2024-07-15,391
2024-07-16,5667.21,2024-07-16,391
2024-07-17,5588.28,2024-07-17,391
2024-07-18,5544.49,2024-07-18,391
2024-07-19,5505.09,2024-07-19,391
2024-07-22,5564.44,2024-07-22,391
2024-07-23,5555.69,2024-07-23,391
2024-07-24,5427.12,2024-07-24,391
2024-07-25,5399.28,2024-07-25,391
2024-07-26,5459.1,2024-07-26,391
2024-07-29,5463.56,2024-07-29,391
2024-07-30,5436.43,2024-07-30,391
2024-07-31,5522.28,2024-07-31,391
2024-08-01,5446.59,2024-08-01,391
2024-08-02,5346.5,2024-08-02,391
2024-08-05,5186.48,2024-08-05,391
2024-08-06,5239.85,2024-08-06,391
2024-08-07,5199.58,2024-08-07,391
2024-08-08,5319.3,2024-08-08,391
2024-08-09,5344.17,2024-08-09,391
2024-08-12,5344.38,2024-08-12,391
2024-08-13,5434.42,2024-08-13,391
2024-08-14,5455.11,2024-08-14,391
2024-08-15,5543.21,2024-08-15,391
2024-08-16,5554.25,2024-08-16,391
2024-08-19,5608.23,2024-08-19,391
2024-08-20,5597.09,2024-08-20,391
2024-08-21,5620.78,2024-08-21,391
2024-08-22,5570.68,2024-08-22,391
2024-08-23,5634.61,2024-08-23,391
2024-08-26,5616.88,2024-08-26,391
2024-08-27,5625.82,2024-08-27,391
2024-08-28,5592.21,2024-08-28,391
2024-08-29,5592.0,2024-08-29,391
2024-08-30,5648.21,2024-08-30,391
2024-09-03,5528.94,2024-09-03,391
2024-09-04,5520.01,2024-09-04,391
2024-09-05,5503.4,2024-09-05,391
2024-09-06,5408.52,2024-09-06,391
2024-09-09,5471.07,2024-09-09,391
2024-09-10,5495.54,2024-09-10,391
2024-09-11,5554.12,2024-09-11,391
2024-09-12,5595.79,2024-09-12,391
2024-09-13,5626.03,2024-09-13,391
2024-09-16,5633.1,2024-09-16,391
2024-09-17,5634.59,2024-09-17,391
2024-09-18,5618.29,2024-09-18,391
2024-09-19,5713.64,2024-09-19,391
2024-09-20,5702.63,2024-09-20,391
2024-09-23,5718.56,2024-09-23,391
2024-09-24,5732.99,2024-09-24,391
2024-09-25,5722.25,2024-09-25,391
2024-09-26,5745.38,2024-09-26,391
2024-09-27,5738.12,2024-09-27,391
2024-09-30,5762.4,2024-09-30,391
2024-10-01,5708.72,2024-10-01,391
2024-10-02,5709.55,2024-10-02,391
2024-10-03,5699.98,2024-10-03,391
2024-10-04,5751.07,2024-10-04,391
2024-10-07,5695.95,2024-10-07,391
2024-10-08,5751.15,2024-10-08,391
2024-10-09,5792.04,2024-10-09,391
2024-10-10,5780.03,2024-10-10,391
2024-10-11,5815.04,2024-10-11,391
2024-10-14,5859.96,2024-10-14,391
2024-10-15,5815.31,2024-10-15,391
2024-10-16,5842.46,2024-10-16,391
2024-10-17,5841.44,2024-10-17,391
2024-10-18,5864.69,2024-10-18,391
2024-10-21,5853.99,2024-10-21,391
2024-10-22,5851.21,2024-10-22,391
2024-10-23,5797.4,2024-10-23,391
2024-10-24,5809.87,2024-10-24,391
2024-10-25,5808.13,2024-10-25,391
2024-10-28,5823.6,2024-10-28,391
2024-10-29,5833.09,2024-10-29,391
2024-10-30,5813.92,2024-10-30,391
2024-10-31,5705.37,2024-10-31,391
2024-11-01,5728.88,2024-11-01,391
2024-11-04,5712.73,2024-11-04,391
2024-11-05,5782.85,2024-11-05,391
2024-11-06,5928.91,2024-11-06,391
2024-11-07,5973.11,2024-11-07,391
2024-11-08,5995.6,2024-11-08,391
2024-11-11,6001.4,2024-11-11,391
2024-11-12,5984.0,2024-11-12,391
2024-11-13,5985.4,2024-11-13,391
2024-11-14,5949.18,2024-11-14,391
2024-11-15,5870.62,2024-11-15,391
2024-11-18,5893.63,2024-11-18,391
2024-11-19,5916.97,2024-11-19,391
2024-11-20,5917.21,2024-11-20,391
2024-11-21,5948.7,2024-11-21,391
2024-11-22,5969.27,2024-11-22,391
2024-11-25,5987.3,2024-11-25,391
2024-11-26,6021.6,2024-11-26,391
2024-11-27,5998.83,2024-11-27,391
2024-11-29,6032.38,2024-11-29,232
2024-12-02,6047.13,2024-12-02,391
2024-12-03,6049.88,2024-12-03,391
2024-12-04,6086.49,2024-12-04,391
2024-12-05,6075.1,2024-12-05,391
2024-12-06,6090.27,2024-12-06,391
2024-12-09,6053.0,2024-12-09,391
2024-12-10,6034.9,2024-12-10,391
2024-12-11,6084.23,2024-12-11,391
2024-12-12,6051.28,2024-12-12,391
2024-12-13,6051.09,2024-12-13,391
2024-12-16,6074.11,2024-12-16,391
2024-12-17,6050.6,2024-12-17,391
2024-12-18,5872.07,2024-12-18,391
2024-12-19,5867.09,2024-12-19,391
2024-12-20,5931.01,2024-12-20,391
2024-12-23,5974.06,2024-12-23,391
2024-12-24,6040.04,2024-12-24,232
2024-12-26,6037.57,2024-12-26,391
2024-12-27,5970.86,2024-12-27,391
2024-12-30,5906.93,2024-12-30,391
2024-12-31,5881.79,2024-12-31,391
2025-01-02,5868.56,2025-01-02,391
2025-01-03,5942.48,2025-01-03,391
2025-01-06,5975.38,2025-01-06,391
2025-01-07,5909.04,2025-01-07,391
2025-01-08,5918.22,2025-01-08,391
2025-01-10,5827.02,2025-01-10,391
2025-01-13,5836.25,2025-01-13,391
2025-01-14,5842.9,2025-01-14,391
2025-01-15,5949.9,2025-01-15,391
2025-01-16,5937.32,2025-01-16,391
2025-01-17,5996.71,2025-01-17,391
2025-01-21,6049.29,2025-01-21,391
2025-01-22,6086.32,2025-01-22,391
2025-01-23,6118.72,2025-01-23,391
2025-01-24,6101.24,2025-01-24,391
2025-01-27,6012.31,2025-01-27,391
2025-01-28,6067.71,2025-01-28,391
2025-01-29,6039.29,2025-01-29,391
2025-01-30,6071.18,2025-01-30,391
2025-01-31,6040.46,2025-01-31,391
2025-02-03,5994.63,2025-02-03,391
2025-02-04,6037.85,2025-02-04,391
2025-02-05,6061.48,2025-02-05,391
2025-02-06,6083.52,2025-02-06,391
2025-02-07,6025.99,2025-02-07,391
2025-02-10,6066.46,2025-02-10,391
2025-02-11,6068.51,2025-02-11,391
2025-02-12,6051.94,2025-02-12,391
2025-02-13,6115.06,2025-02-13,391
2025-02-14,6114.59,2025-02-14,391
2025-02-18,6129.57,2025-02-18,391
2025-02-19,6144.1,2025-02-19,391
2025-02-20,6117.62,2025-02-20,391
2025-02-21,6013.23,2025-02-21,391
2025-02-24,5983.43,2025-02-24,391
2025-02-25,5955.34,2025-02-25,391
2025-02-26,5956.16,2025-02-26,391
2025-02-27,5861.68,2025-02-27,391
2025-02-28,5954.41,2025-02-28,391
2025-03-03,5849.72,2025-03-03,391
2025-03-04,5778.18,2025-03-04,391
2025-03-05,5842.52,2025-03-05,391
2025-03-06,5738.5,2025-03-06,391
2025-03-07,5770.2,2025-03-07,391
2025-03-10,5614.62,2025-03-10,391
2025-03-11,5572.07,2025-03-11,391
2025-03-12,5599.3,2025-03-12,391
2025-03-13,5521.51,2025-03-13,391
2025-03-14,5638.94,2025-03-14,391
2025-03-17,5675.13,2025-03-17,391
2025-03-18,5614.67,2025-03-18,391
2025-03-19,5675.35,2025-03-19,391
2025-03-20,5662.9,2025-03-20,391
2025-03-21,5667.35,2025-03-21,391
2025-03-24,5767.56,2025-03-24,391
2025-03-25,5776.62,2025-03-25,391
2025-03-26,5712.18,2025-03-26,391
2025-03-27,5693.3,2025-03-27,391
2025-03-28,5580.95,2025-03-28,391
2025-03-31,5611.91,2025-03-31,391
2025-04-01,5633.08,2025-04-01,391
2025-04-02,5670.87,2025-04-02,391
2025-04-03,5396.6,2025-04-03,391
2025-04-04,5074.05,2025-04-04,391
2025-04-07,5062.18,2025-04-07,391
2025-04-08,4982.78,2025-04-08,391
2025-04-09,5456.78,2025-04-09,391
2025-04-10,5267.83,2025-04-10,391
2025-04-11,5363.36,2025-04-11,391
2025-04-14,5405.98,2025-04-14,391
2025-04-15,5396.61,2025-04-15,391
2025-04-16,5275.74,2025-04-16,391
2025-04-17,5282.64,2025-04-17,391
2025-04-21,5158.21,2025-04-21,391
2025-04-22,5287.72,2025-04-22,391
2025-04-23,5375.82,2025-04-23,391
2025-04-24,5484.8,2025-04-24,391
2025-04-25,5525.21,2025-04-25,391
2025-04-28,5528.71,2025-04-28,391
2025-04-29,5560.74,2025-04-29,391
2025-04-30,5568.92,2025-04-30,391
2025-05-01,5604.1,2025-05-01,391
2025-05-02,5686.63,2025-05-02,391
2025-05-05,5650.59,2025-05-05,391
2025-05-06,5606.84,2025-05-06,391
2025-05-07,5631.19,2025-05-07,391
2025-05-08,5664.12,2025-05-08,391
2025-05-09,5659.91,2025-05-09,391
2025-05-12,5844.17,2025-05-12,391
2025-05-13,5886.55,2025-05-13,391
2025-05-14,5892.58,2025-05-14,391
2025-05-15,5916.93,2025-05-15,391
2025-05-16,5958.38,2025-05-16,391
2025-05-19,5963.59,2025-05-19,391
2025-05-20,5940.46,2025-05-20,391
2025-05-21,5844.55,2025-05-21,391
2025-05-22,5842.01,2025-05-22,391
2025-05-23,5802.83,2025-05-23,391
2025-05-27,5921.54,2025-05-27,391
2025-05-28,5888.56,2025-05-28,391
2025-05-29,5912.2,2025-05-29,391
2025-05-30,5911.62,2025-05-30,391
2025-06-02,5936.03,2025-06-02,391
2025-06-03,5970.38,2025-06-03,391
2025-06-04,5970.81,2025-06-04,391
2025-06-05,5939.31,2025-06-05,391
2025-06-06,6000.32,2025-06-06,391
2025-06-09,6005.88,2025-06-09,391
2025-06-10,6038.81,2025-06-10,391
2025-06-11,6022.33,2025-06-11,391
2025-06-12,6045.22,2025-06-12,391
2025-06-13,5976.96,2025-06-13,391
2025-06-16,6033.11,2025-06-16,391
2025-06-17,5982.72,2025-06-17,391
2025-06-18,5980.85,2025-06-18,391
2025-06-20,5967.83,2025-06-20,391
2025-06-23,6025.19,2025-06-23,391
2025-06-24,6092.23,2025-06-24,391
2025-06-25,6092.2,2025-06-25,391
2025-06-26,6141.02,2025-06-26,391
2025-06-27,6173.07,2025-06-27,391
2025-06-30,6204.94,2025-06-30,391
2025-07-01,6198.05,2025-07-01,391
2025-07-02,6227.41,2025-07-02,391
2025-07-03,6279.35,2025-07-03,232
2025-07-07,6229.98,2025-07-07,391
2025-07-08,6225.53,2025-07-08,391
2025-07-09,6263.35,2025-07-09,391
2025-07-10,6280.38,2025-07-10,391
2025-07-11,6259.75,2025-07-11,391
2025-07-14,6268.56,2025-07-14,391
2025-07-15,6243.68,2025-07-15,391
2025-07-16,6263.69,2025-07-16,391
2025-07-17,6297.5,2025-07-17,391
2025-07-18,6296.79,2025-07-18,391
2025-07-21,6305.6,2025-07-21,391
2025-07-22,6309.59,2025-07-22,391
2025-07-23,6358.99,2025-07-23,391
2025-07-24,6363.39,2025-07-24,391
2025-07-25,6388.65,2025-07-25,391
2025-07-28,6389.8,2025-07-28,391
2025-07-29,6370.89,2025-07-29,391
2025-07-30,6362.95,2025-07-30,391
2025-07-31,6339.55,2025-07-31,391
2025-08-01,6238.01,2025-08-01,391
2025-08-04,6329.93,2025-08-04,391
2025-08-05,6299.17,2025-08-05,391
2025-08-06,6345.09,2025-08-06,391
2025-08-07,6340.0,2025-08-07,391
2025-08-08,6389.51,2025-08-08,391
2025-08-11,6373.52,2025-08-11,391
2025-08-12,6445.82,2025-08-12,391
2025-08-13,6466.58,2025-08-13,391
2025-08-14,6468.54,2025-08-14,391
2025-08-15,6449.79,2025-08-15,391
2025-08-18,6449.16,2025-08-18,391
2025-08-19,6411.46,2025-08-19,391
2025-08-20,6395.79,2025-08-20,391
2025-08-21,6370.15,2025-08-21,391
2025-08-22,6466.9,2025-08-22,391
2025-08-25,6439.32,2025-08-25,391
2025-08-26,6465.91,2025-08-26,391
2025-08-27,6481.4,2025-08-27,391
2025-08-28,6501.86,2025-08-28,391
2025-08-29,6460.27,2025-08-29,391
2025-09-02,6415.54,2025-09-02,391
2025-09-03,6448.28,2025-09-03,391
2025-09-04,6502.08,2025-09-04,391
2025-09-05,6481.52,2025-09-05,391
2025-09-08,6495.2,2025-09-08,391
2025-09-09,6512.66,2025-09-09,391
2025-09-10,6532.05,2025-09-10,391
2025-09-11,6587.45,2025-09-11,391
2025-09-12,6584.29,2025-09-12,391
2025-09-15,6615.31,2025-09-15,391
2025-09-16,6606.79,2025-09-16,391
2025-09-17,6600.42,2025-09-17,391
2025-09-18,6631.94,2025-09-18,391
2025-09-19,6664.41,2025-09-19,391
2025-09-22,6693.77,2025-09-22,391
2025-09-23,6656.96,2025-09-23,391
2025-09-24,6637.97,2025-09-24,391
2025-09-25,6604.8,2025-09-25,391
2025-09-26,6643.7,2025-09-26,391
2025-09-29,6661.21,2025-09-29,391
2025-09-30,6688.43,2025-09-30,391
2025-10-01,6711.2,2025-10-01,391
2025-10-02,6715.38,2025-10-02,391
2025-10-03,6715.79,2025-10-03,391
2025-10-06,6740.28,2025-10-06,391
2025-10-07,6714.59,2025-10-07,391
2025-10-08,6753.72,2025-10-08,391
2025-10-09,6735.11,2025-10-09,391
2025-10-10,6552.5,2025-10-10,391
2025-10-13,6654.69,2025-10-13,391
2025-10-14,6644.31,2025-10-14,391
2025-10-15,6671.05,2025-10-15,391
2025-10-16,6629.08,2025-10-16,391
2025-10-17,6664.01,2025-10-17,391
2025-10-20,6735.13,2025-10-20,391
2025-10-21,6735.3,2025-10-21,391
2025-10-22,6699.44,2025-10-22,391
2025-10-23,6738.41,2025-10-23,391
2025-10-24,6791.75,2025-10-24,391
2025-10-27,6875.12,2025-10-27,391
2025-10-28,6890.91,2025-10-28,391
2025-10-29,6890.73,2025-10-29,391
2025-10-30,6822.32,2025-10-30,391
2025-10-31,6840.25,2025-10-31,391
2025-11-03,6852.04,2025-11-03,391
2025-11-04,6771.74,2025-11-04,391
2025-11-05,6796.31,2025-11-05,391
2025-11-06,6720.39,2025-11-06,391
2025-11-07,6728.81,2025-11-07,391
2025-11-10,6832.47,2025-11-10,391
2025-11-11,6846.64,2025-11-11,391
2025-11-12,6851.01,2025-11-12,391
2025-11-13,6737.55,2025-11-13,391
2025-11-14,6734.11,2025-11-14,391
2025-11-17,6672.5,2025-11-17,391
2025-11-18,6617.37,2025-11-18,391
2025-11-19,6642.2,2025-11-19,391
2025-11-20,6538.98,2025-11-20,391
2025-11-21,6602.96,2025-11-21,391
2025-11-24,6705.08,2025-11-24,391
2025-11-25,6765.88,2025-11-25,391
2025-11-26,6812.61,2025-11-26,391
2025-11-28,6849.09,2025-11-28,232
2025-12-01,6812.66,2025-12-01,391
2025-12-02,6829.37,2025-12-02,391
2025-12-03,6850.0,2025-12-03,391
2025-12-04,6856.95,2025-12-04,391
2025-12-05,6870.4,2025-12-05,391
2025-12-08,6846.51,2025-12-08,391
2025-12-09,6840.52,2025-12-09,391
2025-12-10,6886.8,2025-12-10,391
2025-12-11,6900.99,2025-12-11,391
2025-12-12,6827.38,2025-12-12,391
2025-12-15,6816.49,2025-12-15,391
2025-12-16,6800.21,2025-12-16,391
2025-12-17,6721.51,2025-12-17,391
2025-12-18,6774.76,2025-12-18,391
2025-12-19,6834.73,2025-12-19,391
2025-12-22,6878.49,2025-12-22,391
2025-12-23,6909.78,2025-12-23,391
2025-12-24,6932.05,2025-12-24,232
2025-12-26,6929.95,2025-12-26,391
2025-12-29,6905.75,2025-12-29,391
2025-12-30,6896.26,2025-12-30,391
2025-12-31,6845.5,2025-12-31,391
2026-01-02,6858.45,2026-01-02,391
2026-01-05,6902.1,2026-01-05,391
