date,close,close_timestamp,n_bars
2008-01-02,23.35,2008-01-02,389
2008-01-03,22.65,2008-01-03,390
2008-01-04,24.1,2008-01-04,389
2008-01-07,23.62,2008-01-07,390
2008-01-08,25.44,2008-01-08,390
2008-01-09,23.95,2008-01-09,390
2008-01-10,23.18,2008-01-10,390
2008-01-11,23.77,2008-01-11,390
2008-01-14,22.86,2008-01-14,390
2008-01-15,23.41,2008-01-15,378
2008-01-16,24.27,2008-01-16,390
2008-01-17,28.29,2008-01-17,390
2008-01-18,27.55,2008-01-18,390
2008-01-22,30.8,2008-01-22,390
2008-01-23,28.95,2008-01-23,386
2008-01-24,27.37,2008-01-24,390
2008-01-25,29.2,2008-01-25,390
2008-01-28,27.73,2008-01-28,372
2008-01-29,27.17,2008-01-29,390
2008-01-30,27.52,2008-01-30,368
2008-01-31,26.21,2008-01-31,389
2008-02-01,24.26,2008-02-01,352
2008-02-04,25.72,2008-02-04,390
2008-02-05,28.39,2008-02-05,390
2008-02-06,29.11,2008-02-06,390
2008-02-07,27.63,2008-02-07,390
2008-02-08,27.96,2008-02-08,390
2008-02-11,27.54,2008-02-11,390
2008-02-12,26.53,2008-02-12,366
2008-02-13,24.81,2008-02-13,390
2008-02-14,25.42,2008-02-14,389
2008-02-15,25.04,2008-02-15,390
2008-02-19,25.87,2008-02-19,390
2008-02-20,24.43,2008-02-20,390
2008-02-21,25.3,2008-02-21,390
2008-02-22,24.15,2008-02-22,390
2008-02-25,23.09,2008-02-25,390
2008-02-26,21.95,2008-02-26,390
2008-02-27,22.71,2008-02-27,390
2008-02-28,23.32,2008-02-28,390
2008-02-29,26.6,2008-02-29,390
2008-03-03,26.53,2008-03-03,390
2008-03-04,25.69,2008-03-04,390
2008-03-05,24.66,2008-03-05,390
2008-03-06,27.69,2008-03-06,390
2008-03-07,27.48,2008-03-07,390
2008-03-10,29.46,2008-03-10,390
2008-03-11,26.77,2008-03-11,390
2008-03-12,27.2,2008-03-12,390
2008-03-13,27.08,2008-03-13,390
2008-03-14,32.46,2008-03-14,390
2008-03-17,32.12,2008-03-17,390
2008-03-18,25.83,2008-03-18,390
2008-03-19,29.81,2008-03-19,390
2008-03-20,26.45,2008-03-20,390
2008-03-24,25.72,2008-03-24,390
2008-03-25,25.59,2008-03-25,390
2008-03-26,25.8,2008-03-26,390
2008-03-27,25.79,2008-03-27,390
2008-03-28,25.72,2008-03-28,390
2008-03-31,25.6,2008-03-31,390
2008-04-01,22.63,2008-04-01,390
2008-04-02,23.32,2008-04-02,390
2008-04-03,23.33,2008-04-03,390
2008-04-04,22.44,2008-04-04,390
2008-04-07,22.32,2008-04-07,390
2008-04-08,22.47,2008-04-08,390
2008-04-09,22.99,2008-04-09,390
2008-04-10,22.04,2008-04-10,390
2008-04-11,23.49,2008-04-11,390
2008-04-14,23.92,2008-04-14,390
2008-04-15,22.74,2008-04-15,390
2008-04-16,20.67,2008-04-16,390
2008-04-17,20.92,2008-04-17,390
2008-04-18,19.93,2008-04-18,390
2008-04-21,20.35,2008-04-21,390
2008-04-22,20.97,2008-04-22,390
2008-04-23,20.1,2008-04-23,390
2008-04-24,19.95,2008-04-24,390
2008-04-25,19.48,2008-04-25,390
2008-04-28,19.66,2008-04-28,386
2008-04-29,20.21,2008-04-29,390
2008-04-30,20.71,2008-04-30,390
2008-05-01,18.98,2008-05-01,390
2008-05-02,18.29,2008-05-02,390
2008-05-05,18.97,2008-05-05,347
2008-05-06,18.31,2008-05-06,390
2008-05-07,19.81,2008-05-07,390
2008-05-08,19.11,2008-05-08,390
2008-05-09,19.45,2008-05-09,390
2008-05-12,17.78,2008-05-12,390
2008-05-13,18.0,2008-05-13,388
2008-05-14,17.54,2008-05-14,387
2008-05-15,16.32,2008-05-15,390
2008-05-16,16.52,2008-05-16,390
2008-05-19,16.99,2008-05-19,390
2008-05-20,17.7,2008-05-20,390
2008-05-21,18.76,2008-05-21,390
2008-05-22,18.08,2008-05-22,390
2008-05-23,19.4,2008-05-23,390
2008-05-27,19.62,2008-05-27,390
2008-05-28,19.08,2008-05-28,390
2008-05-29,18.19,2008-05-29,390
2008-05-30,17.89,2008-05-30,390
2008-06-02,19.82,2008-06-02,390
2008-06-03,20.24,2008-06-03,390
2008-06-04,20.94,2008-06-04,390
2008-06-05,18.69,2008-06-05,390
2008-06-06,23.76,2008-06-06,390
2008-06-09,23.35,2008-06-09,390
2008-06-10,23.14,2008-06-10,390
2008-06-11,23.86,2008-06-11,390
2008-06-12,23.34,2008-06-12,390
2008-06-13,21.12,2008-06-13,390
2008-06-16,20.88,2008-06-16,390
2008-06-17,21.16,2008-06-17,390
2008-06-18,22.17,2008-06-18,390
2008-06-19,21.45,2008-06-19,390
2008-06-20,23.01,2008-06-20,390
2008-06-23,22.56,2008-06-23,390
2008-06-24,22.47,2008-06-24,390
2008-06-25,21.12,2008-06-25,390
2008-06-26,23.92,2008-06-26,390
2008-06-27,23.6,2008-06-27,390
2008-06-30,24.04,2008-06-30,390
2008-07-01,23.66,2008-07-01,390
2008-07-02,25.78,2008-07-02,390
2008-07-03,24.8,2008-07-03,334
2008-07-07,25.74,2008-07-07,390
2008-07-08,23.11,2008-07-08,390
2008-07-09,25.38,2008-07-09,390
2008-07-10,25.67,2008-07-10,390
2008-07-11,27.04,2008-07-11,390
2008-07-14,28.46,2008-07-14,390
2008-07-15,28.37,2008-07-15,390
2008-07-16,24.94,2008-07-16,390
2008-07-17,24.51,2008-07-17,390
2008-07-18,24.09,2008-07-18,390
2008-07-21,23.22,2008-07-21,390
2008-07-22,21.08,2008-07-22,390
2008-07-23,21.47,2008-07-23,390
2008-07-24,23.48,2008-07-24,390
2008-07-25,22.69,2008-07-25,390
2008-07-28,24.4,2008-07-28,389
2008-07-29,22.04,2008-07-29,390
2008-07-30,21.26,2008-07-30,390
2008-07-31,22.51,2008-07-31,390
2008-08-01,22.63,2008-08-01,390
2008-08-04,23.53,2008-08-04,390
2008-08-05,21.16,2008-08-05,390
2008-08-06,20.18,2008-08-06,390
2008-08-07,21.24,2008-08-07,390
2008-08-08,20.57,2008-08-08,390
2008-08-11,20.21,2008-08-11,390
2008-08-12,21.23,2008-08-12,390
2008-08-13,21.48,2008-08-13,390
2008-08-14,20.39,2008-08-14,390
2008-08-15,19.78,2008-08-15,390
2008-08-18,21.0,2008-08-18,390
2008-08-19,21.37,2008-08-19,390
2008-08-20,20.39,2008-08-20,390
2008-08-21,19.7,2008-08-21,390
2008-08-22,18.79,2008-08-22,390
2008-08-25,20.92,2008-08-25,390
2008-08-26,20.51,2008-08-26,390
2008-08-27,19.77,2008-08-27,390
2008-08-28,19.4,2008-08-28,390
2008-08-29,20.68,2008-08-29,390
2008-09-02,21.96,2008-09-02,390
2008-09-03,21.42,2008-09-03,390
2008-09-04,24.08,2008-09-04,390
2008-09-05,23.07,2008-09-05,390
2008-09-08,22.82,2008-09-08,390
2008-09-09,25.53,2008-09-09,390
2008-09-10,24.48,2008-09-10,390
2008-09-11,24.51,2008-09-11,390
2008-09-12,25.75,2008-09-12,390
2008-09-15,31.06,2008-09-15,390
2008-09-16,30.53,2008-09-16,370
2008-09-17,36.18,2008-09-17,390
2008-09-18,33.51,2008-09-18,390
2008-09-19,31.31,2008-09-19,390
2008-09-22,34.1,2008-09-22,390
2008-09-23,35.38,2008-09-23,390
2008-09-24,35.75,2008-09-24,390
2008-09-25,32.73,2008-09-25,390
2008-09-26,34.52,2008-09-26,390
2008-09-29,46.84,2008-09-29,390
2008-09-30,39.29,2008-09-30,390
2008-10-01,40.02,2008-10-01,390
2008-10-02,46.47,2008-10-02,390
2008-10-03,45.15,2008-10-03,390
2008-10-06,50.92,2008-10-06,390
2008-10-07,53.66,2008-10-07,390
2008-10-08,57.38,2008-10-08,390
2008-10-09,62.78,2008-10-09,390
2008-10-10,68.84,2008-10-10,390
2008-10-13,54.78,2008-10-13,390
2008-10-14,55.43,2008-10-14,381
2008-10-15,68.41,2008-10-15,390
2008-10-16,67.05,2008-10-16,390
2008-10-17,69.69,2008-10-17,390
2008-10-20,53.97,2008-10-20,390
2008-10-21,53.93,2008-10-21,390
2008-10-22,69.07,2008-10-22,381
2008-10-23,69.27,2008-10-23,390
2008-10-24,78.71,2008-10-24,390
2008-10-27,78.15,2008-10-27,390
2008-10-28,65.89,2008-10-28,388
2008-10-29,69.89,2008-10-29,387
2008-10-30,63.53,2008-10-30,390
2008-10-31,58.99,2008-10-31,378
2008-11-03,54.2,2008-11-03,390
2008-11-04,47.76,2008-11-04,390
2008-11-05,55.22,2008-11-05,390
2008-11-06,63.9,2008-11-06,390
2008-11-07,57.39,2008-11-07,390
2008-11-10,60.08,2008-11-10,390
2008-11-11,61.14,2008-11-11,390
2008-11-12,66.43,2008-11-12,390
2008-11-13,59.39,2008-11-13,390
2008-11-14,65.34,2008-11-14,390
2008-11-17,69.19,2008-11-17,390
2008-11-18,68.64,2008-11-18,390
2008-11-19,74.65,2008-11-19,388
2008-11-20,81.08,2008-11-20,390
2008-11-21,72.05,2008-11-21,390
2008-11-24,64.67,2008-11-24,390
2008-11-25,60.91,2008-11-25,377
2008-11-26,54.93,2008-11-26,389
2008-11-28,55.28,2008-11-28,268
2008-12-01,68.21,2008-12-01,390
2008-12-02,63.23,2008-12-02,390
2008-12-03,60.76,2008-12-03,390
2008-12-04,64.08,2008-12-04,390
2008-12-05,59.73,2008-12-05,390
2008-12-08,57.99,2008-12-08,390
2008-12-09,58.8,2008-12-09,390
2008-12-10,55.72,2008-12-10,390
2008-12-11,55.85,2008-12-11,390
2008-12-12,54.73,2008-12-12,390
2008-12-15,57.01,2008-12-15,390
2008-12-16,50.96,2008-12-16,390
2008-12-17,49.88,2008-12-17,389
2008-12-18,48.15,2008-12-18,390
2008-12-19,45.38,2008-12-19,390
2008-12-22,44.74,2008-12-22,390
2008-12-23,44.85,2008-12-23,390
2008-12-24,44.21,2008-12-24,225
2008-12-26,43.43,2008-12-26,390
2008-12-29,44.16,2008-12-29,390
2008-12-30,41.83,2008-12-30,390
2008-12-31,39.39,2008-12-31,390
2009-01-02,38.39,2009-01-02,390
2009-01-05,39.19,2009-01-05,390
2009-01-06,38.48,2009-01-06,390
2009-01-07,43.42,2009-01-07,388
2009-01-08,42.63,2009-01-08,379
2009-01-09,42.96,2009-01-09,390
2009-01-12,46.08,2009-01-12,390
2009-01-13,43.42,2009-01-13,390
2009-01-14,49.02,2009-01-14,390
2009-01-15,51.01,2009-01-15,390
2009-01-16,46.35,2009-01-16,390
2009-01-20,56.91,2009-01-20,390
2009-01-21,46.43,2009-01-21,386
2009-01-22,47.77,2009-01-22,390
2009-01-23,47.0,2009-01-23,390
2009-01-26,45.53,2009-01-26,390
2009-01-27,42.39,2009-01-27,390
2009-01-28,39.78,2009-01-28,390
2009-01-29,42.73,2009-01-29,390
2009-01-30,45.06,2009-01-30,390
2009-02-02,45.58,2009-02-02,390
2009-02-03,42.94,2009-02-03,390
2009-02-04,43.95,2009-02-04,390
2009-02-05,43.45,2009-02-05,390
2009-02-06,43.64,2009-02-06,390
2009-02-09,43.55,2009-02-09,390
2009-02-10,46.86,2009-02-10,390
2009-02-11,44.62,2009-02-11,390
2009-02-12,41.98,2009-02-12,390
2009-02-13,42.57,2009-02-13,390
2009-02-17,48.36,2009-02-17,390
2009-02-18,46.11,2009-02-18,390
2009-02-19,47.08,2009-02-19,390
2009-02-20,49.35,2009-02-20,390
2009-02-23,52.93,2009-02-23,390
2009-02-24,44.81,2009-02-24,390
2009-02-25,44.35,2009-02-25,390
2009-02-26,44.9,2009-02-26,390
2009-02-27,46.06,2009-02-27,390
2009-03-02,52.95,2009-03-02,390
2009-03-03,49.79,2009-03-03,390
2009-03-04,47.01,2009-03-04,390
2009-03-05,50.68,2009-03-05,390
2009-03-06,49.94,2009-03-06,390
2009-03-09,49.98,2009-03-09,390
2009-03-10,44.33,2009-03-10,390
2009-03-11,43.45,2009-03-11,390
2009-03-12,41.33,2009-03-12,390
2009-03-13,42.26,2009-03-13,390
2009-03-16,43.98,2009-03-16,390
2009-03-17,41.01,2009-03-17,390
2009-03-18,40.59,2009-03-18,390
2009-03-19,43.93,2009-03-19,390
2009-03-20,46.5,2009-03-20,390
2009-03-23,42.33,2009-03-23,390
2009-03-24,43.03,2009-03-24,390
2009-03-25,42.11,2009-03-25,390
2009-03-26,40.48,2009-03-26,390
2009-03-27,41.2,2009-03-27,390
2009-03-30,45.67,2009-03-30,390
2009-03-31,43.85,2009-03-31,390
2009-04-01,42.44,2009-04-01,390
2009-04-02,42.45,2009-04-02,390
2009-04-03,40.32,2009-04-03,390
2009-04-06,40.95,2009-04-06,390
2009-04-07,40.71,2009-04-07,390
2009-04-08,38.96,2009-04-08,390
2009-04-09,36.88,2009-04-09,390
2009-04-13,37.76,2009-04-13,390
2009-04-14,37.73,2009-04-14,390
2009-04-15,36.22,2009-04-15,390
2009-04-16,35.84,2009-04-16,390
2009-04-17,33.95,2009-04-17,390
2009-04-20,39.51,2009-04-20,390
2009-04-21,37.24,2009-04-21,390
2009-04-22,37.86,2009-04-22,390
2009-04-23,37.22,2009-04-23,390
2009-04-24,36.87,2009-04-24,390
2009-04-27,38.62,2009-04-27,390
2009-04-28,38.05,2009-04-28,390
2009-04-29,36.25,2009-04-29,390
2009-04-30,36.25,2009-04-30,390
2009-05-01,35.38,2009-05-01,390
2009-05-04,34.31,2009-05-04,390
2009-05-05,33.71,2009-05-05,390
2009-05-06,32.52,2009-05-06,390
2009-05-07,33.72,2009-05-07,390
2009-05-08,31.95,2009-05-08,390
2009-05-11,33.25,2009-05-11,390
2009-05-12,31.97,2009-05-12,390
2009-05-13,33.67,2009-05-13,390
2009-05-14,31.39,2009-05-14,390
2009-05-15,33.26,2009-05-15,387
2009-05-18,30.0,2009-05-18,390
2009-05-19,28.72,2009-05-19,390
2009-05-20,29.07,2009-05-20,389
2009-05-21,31.81,2009-05-21,390
2009-05-22,32.55,2009-05-22,390
2009-05-26,30.8,2009-05-26,390
2009-05-27,32.45,2009-05-27,390
2009-05-28,31.71,2009-05-28,390
2009-05-29,29.19,2009-05-29,390
2009-06-01,29.89,2009-06-01,390
2009-06-02,29.53,2009-06-02,390
2009-06-03,31.06,2009-06-03,390
2009-06-04,30.14,2009-06-04,390
2009-06-05,29.64,2009-06-05,390
2009-06-08,29.94,2009-06-08,381
2009-06-09,28.09,2009-06-09,390
2009-06-10,28.64,2009-06-10,390
2009-06-11,28.01,2009-06-11,390
2009-06-12,28.13,2009-06-12,390
2009-06-15,30.8,2009-06-15,390
2009-06-16,32.67,2009-06-16,390
2009-06-17,31.45,2009-06-17,383
2009-06-18,30.06,2009-06-18,390
2009-06-19,28.0,2009-06-19,390
2009-06-22,31.14,2009-06-22,390
2009-06-23,30.59,2009-06-23,390
2009-06-24,29.15,2009-06-24,390
2009-06-25,26.44,2009-06-25,390
2009-06-26,26.06,2009-06-26,390
2009-06-29,25.35,2009-06-29,390
2009-06-30,26.55,2009-06-30,390
2009-07-01,26.27,2009-07-01,390
2009-07-02,27.83,2009-07-02,390
2009-07-06,29.22,2009-07-06,390
2009-07-07,30.89,2009-07-07,390
2009-07-08,31.19,2009-07-08,390
2009-07-09,29.91,2009-07-09,390
2009-07-10,28.97,2009-07-10,390
2009-07-13,25.66,2009-07-13,390
2009-07-14,25.12,2009-07-14,390
2009-07-15,25.89,2009-07-15,390
2009-07-16,25.19,2009-07-16,390
2009-07-17,24.27,2009-07-17,390
2009-07-20,24.37,2009-07-20,390
2009-07-21,23.9,2009-07-21,390
2009-07-22,23.37,2009-07-22,389
2009-07-23,23.34,2009-07-23,390
2009-07-24,23.15,2009-07-24,390
2009-07-27,24.29,2009-07-27,390
2009-07-28,24.95,2009-07-28,390
2009-07-29,25.7,2009-07-29,390
2009-07-30,25.45,2009-07-30,390
2009-07-31,25.8,2009-07-31,390
2009-08-03,25.59,2009-08-03,390
2009-08-04,25.02,2009-08-04,390
2009-08-05,24.93,2009-08-05,390
2009-08-06,25.7,2009-08-06,390
2009-08-07,24.73,2009-08-07,390
2009-08-10,25.04,2009-08-10,390
2009-08-11,25.96,2009-08-11,390
2009-08-12,25.45,2009-08-12,390
2009-08-13,24.9,2009-08-13,390
2009-08-14,24.45,2009-08-14,390
2009-08-17,27.74,2009-08-17,390
2009-08-18,26.27,2009-08-18,390
2009-08-19,26.43,2009-08-19,390
2009-08-20,24.98,2009-08-20,390
2009-08-21,25.01,2009-08-21,390
2009-08-24,25.11,2009-08-24,390
2009-08-25,24.95,2009-08-25,379
2009-08-26,24.97,2009-08-26,390
2009-08-27,24.69,2009-08-27,390
2009-08-28,24.68,2009-08-28,390
2009-08-31,26.09,2009-08-31,390
2009-09-01,29.11,2009-09-01,390
2009-09-02,28.93,2009-09-02,390
2009-09-03,27.06,2009-09-03,390
2009-09-04,25.12,2009-09-04,390
2009-09-08,25.65,2009-09-08,390
2009-09-09,24.28,2009-09-09,390
2009-09-10,23.51,2009-09-10,390
2009-09-11,24.1,2009-09-11,390
2009-09-14,23.83,2009-09-14,390
2009-09-15,23.31,2009-09-15,390
2009-09-16,23.74,2009-09-16,388
2009-09-17,23.7,2009-09-17,390
2009-09-18,23.84,2009-09-18,390
2009-09-21,24.02,2009-09-21,390
2009-09-22,23.19,2009-09-22,390
2009-09-23,23.57,2009-09-23,390
2009-09-24,24.92,2009-09-24,390
2009-09-25,25.36,2009-09-25,390
2009-09-28,24.98,2009-09-28,390
2009-09-29,25.08,2009-09-29,390
2009-09-30,25.86,2009-09-30,390
2009-10-01,28.39,2009-10-01,390
2009-10-02,28.65,2009-10-02,390
2009-10-05,26.96,2009-10-05,390
2009-10-06,25.64,2009-10-06,390
2009-10-07,24.75,2009-10-07,390
2009-10-08,24.35,2009-10-08,390
2009-10-09,23.05,2009-10-09,390
2009-10-12,23.21,2009-10-12,336
2009-10-13,22.92,2009-10-13,390
2009-10-14,22.86,2009-10-14,390
2009-10-15,21.57,2009-10-15,390
2009-10-16,21.27,2009-10-16,390
2009-10-19,21.28,2009-10-19,390
2009-10-20,21.03,2009-10-20,390
2009-10-21,21.97,2009-10-21,390
2009-10-22,20.77,2009-10-22,390
2009-10-23,22.34,2009-10-23,390
2009-10-26,24.51,2009-10-26,390
2009-10-27,24.97,2009-10-27,390
2009-10-28,27.78,2009-10-28,390
2009-10-29,24.74,2009-10-29,390
2009-10-30,30.82,2009-10-30,390
2009-11-02,29.99,2009-11-02,390
2009-11-03,28.91,2009-11-03,390
2009-11-04,27.96,2009-11-04,390
2009-11-05,25.44,2009-11-05,390
2009-11-06,24.19,2009-11-06,390
2009-11-09,23.22,2009-11-09,349
2009-11-10,22.93,2009-11-10,390
2009-11-11,23.01,2009-11-11,390
2009-11-12,24.38,2009-11-12,390
2009-11-13,23.4,2009-11-13,390
2009-11-16,22.8,2009-11-16,390
2009-11-17,22.3,2009-11-17,390
2009-11-18,21.84,2009-11-18,390
2009-11-19,22.65,2009-11-19,390
2009-11-20,22.27,2009-11-20,388
2009-11-23,21.19,2009-11-23,390
2009-11-24,20.39,2009-11-24,390
2009-11-25,20.54,2009-11-25,390
2009-11-27,24.74,2009-11-27,279
2009-11-30,24.47,2009-11-30,390
2009-12-01,21.97,2009-12-01,390
2009-12-02,21.15,2009-12-02,390
2009-12-03,22.47,2009-12-03,390
2009-12-04,21.56,2009-12-04,390
2009-12-07,22.19,2009-12-07,390
2009-12-08,23.46,2009-12-08,390
2009-12-09,22.76,2009-12-09,390
2009-12-10,22.38,2009-12-10,390
2009-12-11,21.72,2009-12-11,390
2009-12-14,21.03,2009-12-14,390
2009-12-15,21.79,2009-12-15,390
2009-12-16,21.0,2009-12-16,390
2009-12-17,22.84,2009-12-17,390
2009-12-18,21.69,2009-12-18,390
2009-12-21,20.41,2009-12-21,390
2009-12-22,19.58,2009-12-22,390
2009-12-23,19.71,2009-12-23,390
2009-12-24,19.47,2009-12-24,292
2009-12-28,19.93,2009-12-28,390
2009-12-29,20.06,2009-12-29,390
2009-12-30,19.99,2009-12-30,390
2009-12-31,21.7,2009-12-31,390
2010-01-04,20.08,2010-01-04,390
2010-01-05,19.5,2010-01-05,390
2010-01-06,19.17,2010-01-06,390
2010-01-07,19.01,2010-01-07,390
2010-01-08,18.16,2010-01-08,390
2010-01-11,17.54,2010-01-11,390
2010-01-12,18.57,2010-01-12,390
2010-01-13,17.84,2010-01-13,390
2010-01-14,17.75,2010-01-14,390
2010-01-15,18.14,2010-01-15,390
2010-01-19,17.54,2010-01-19,390
2010-01-20,18.66,2010-01-20,390
2010-01-21,22.11,2010-01-21,390
2010-01-22,27.79,2010-01-22,390
2010-01-25,25.28,2010-01-25,390
2010-01-26,24.36,2010-01-26,390
2010-01-27,23.23,2010-01-27,390
2010-01-28,23.64,2010-01-28,390
2010-01-29,24.54,2010-01-29,390
2010-02-01,22.67,2010-02-01,390
2010-02-02,21.44,2010-02-02,390
2010-02-03,21.86,2010-02-03,390
2010-02-04,26.2,2010-02-04,390
2010-02-05,26.04,2010-02-05,390
2010-02-08,26.57,2010-02-08,390
2010-02-09,25.86,2010-02-09,390
2010-02-10,25.37,2010-02-10,390
2010-02-11,24.04,2010-02-11,390
2010-02-12,23.05,2010-02-12,390
2010-02-16,22.33,2010-02-16,390
2010-02-17,21.75,2010-02-17,390
2010-02-18,20.71,2010-02-18,390
2010-02-19,20.05,2010-02-19,390
2010-02-22,20.04,2010-02-22,390
2010-02-23,21.59,2010-02-23,390
2010-02-24,20.33,2010-02-24,390
2010-02-25,20.34,2010-02-25,390
2010-02-26,19.84,2010-02-26,390
2010-03-01,19.26,2010-03-01,390
2010-03-02,19.12,2010-03-02,390
2010-03-03,18.82,2010-03-03,390
2010-03-04,18.77,2010-03-04,390
2010-03-05,17.34,2010-03-05,390
2010-03-08,17.71,2010-03-08,390
2010-03-09,17.97,2010-03-09,390
2010-03-10,18.57,2010-03-10,390
2010-03-11,18.11,2010-03-11,390
2010-03-12,17.71,2010-03-12,390
2010-03-15,17.97,2010-03-15,390
2010-03-16,17.57,2010-03-16,390
2010-03-17,16.88,2010-03-17,389
2010-03-18,16.57,2010-03-18,390
2010-03-19,17.12,2010-03-19,390
2010-03-22,16.88,2010-03-22,390
2010-03-23,16.28,2010-03-23,390
2010-03-24,17.5,2010-03-24,390
2010-03-25,18.46,2010-03-25,390
2010-03-26,17.93,2010-03-26,390
2010-03-29,17.62,2010-03-29,390
2010-03-30,17.24,2010-03-30,390
2010-03-31,17.7,2010-03-31,390
2010-04-01,17.57,2010-04-01,390
2010-04-05,17.18,2010-04-05,390
2010-04-06,16.4,2010-04-06,390
2010-04-07,16.77,2010-04-07,390
2010-04-08,16.43,2010-04-08,390
2010-04-09,16.15,2010-04-09,390
2010-04-12,15.5,2010-04-12,390
2010-04-13,16.15,2010-04-13,390
2010-04-14,15.74,2010-04-14,390
2010-04-15,15.92,2010-04-15,390
2010-04-16,18.37,2010-04-16,390
2010-04-19,17.56,2010-04-19,390
2010-04-20,16.02,2010-04-20,390
2010-04-21,16.25,2010-04-21,389
2010-04-22,16.3,2010-04-22,390
2010-04-23,16.68,2010-04-23,390
2010-04-26,17.44,2010-04-26,390
2010-04-27,23.14,2010-04-27,390
2010-04-28,21.26,2010-04-28,390
2010-04-29,18.66,2010-04-29,390
2010-04-30,22.24,2010-04-30,390
2010-05-03,20.23,2010-05-03,390
2010-05-04,24.2,2010-05-04,390
2010-05-05,25.29,2010-05-05,390
2010-05-06,34.17,2010-05-06,389
2010-05-07,41.5,2010-05-07,389
2010-05-10,28.94,2010-05-10,390
2010-05-11,28.24,2010-05-11,390
2010-05-12,25.64,2010-05-12,390
2010-05-13,26.68,2010-05-13,390
2010-05-14,31.48,2010-05-14,390
2010-05-17,30.83,2010-05-17,390
2010-05-18,33.3,2010-05-18,390
2010-05-19,35.15,2010-05-19,390
2010-05-20,45.67,2010-05-20,390
2010-05-21,40.35,2010-05-21,390
2010-05-24,38.28,2010-05-24,390
2010-05-25,34.69,2010-05-25,390
2010-05-26,34.39,2010-05-26,390
2010-05-27,29.59,2010-05-27,390
2010-05-28,32.18,2010-05-28,390
2010-06-01,35.54,2010-06-01,390
2010-06-02,30.05,2010-06-02,390
2010-06-03,29.73,2010-06-03,390
2010-06-04,35.72,2010-06-04,390
2010-06-07,36.57,2010-06-07,390
2010-06-08,33.69,2010-06-08,390
2010-06-09,33.77,2010-06-09,390
2010-06-10,30.41,2010-06-10,390
2010-06-11,28.75,2010-06-11,390
2010-06-14,28.61,2010-06-14,390
2010-06-15,25.8,2010-06-15,390
2010-06-16,26.09,2010-06-16,390
2010-06-17,25.2,2010-06-17,390
2010-06-18,23.83,2010-06-18,390
2010-06-21,25.11,2010-06-21,390
2010-06-22,26.92,2010-06-22,390
2010-06-23,27.03,2010-06-23,390
2010-06-24,30.15,2010-06-24,390
2010-06-25,28.55,2010-06-25,390
2010-06-28,28.92,2010-06-28,390
2010-06-29,34.53,2010-06-29,390
2010-06-30,34.46,2010-06-30,390
2010-07-01,32.82,2010-07-01,390
2010-07-02,29.93,2010-07-02,390
2010-07-06,29.93,2010-07-06,390
2010-07-07,26.95,2010-07-07,390
2010-07-08,25.89,2010-07-08,390
2010-07-09,24.91,2010-07-09,390
2010-07-12,24.57,2010-07-12,390
2010-07-13,24.45,2010-07-13,390
2010-07-14,25.2,2010-07-14,390
2010-07-15,25.26,2010-07-15,390
2010-07-16,26.44,2010-07-16,390
2010-07-19,25.7,2010-07-19,390
2010-07-20,24.04,2010-07-20,390
2010-07-21,25.92,2010-07-21,389
2010-07-22,24.56,2010-07-22,390
2010-07-23,23.63,2010-07-23,390
2010-07-26,22.8,2010-07-26,390
2010-07-27,23.11,2010-07-27,390
2010-07-28,24.15,2010-07-28,390
2010-07-29,23.98,2010-07-29,390
2010-07-30,23.62,2010-07-30,390
2010-08-02,22.0,2010-08-02,390
2010-08-03,22.71,2010-08-03,390
2010-08-04,22.23,2010-08-04,390
2010-08-05,22.14,2010-08-05,390
2010-08-06,21.8,2010-08-06,390
2010-08-09,22.18,2010-08-09,390
2010-08-10,22.36,2010-08-10,390
2010-08-11,25.2,2010-08-11,390
2010-08-12,25.56,2010-08-12,390
2010-08-13,26.16,2010-08-13,390
2010-08-16,25.71,2010-08-16,390
2010-08-17,24.26,2010-08-17,390
2010-08-18,24.08,2010-08-18,390
2010-08-19,26.27,2010-08-19,390
2010-08-20,25.59,2010-08-20,390
2010-08-23,25.58,2010-08-23,390
2010-08-24,27.44,2010-08-24,390
2010-08-25,26.84,2010-08-25,390
2010-08-26,27.17,2010-08-26,390
2010-08-27,24.45,2010-08-27,390
2010-08-30,26.99,2010-08-30,390
2010-08-31,26.2,2010-08-31,390
2010-09-01,24.17,2010-09-01,390
2010-09-02,23.19,2010-09-02,390
2010-09-03,21.34,2010-09-03,390
2010-09-07,23.79,2010-09-07,390
2010-09-08,23.39,2010-09-08,390
2010-09-09,22.57,2010-09-09,390
2010-09-10,21.86,2010-09-10,390
2010-09-13,21.17,2010-09-13,390
2010-09-14,21.53,2010-09-14,390
2010-09-15,22.22,2010-09-15,389
2010-09-16,22.01,2010-09-16,390
2010-09-17,22.03,2010-09-17,390
2010-09-20,21.37,2010-09-20,390
2010-09-21,22.41,2010-09-21,390
2010-09-22,22.59,2010-09-22,390
2010-09-23,23.98,2010-09-23,390
2010-09-24,21.78,2010-09-24,390
2010-09-27,22.56,2010-09-27,390
2010-09-28,22.58,2010-09-28,390
2010-09-29,23.32,2010-09-29,390
2010-09-30,23.78,2010-09-30,390
2010-10-01,22.52,2010-10-01,390
2010-10-04,23.68,2010-10-04,390
2010-10-05,21.86,2010-10-05,390
2010-10-06,21.51,2010-10-06,390
2010-10-07,21.67,2010-10-07,390
2010-10-08,20.71,2010-10-08,390
2010-10-11,18.95,2010-10-11,390
2010-10-12,18.91,2010-10-12,390
2010-10-13,19.1,2010-10-13,390
2010-10-14,20.15,2010-10-14,390
2010-10-15,19.39,2010-10-15,390
2010-10-18,18.94,2010-10-18,390
2010-10-19,20.85,2010-10-19,390
2010-10-20,19.87,2010-10-20,390
2010-10-21,19.38,2010-10-21,390
2010-10-22,18.84,2010-10-22,390
2010-10-25,19.86,2010-10-25,390
2010-10-26,20.25,2010-10-26,390
2010-10-27,20.71,2010-10-27,390
2010-10-28,20.8,2010-10-28,390
2010-10-29,21.23,2010-10-29,390
2010-11-01,21.99,2010-11-01,390
2010-11-02,21.78,2010-11-02,390
2010-11-03,19.72,2010-11-03,390
2010-11-04,18.55,2010-11-04,390
2010-11-05,18.26,2010-11-05,390
2010-11-08,18.29,2010-11-08,390
2010-11-09,19.14,2010-11-09,390
2010-11-10,18.43,2010-11-10,390
2010-11-11,18.62,2010-11-11,390
2010-11-12,20.64,2010-11-12,390
2010-11-15,20.24,2010-11-15,390
2010-11-16,22.67,2010-11-16,390
2010-11-17,21.73,2010-11-17,390
2010-11-18,18.95,2010-11-18,390
2010-11-19,18.03,2010-11-19,390
2010-11-22,18.51,2010-11-22,390
2010-11-23,20.65,2010-11-23,390
2010-11-24,19.51,2010-11-24,390
2010-11-26,22.22,2010-11-26,224
2010-11-29,21.62,2010-11-29,390
2010-11-30,23.72,2010-11-30,390
2010-12-01,21.36,2010-12-01,390
2010-12-02,19.56,2010-12-02,390
2010-12-03,17.94,2010-12-03,390
2010-12-06,18.08,2010-12-06,390
2010-12-07,18.1,2010-12-07,390
2010-12-08,17.82,2010-12-08,390
2010-12-09,17.32,2010-12-09,390
2010-12-10,17.47,2010-12-10,390
2010-12-13,17.64,2010-12-13,390
2010-12-14,17.69,2010-12-14,390
2010-12-15,17.93,2010-12-15,390
2010-12-16,17.36,2010-12-16,390
2010-12-17,16.07,2010-12-17,390
2010-12-20,16.22,2010-12-20,390
2010-12-21,16.46,2010-12-21,390
2010-12-22,15.48,2010-12-22,390
2010-12-23,16.47,2010-12-23,390
2010-12-27,17.69,2010-12-27,390
2010-12-28,17.52,2010-12-28,390
2010-12-29,17.24,2010-12-29,390
2010-12-30,17.55,2010-12-30,390
2010-12-31,18.0,2010-12-31,390
2011-01-03,17.55,2011-01-03,390
2011-01-04,17.36,2011-01-04,390
2011-01-05,16.98,2011-01-05,390
2011-01-06,17.39,2011-01-06,390
2011-01-07,17.11,2011-01-07,390
2011-01-10,17.55,2011-01-10,390
2011-01-11,16.9,2011-01-11,390
2011-01-12,16.33,2011-01-12,390
2011-01-13,16.45,2011-01-13,390
2011-01-14,15.41,2011-01-14,390
2011-01-18,15.84,2011-01-18,390
2011-01-19,17.44,2011-01-19,390
2011-01-20,18.03,2011-01-20,390
2011-01-21,18.49,2011-01-21,390
2011-01-24,17.75,2011-01-24,390
2011-01-25,17.63,2011-01-25,390
2011-01-26,16.67,2011-01-26,390
2011-01-27,16.16,2011-01-27,390
2011-01-28,20.03,2011-01-28,390
2011-01-31,19.56,2011-01-31,374
2011-02-01,17.59,2011-02-01,390
2011-02-02,17.37,2011-02-02,390
2011-02-03,16.66,2011-02-03,390
2011-02-04,15.93,2011-02-04,390
2011-02-07,16.37,2011-02-07,389
2011-02-08,15.84,2011-02-08,389
2011-02-09,16.07,2011-02-09,390
2011-02-10,16.15,2011-02-10,390
2011-02-11,15.72,2011-02-11,390
2011-02-14,15.85,2011-02-14,390
2011-02-15,16.39,2011-02-15,390
2011-02-16,16.65,2011-02-16,390
2011-02-17,16.6,2011-02-17,390
2011-02-18,16.53,2011-02-18,390
2011-02-22,20.92,2011-02-22,390
2011-02-23,21.93,2011-02-23,390
2011-02-24,21.17,2011-02-24,390
2011-02-25,19.22,2011-02-25,390
2011-02-28,18.36,2011-02-28,390
2011-03-01,20.68,2011-03-01,390
2011-03-02,20.63,2011-03-02,390
2011-03-03,18.63,2011-03-03,390
2011-03-04,19.07,2011-03-04,390
2011-03-07,20.61,2011-03-07,390
2011-03-08,19.66,2011-03-08,390
2011-03-09,19.92,2011-03-09,390
2011-03-10,21.87,2011-03-10,390
2011-03-11,20.37,2011-03-11,390
2011-03-14,21.16,2011-03-14,390
2011-03-15,24.25,2011-03-15,390
2011-03-16,29.36,2011-03-16,390
2011-03-17,26.71,2011-03-17,390
2011-03-18,24.48,2011-03-18,390
2011-03-21,20.57,2011-03-21,390
2011-03-22,20.13,2011-03-22,390
2011-03-23,19.12,2011-03-23,390
2011-03-24,18.05,2011-03-24,390
2011-03-25,17.95,2011-03-25,390
2011-03-28,19.02,2011-03-28,390
2011-03-29,18.38,2011-03-29,390
2011-03-30,17.72,2011-03-30,390
2011-03-31,17.79,2011-03-31,390
2011-04-01,17.53,2011-04-01,390
2011-04-04,17.68,2011-04-04,390
2011-04-05,17.18,2011-04-05,390
2011-04-06,16.67,2011-04-06,390
2011-04-07,17.09,2011-04-07,390
2011-04-08,17.85,2011-04-08,390
2011-04-11,16.47,2011-04-11,390
2011-04-12,17.25,2011-04-12,390
2011-04-13,16.83,2011-04-13,390
2011-04-14,16.1,2011-04-14,390
2011-04-15,15.61,2011-04-15,390
2011-04-18,17.0,2011-04-18,390
2011-04-19,15.85,2011-04-19,390
2011-04-20,15.1,2011-04-20,389
2011-04-21,14.55,2011-04-21,390
2011-04-25,15.72,2011-04-25,390
2011-04-26,15.56,2011-04-26,390
2011-04-27,15.3,2011-04-27,390
2011-04-28,14.38,2011-04-28,390
2011-04-29,14.84,2011-04-29,390
2011-05-02,15.95,2011-05-02,390
2011-05-03,16.72,2011-05-03,390
2011-05-04,17.12,2011-05-04,390
2011-05-05,18.48,2011-05-05,390
2011-05-06,18.51,2011-05-06,390
2011-05-09,17.17,2011-05-09,390
2011-05-10,15.93,2011-05-10,390
2011-05-11,16.9,2011-05-11,389
2011-05-12,16.09,2011-05-12,390
2011-05-13,17.01,2011-05-13,390
2011-05-16,18.02,2011-05-16,390
2011-05-17,17.6,2011-05-17,390
2011-05-18,16.23,2011-05-18,389
2011-05-19,15.62,2011-05-19,390
2011-05-20,17.15,2011-05-20,390
2011-05-23,17.94,2011-05-23,390
2011-05-24,17.81,2011-05-24,390
2011-05-25,17.0,2011-05-25,390
2011-05-26,16.21,2011-05-26,390
2011-05-27,16.04,2011-05-27,390
2011-05-31,15.47,2011-05-31,390
2011-06-01,18.45,2011-06-01,390
2011-06-02,18.16,2011-06-02,390
2011-06-03,17.94,2011-06-03,390
2011-06-06,18.51,2011-06-06,390
2011-06-07,18.45,2011-06-07,390
2011-06-08,18.77,2011-06-08,390
2011-06-09,17.71,2011-06-09,390
2011-06-10,18.97,2011-06-10,390
2011-06-13,19.6,2011-06-13,390
2011-06-14,18.32,2011-06-14,390
2011-06-15,21.34,2011-06-15,389
2011-06-16,22.88,2011-06-16,390
2011-06-17,21.75,2011-06-17,390
2011-06-20,20.05,2011-06-20,390
2011-06-21,18.68,2011-06-21,390
2011-06-22,18.49,2011-06-22,390
2011-06-23,19.35,2011-06-23,390
2011-06-24,21.11,2011-06-24,390
2011-06-27,20.7,2011-06-27,390
2011-06-28,19.23,2011-06-28,390
2011-06-29,17.21,2011-06-29,390
2011-06-30,16.45,2011-06-30,390
2011-07-01,15.92,2011-07-01,390
2011-07-05,16.22,2011-07-05,390
2011-07-06,16.35,2011-07-06,390
2011-07-07,16.02,2011-07-07,390
2011-07-08,16.02,2011-07-08,390
2011-07-11,18.76,2011-07-11,390
2011-07-12,20.03,2011-07-12,390
2011-07-13,19.88,2011-07-13,390
2011-07-14,21.08,2011-07-14,390
2011-07-15,19.57,2011-07-15,390
2011-07-18,21.06,2011-07-18,390
2011-07-19,19.17,2011-07-19,390
2011-07-20,19.13,2011-07-20,390
2011-07-21,17.75,2011-07-21,390
2011-07-22,17.4,2011-07-22,390
2011-07-25,19.39,2011-07-25,390
2011-07-26,20.05,2011-07-26,390
2011-07-27,23.03,2011-07-27,390
2011-07-28,23.73,2011-07-28,390
2011-07-29,25.94,2011-07-29,390
2011-08-01,23.46,2011-08-01,390
2011-08-02,24.63,2011-08-02,390
2011-08-03,23.45,2011-08-03,390
2011-08-04,31.89,2011-08-04,390
2011-08-05,32.9,2011-08-05,387
2011-08-08,46.36,2011-08-08,387
2011-08-09,35.05,2011-08-09,390
2011-08-10,43.63,2011-08-10,390
2011-08-11,39.54,2011-08-11,390
2011-08-12,36.78,2011-08-12,390
2011-08-15,31.88,2011-08-15,390
2011-08-16,33.13,2011-08-16,390
2011-08-17,31.47,2011-08-17,390
2011-08-18,43.7,2011-08-18,390
2011-08-19,43.8,2011-08-19,390
2011-08-22,42.46,2011-08-22,390
2011-08-23,36.14,2011-08-23,390
2011-08-24,35.36,2011-08-24,390
2011-08-25,40.0,2011-08-25,390
2011-08-26,35.77,2011-08-26,390
2011-08-29,32.27,2011-08-29,390
2011-08-30,32.35,2011-08-30,390
2011-08-31,31.79,2011-08-31,390
2011-09-01,31.81,2011-09-01,390
2011-09-02,33.69,2011-09-02,390
2011-09-06,37.09,2011-09-06,389
2011-09-07,33.46,2011-09-07,390
2011-09-08,34.25,2011-09-08,390
2011-09-09,39.4,2011-09-09,390
2011-09-12,38.95,2011-09-12,390
2011-09-13,37.13,2011-09-13,390
2011-09-14,34.64,2011-09-14,390
2011-09-15,32.05,2011-09-15,390
2011-09-16,31.2,2011-09-16,390
2011-09-19,32.83,2011-09-19,390
2011-09-20,32.78,2011-09-20,390
2011-09-21,37.12,2011-09-21,390
2011-09-22,42.06,2011-09-22,390
2011-09-23,41.83,2011-09-23,390
2011-09-26,39.24,2011-09-26,390
2011-09-27,37.92,2011-09-27,390
2011-09-28,41.15,2011-09-28,390
2011-09-29,39.03,2011-09-29,390
2011-09-30,41.93,2011-09-30,390
2011-10-03,44.91,2011-10-03,390
2011-10-04,40.37,2011-10-04,390
2011-10-05,37.57,2011-10-05,390
2011-10-06,36.26,2011-10-06,386
2011-10-07,36.46,2011-10-07,390
2011-10-10,33.06,2011-10-10,390
2011-10-11,32.8,2011-10-11,390
2011-10-12,30.99,2011-10-12,390
2011-10-13,30.76,2011-10-13,390
2011-10-14,28.12,2011-10-14,390
2011-10-17,32.8,2011-10-17,390
2011-10-18,31.65,2011-10-18,390
2011-10-19,34.79,2011-10-19,390
2011-10-20,34.75,2011-10-20,390
2011-10-21,31.53,2011-10-21,390
2011-10-24,28.88,2011-10-24,390
2011-10-25,32.09,2011-10-25,390
2011-10-26,29.91,2011-10-26,390
2011-10-27,25.62,2011-10-27,390
2011-10-28,24.51,2011-10-28,390
2011-10-31,29.73,2011-10-31,390
2011-11-01,35.52,2011-11-01,390
2011-11-02,32.87,2011-11-02,390
2011-11-03,30.41,2011-11-03,390
2011-11-04,30.29,2011-11-04,390
2011-11-07,29.94,2011-11-07,390
2011-11-08,27.53,2011-11-08,390
2011-11-09,36.27,2011-11-09,390
2011-11-10,32.8,2011-11-10,390
2011-11-11,29.98,2011-11-11,390
2011-11-14,31.43,2011-11-14,390
2011-11-15,31.14,2011-11-15,390
2011-11-16,33.2,2011-11-16,389
2011-11-17,34.7,2011-11-17,390
2011-11-18,31.99,2011-11-18,390
2011-11-21,33.01,2011-11-21,390
2011-11-22,31.93,2011-11-22,390
2011-11-23,33.92,2011-11-23,390
2011-11-25,34.47,2011-11-25,225
2011-11-28,31.77,2011-11-28,386
2011-11-29,30.79,2011-11-29,390
2011-11-30,27.81,2011-11-30,390
2011-12-01,27.48,2011-12-01,390
2011-12-02,27.6,2011-12-02,390
2011-12-05,27.78,2011-12-05,390
2011-12-06,27.99,2011-12-06,390
2011-12-07,28.86,2011-12-07,390
2011-12-08,30.69,2011-12-08,390
2011-12-09,26.47,2011-12-09,390
2011-12-12,25.93,2011-12-12,390
2011-12-13,25.62,2011-12-13,390
2011-12-14,26.12,2011-12-14,390
2011-12-15,25.17,2011-12-15,381
2011-12-16,24.33,2011-12-16,390
2011-12-19,25.04,2011-12-19,390
2011-12-20,23.03,2011-12-20,390
2011-12-21,21.4,2011-12-21,390
2011-12-22,21.15,2011-12-22,390
2011-12-23,20.8,2011-12-23,390
2011-12-27,21.92,2011-12-27,390
2011-12-28,23.42,2011-12-28,390
2011-12-29,22.67,2011-12-29,390
2011-12-30,23.38,2011-12-30,390
2012-01-03,22.96,2012-01-03,390
2012-01-04,22.26,2012-01-04,390
2012-01-05,21.38,2012-01-05,390
2012-01-06,20.64,2012-01-06,390
2012-01-09,21.07,2012-01-09,390
2012-01-10,20.65,2012-01-10,389
2012-01-11,21.07,2012-01-11,390
2012-01-12,20.51,2012-01-12,390
2012-01-13,21.06,2012-01-13,390
2012-01-17,22.22,2012-01-17,390
2012-01-18,20.79,2012-01-18,390
2012-01-19,19.99,2012-01-19,390
2012-01-20,18.24,2012-01-20,390
2012-01-23,18.61,2012-01-23,390
2012-01-24,19.0,2012-01-24,390
2012-01-25,18.27,2012-01-25,390
2012-01-26,18.63,2012-01-26,390
2012-01-27,18.38,2012-01-27,390
2012-01-30,19.45,2012-01-30,390
2012-01-31,18.71,2012-01-31,390
2012-02-01,18.57,2012-02-01,390
2012-02-02,18.0,2012-02-02,390
2012-02-03,17.11,2012-02-03,389
2012-02-06,17.78,2012-02-06,390
2012-02-07,17.66,2012-02-07,390
2012-02-08,18.16,2012-02-08,390
2012-02-09,18.54,2012-02-09,390
2012-02-10,20.78,2012-02-10,390
2012-02-13,19.11,2012-02-13,390
2012-02-14,19.59,2012-02-14,390
2012-02-15,21.33,2012-02-15,390
2012-02-16,19.31,2012-02-16,390
2012-02-17,17.81,2012-02-17,390
2012-02-21,18.22,2012-02-21,390
2012-02-22,18.15,2012-02-22,390
2012-02-23,16.87,2012-02-23,390
2012-02-24,17.29,2012-02-24,390
2012-02-27,18.15,2012-02-27,390
2012-02-28,17.96,2012-02-28,390
2012-02-29,17.96,2012-02-29,390
2012-03-01,17.36,2012-03-01,390
2012-03-02,17.22,2012-03-02,390
2012-03-05,18.04,2012-03-05,390
2012-03-06,20.91,2012-03-06,390
2012-03-07,19.33,2012-03-07,390
2012-03-08,18.02,2012-03-08,390
2012-03-09,17.23,2012-03-09,390
2012-03-12,15.75,2012-03-12,390
2012-03-13,14.74,2012-03-13,390
2012-03-14,15.37,2012-03-14,390
2012-03-15,15.43,2012-03-15,390
2012-03-16,13.68,2012-03-16,390
2012-03-19,14.8,2012-03-19,390
2012-03-20,15.59,2012-03-20,390
2012-03-21,15.11,2012-03-21,390
2012-03-22,15.74,2012-03-22,390
2012-03-23,14.96,2012-03-23,390
2012-03-26,14.5,2012-03-26,390
2012-03-27,15.56,2012-03-27,390
2012-03-28,15.56,2012-03-28,390
2012-03-29,15.47,2012-03-29,390
2012-03-30,15.56,2012-03-30,390
2012-04-02,15.6,2012-04-02,390
2012-04-03,15.73,2012-04-03,390
2012-04-04,16.44,2012-04-04,390
2012-04-05,16.68,2012-04-05,390
2012-04-09,18.51,2012-04-09,390
2012-04-10,20.84,2012-04-10,390
2012-04-11,20.02,2012-04-11,390
2012-04-12,17.62,2012-04-12,390
2012-04-13,19.48,2012-04-13,390
2012-04-16,19.71,2012-04-16,390
2012-04-17,18.31,2012-04-17,390
2012-04-18,18.41,2012-04-18,389
2012-04-19,18.44,2012-04-19,390
2012-04-20,17.59,2012-04-20,390
2012-04-23,19.07,2012-04-23,390
2012-04-24,18.26,2012-04-24,390
2012-04-25,16.86,2012-04-25,390
2012-04-26,16.25,2012-04-26,390
2012-04-27,16.37,2012-04-27,390
2012-04-30,17.15,2012-04-30,390
2012-05-01,16.57,2012-05-01,390
2012-05-02,16.8,2012-05-02,390
2012-05-03,17.5,2012-05-03,390
2012-05-04,18.93,2012-05-04,390
2012-05-07,18.98,2012-05-07,390
2012-05-08,18.11,2012-05-08,390
2012-05-09,20.14,2012-05-09,390
2012-05-10,19.12,2012-05-10,390
2012-05-11,19.85,2012-05-11,390
2012-05-14,21.73,2012-05-14,390
2012-05-15,21.9,2012-05-15,390
2012-05-16,22.34,2012-05-16,390
2012-05-17,24.22,2012-05-17,390
2012-05-18,25.04,2012-05-18,390
2012-05-21,22.03,2012-05-21,390
2012-05-22,22.37,2012-05-22,387
2012-05-23,22.3,2012-05-23,390
2012-05-24,21.7,2012-05-24,390
2012-05-25,21.3,2012-05-25,390
2012-05-29,21.26,2012-05-29,390
2012-05-30,23.55,2012-05-30,390
2012-05-31,23.81,2012-05-31,390
2012-06-01,26.53,2012-06-01,390
2012-06-04,26.05,2012-06-04,386
2012-06-05,24.87,2012-06-05,390
2012-06-06,22.26,2012-06-06,390
2012-06-07,21.71,2012-06-07,390
2012-06-08,21.56,2012-06-08,390
2012-06-11,23.16,2012-06-11,390
2012-06-12,22.25,2012-06-12,390
2012-06-13,24.26,2012-06-13,390
2012-06-14,22.08,2012-06-14,390
2012-06-15,21.19,2012-06-15,387
2012-06-18,18.5,2012-06-18,390
2012-06-19,18.41,2012-06-19,390
2012-06-20,17.22,2012-06-20,390
2012-06-21,20.21,2012-06-21,390
2012-06-22,18.22,2012-06-22,390
2012-06-25,20.18,2012-06-25,390
2012-06-26,19.72,2012-06-26,390
2012-06-27,19.66,2012-06-27,390
2012-06-28,19.86,2012-06-28,390
2012-06-29,16.87,2012-06-29,390
2012-07-02,16.84,2012-07-02,390
2012-07-03,16.66,2012-07-03,298
2012-07-05,17.55,2012-07-05,390
2012-07-06,17.14,2012-07-06,390
2012-07-09,18.13,2012-07-09,390
2012-07-10,18.77,2012-07-10,390
2012-07-11,18.05,2012-07-11,390
2012-07-12,18.23,2012-07-12,390
2012-07-13,16.7,2012-07-13,390
2012-07-16,17.09,2012-07-16,390
2012-07-17,16.54,2012-07-17,390
2012-07-18,15.82,2012-07-18,390
2012-07-19,15.81,2012-07-19,390
2012-07-20,16.17,2012-07-20,390
2012-07-23,18.64,2012-07-23,390
2012-07-24,20.21,2012-07-24,390
2012-07-25,19.41,2012-07-25,390
2012-07-26,17.29,2012-07-26,390
2012-07-27,16.52,2012-07-27,390
2012-07-30,17.91,2012-07-30,390
2012-07-31,18.86,2012-07-31,390
2012-08-01,18.8,2012-08-01,390
2012-08-02,17.67,2012-08-02,390
2012-08-03,15.72,2012-08-03,390
2012-08-06,15.97,2012-08-06,390
2012-08-07,15.98,2012-08-07,390
2012-08-08,15.28,2012-08-08,390
2012-08-09,15.28,2012-08-09,390
2012-08-10,14.77,2012-08-10,390
2012-08-13,13.73,2012-08-13,390
2012-08-14,14.86,2012-08-14,390
2012-08-15,14.69,2012-08-15,390
2012-08-16,14.32,2012-08-16,390
2012-08-17,13.44,2012-08-17,390
2012-08-20,14.02,2012-08-20,390
2012-08-21,15.06,2012-08-21,373
2012-08-22,15.14,2012-08-22,390
2012-08-23,16.01,2012-08-23,390
2012-08-24,15.23,2012-08-24,390
2012-08-27,16.3,2012-08-27,390
2012-08-28,16.47,2012-08-28,390
2012-08-29,16.98,2012-08-29,388
2012-08-30,17.64,2012-08-30,389
2012-08-31,17.45,2012-08-31,390
2012-09-04,18.14,2012-09-04,390
2012-09-05,17.82,2012-09-05,390
2012-09-06,15.72,2012-09-06,390
2012-09-07,14.44,2012-09-07,390
2012-09-10,16.05,2012-09-10,389
2012-09-11,16.32,2012-09-11,390
2012-09-12,15.94,2012-09-12,390
2012-09-13,14.07,2012-09-13,390
2012-09-14,14.53,2012-09-14,387
2012-09-17,14.63,2012-09-17,390
2012-09-18,14.23,2012-09-18,390
2012-09-19,13.82,2012-09-19,390
2012-09-20,14.18,2012-09-20,390
2012-09-21,13.82,2012-09-21,390
2012-09-24,14.16,2012-09-24,390
2012-09-25,15.37,2012-09-25,390
2012-09-26,16.84,2012-09-26,390
2012-09-27,14.89,2012-09-27,390
2012-09-28,15.64,2012-09-28,390
2012-10-01,16.32,2012-10-01,390
2012-10-02,15.74,2012-10-02,390
2012-10-03,15.29,2012-10-03,390
2012-10-04,14.61,2012-10-04,390
2012-10-05,14.34,2012-10-05,390
2012-10-08,15.1,2012-10-08,390
2012-10-09,16.34,2012-10-09,390
2012-10-10,16.26,2012-10-10,390
2012-10-11,15.59,2012-10-11,390
2012-10-12,16.04,2012-10-12,390
2012-10-15,15.3,2012-10-15,390
2012-10-16,15.12,2012-10-16,390
2012-10-17,15.04,2012-10-17,390
2012-10-18,15.06,2012-10-18,390
2012-10-19,16.91,2012-10-19,390
2012-10-22,16.8,2012-10-22,389
2012-10-23,18.78,2012-10-23,390
2012-10-24,18.47,2012-10-24,390
2012-10-25,17.94,2012-10-25,390
2012-10-26,17.87,2012-10-26,390
2012-10-31,18.45,2012-10-31,390
2012-11-01,16.64,2012-11-01,390
2012-11-02,17.46,2012-11-02,390
2012-11-05,18.26,2012-11-05,390
2012-11-06,17.73,2012-11-06,390
2012-11-07,19.05,2012-11-07,390
2012-11-08,18.53,2012-11-08,390
2012-11-09,18.62,2012-11-09,390
2012-11-12,16.79,2012-11-12,390
2012-11-13,16.87,2012-11-13,390
2012-11-14,17.98,2012-11-14,390
2012-11-15,18.12,2012-11-15,390
2012-11-16,16.67,2012-11-16,390
2012-11-19,15.21,2012-11-19,390
2012-11-20,15.12,2012-11-20,390
2012-11-21,15.39,2012-11-21,390
2012-11-23,15.14,2012-11-23,225
2012-11-26,15.48,2012-11-26,390
2012-11-27,15.91,2012-11-27,390
2012-11-28,15.51,2012-11-28,390
2012-11-29,15.1,2012-11-29,390
2012-11-30,15.81,2012-11-30,390
2012-12-03,16.62,2012-12-03,390
2012-12-04,17.14,2012-12-04,390
2012-12-05,16.45,2012-12-05,390
2012-12-06,16.57,2012-12-06,390
2012-12-07,15.88,2012-12-07,390
2012-12-10,16.07,2012-12-10,390
2012-12-11,15.71,2012-12-11,390
2012-12-12,15.94,2012-12-12,390
2012-12-13,16.41,2012-12-13,390
2012-12-14,17.01,2012-12-14,390
2012-12-17,16.36,2012-12-17,390
2012-12-18,15.53,2012-12-18,390
2012-12-19,17.41,2012-12-19,390
2012-12-20,17.72,2012-12-20,390
2012-12-21,17.91,2012-12-21,390
2012-12-24,17.84,2012-12-24,260
2012-12-26,19.37,2012-12-26,390
2012-12-27,19.28,2012-12-27,390
2012-12-28,21.74,2012-12-28,390
2012-12-31,18.07,2012-12-31,390
2013-01-02,14.66,2013-01-02,390
2013-01-03,14.57,2013-01-03,390
2013-01-04,13.82,2013-01-04,390
2013-01-07,13.78,2013-01-07,390
2013-01-08,13.66,2013-01-08,390
2013-01-09,13.82,2013-01-09,390
2013-01-10,13.46,2013-01-10,390
2013-01-11,13.24,2013-01-11,390
2013-01-14,13.48,2013-01-14,390
2013-01-15,13.46,2013-01-15,390
2013-01-16,13.39,2013-01-16,390
2013-01-17,13.65,2013-01-17,390
2013-01-18,12.29,2013-01-18,390
2013-01-22,12.51,2013-01-22,390
2013-01-23,12.48,2013-01-23,390
2013-01-24,12.76,2013-01-24,390
2013-01-25,12.56,2013-01-25,389
2013-01-28,13.57,2013-01-28,390
2013-01-29,13.33,2013-01-29,390
2013-01-30,14.24,2013-01-30,390
2013-01-31,14.33,2013-01-31,390
2013-02-01,12.92,2013-02-01,390
2013-02-04,14.65,2013-02-04,390
2013-02-05,13.73,2013-02-05,390
2013-02-06,13.4,2013-02-06,390
2013-02-07,13.55,2013-02-07,390
2013-02-08,13.1,2013-02-08,390
2013-02-11,12.92,2013-02-11,390
2013-02-12,12.63,2013-02-12,390
2013-02-13,12.98,2013-02-13,390
2013-02-14,12.66,2013-02-14,390
2013-02-15,12.51,2013-02-15,390
2013-02-19,12.31,2013-02-19,390
2013-02-20,14.55,2013-02-20,385
2013-02-21,15.34,2013-02-21,390
2013-02-22,14.22,2013-02-22,390
2013-02-25,19.19,2013-02-25,390
2013-02-26,16.77,2013-02-26,390
2013-02-27,14.73,2013-02-27,390
2013-02-28,15.58,2013-02-28,390
2013-03-01,15.41,2013-03-01,390
2013-03-04,14.08,2013-03-04,390
2013-03-05,13.46,2013-03-05,390
2013-03-06,13.51,2013-03-06,390
2013-03-07,13.05,2013-03-07,390
2013-03-08,12.62,2013-03-08,390
2013-03-11,11.6,2013-03-11,390
2013-03-12,12.29,2013-03-12,390
2013-03-13,11.9,2013-03-13,390
2013-03-14,11.28,2013-03-14,390
2013-03-15,11.35,2013-03-15,390
2013-03-18,13.53,2013-03-18,390
2013-03-19,14.43,2013-03-19,390
2013-03-20,12.59,2013-03-20,390
2013-03-21,13.92,2013-03-21,390
2013-03-22,13.61,2013-03-22,390
2013-03-25,13.76,2013-03-25,390
2013-03-26,12.73,2013-03-26,390
2013-03-27,13.1,2013-03-27,390
2013-03-28,12.67,2013-03-28,390
2013-04-01,13.63,2013-04-01,390
2013-04-02,12.91,2013-04-02,390
2013-04-03,14.23,2013-04-03,390
2013-04-04,13.96,2013-04-04,390
2013-04-05,13.87,2013-04-05,390
2013-04-08,13.33,2013-04-08,390
2013-04-09,12.85,2013-04-09,390
2013-04-10,12.41,2013-04-10,390
2013-04-11,12.29,2013-04-11,390
2013-04-12,12.0,2013-04-12,390
2013-04-15,16.64,2013-04-15,390
2013-04-16,13.95,2013-04-16,390
2013-04-17,16.59,2013-04-17,390
2013-04-18,17.39,2013-04-18,390
2013-04-19,14.88,2013-04-19,390
2013-04-22,14.25,2013-04-22,390
2013-04-23,13.48,2013-04-23,390
2013-04-24,13.55,2013-04-24,390
2013-04-25,13.68,2013-04-25,286
2013-04-26,13.62,2013-04-26,390
2013-04-29,13.75,2013-04-29,390
2013-04-30,13.52,2013-04-30,390
2013-05-01,14.53,2013-05-01,390
2013-05-02,13.59,2013-05-02,389
2013-05-03,12.83,2013-05-03,390
2013-05-06,12.69,2013-05-06,389
2013-05-07,12.85,2013-05-07,390
2013-05-08,12.66,2013-05-08,390
2013-05-09,13.19,2013-05-09,390
2013-05-10,12.57,2013-05-10,389
2013-05-13,12.5,2013-05-13,390
2013-05-14,12.76,2013-05-14,390
2013-05-15,12.83,2013-05-15,390
2013-05-16,13.08,2013-05-16,390
2013-05-17,12.46,2013-05-17,390
2013-05-20,13.02,2013-05-20,390
2013-05-21,13.35,2013-05-21,390
2013-05-22,13.97,2013-05-22,390
2013-05-23,14.13,2013-05-23,390
2013-05-24,14.17,2013-05-24,390
2013-05-28,14.34,2013-05-28,390
2013-05-29,14.83,2013-05-29,390
2013-05-30,14.54,2013-05-30,390
2013-05-31,16.3,2013-05-31,390
2013-06-03,16.21,2013-06-03,390
2013-06-04,16.38,2013-06-04,390
2013-06-05,17.46,2013-06-05,390
2013-06-06,16.78,2013-06-06,390
2013-06-07,14.97,2013-06-07,390
2013-06-10,15.5,2013-06-10,390
2013-06-11,17.12,2013-06-11,390
2013-06-12,18.46,2013-06-12,389
2013-06-13,16.45,2013-06-13,390
2013-06-14,17.05,2013-06-14,390
2013-06-17,16.82,2013-06-17,390
2013-06-18,16.64,2013-06-18,390
2013-06-19,16.48,2013-06-19,390
2013-06-20,20.82,2013-06-20,390
2013-06-21,18.73,2013-06-21,390
2013-06-24,20.09,2013-06-24,390
2013-06-25,18.45,2013-06-25,390
2013-06-26,17.19,2013-06-26,390
2013-06-27,16.79,2013-06-27,390
2013-06-28,16.84,2013-06-28,390
2013-07-01,16.35,2013-07-01,390
2013-07-02,16.46,2013-07-02,390
2013-07-03,16.2,2013-07-03,224
2013-07-05,15.1,2013-07-05,390
2013-07-08,14.81,2013-07-08,390
2013-07-09,14.32,2013-07-09,390
2013-07-10,14.3,2013-07-10,390
2013-07-11,13.98,2013-07-11,390
2013-07-12,13.81,2013-07-12,389
2013-07-15,13.77,2013-07-15,390
2013-07-16,14.46,2013-07-16,390
2013-07-17,13.81,2013-07-17,390
2013-07-18,13.59,2013-07-18,390
2013-07-19,12.63,2013-07-19,390
2013-07-22,12.34,2013-07-22,390
2013-07-23,12.66,2013-07-23,390
2013-07-24,13.3,2013-07-24,390
2013-07-25,12.94,2013-07-25,390
2013-07-26,12.77,2013-07-26,390
2013-07-29,13.44,2013-07-29,390
2013-07-30,13.47,2013-07-30,390
2013-07-31,13.54,2013-07-31,390
2013-08-01,12.99,2013-08-01,390
2013-08-02,12.0,2013-08-02,390
2013-08-05,11.83,2013-08-05,390
2013-08-06,12.75,2013-08-06,390
2013-08-07,12.98,2013-08-07,390
2013-08-08,12.74,2013-08-08,390
2013-08-09,13.33,2013-08-09,390
2013-08-12,12.85,2013-08-12,390
2013-08-13,12.31,2013-08-13,390
2013-08-14,13.01,2013-08-14,390
2013-08-15,14.53,2013-08-15,390
2013-08-16,14.43,2013-08-16,390
2013-08-19,15.17,2013-08-19,390
2013-08-20,14.89,2013-08-20,390
2013-08-21,15.79,2013-08-21,390
2013-08-22,14.74,2013-08-22,390
2013-08-23,14.07,2013-08-23,390
2013-08-26,14.92,2013-08-26,390
2013-08-27,16.88,2013-08-27,390
2013-08-28,16.36,2013-08-28,390
2013-08-29,16.88,2013-08-29,390
2013-08-30,17.21,2013-08-30,390
2013-09-03,16.77,2013-09-03,390
2013-09-04,15.97,2013-09-04,390
2013-09-05,15.8,2013-09-05,390
2013-09-06,15.86,2013-09-06,390
2013-09-09,15.52,2013-09-09,390
2013-09-10,14.54,2013-09-10,390
2013-09-11,13.86,2013-09-11,390
2013-09-12,14.27,2013-09-12,390
2013-09-13,14.25,2013-09-13,390
2013-09-16,14.36,2013-09-16,384
2013-09-17,14.51,2013-09-17,390
2013-09-18,13.64,2013-09-18,390
2013-09-19,13.22,2013-09-19,390
2013-09-20,13.29,2013-09-20,390
2013-09-23,14.2,2013-09-23,390
2013-09-24,14.12,2013-09-24,390
2013-09-25,13.92,2013-09-25,390
2013-09-26,14.06,2013-09-26,390
2013-09-27,15.62,2013-09-27,390
2013-09-30,16.73,2013-09-30,390
2013-10-01,15.58,2013-10-01,390
2013-10-02,16.45,2013-10-02,390
2013-10-03,17.64,2013-10-03,390
2013-10-04,16.92,2013-10-04,390
2013-10-07,19.29,2013-10-07,390
2013-10-08,20.3,2013-10-08,390
2013-10-09,19.57,2013-10-09,390
2013-10-10,16.38,2013-10-10,390
2013-10-11,15.83,2013-10-11,390
2013-10-14,15.98,2013-10-14,390
2013-10-15,18.61,2013-10-15,390
2013-10-16,14.74,2013-10-16,390
2013-10-17,13.43,2013-10-17,390
2013-10-18,13.1,2013-10-18,390
2013-10-21,13.08,2013-10-21,390
2013-10-22,13.37,2013-10-22,390
2013-10-23,13.45,2013-10-23,390
2013-10-24,13.22,2013-10-24,390
2013-10-25,13.16,2013-10-25,390
2013-10-28,13.36,2013-10-28,390
2013-10-29,13.47,2013-10-29,390
2013-10-30,13.74,2013-10-30,390
2013-10-31,13.79,2013-10-31,390
2013-11-01,13.31,2013-11-01,390
2013-11-04,12.91,2013-11-04,390
2013-11-05,13.26,2013-11-05,390
2013-11-06,12.68,2013-11-06,390
2013-11-07,13.99,2013-11-07,390
2013-11-08,12.85,2013-11-08,390
2013-11-11,12.53,2013-11-11,390
2013-11-12,12.93,2013-11-12,390
2013-11-13,12.56,2013-11-13,390
2013-11-14,12.4,2013-11-14,390
2013-11-15,12.24,2013-11-15,390
2013-11-18,13.16,2013-11-18,390
2013-11-19,13.43,2013-11-19,390
2013-11-20,13.39,2013-11-20,390
2013-11-21,12.63,2013-11-21,390
2013-11-22,12.24,2013-11-22,390
2013-11-25,12.8,2013-11-25,390
2013-11-26,12.85,2013-11-26,390
2013-11-27,12.9,2013-11-27,389
2013-11-29,13.7,2013-11-29,224
2013-12-02,14.22,2013-12-02,390
2013-12-03,14.58,2013-12-03,390
2013-12-04,14.73,2013-12-04,390
2013-12-05,15.1,2013-12-05,390
2013-12-06,13.84,2013-12-06,390
2013-12-09,13.5,2013-12-09,390
2013-12-10,14.16,2013-12-10,390
2013-12-11,15.39,2013-12-11,389
2013-12-12,15.59,2013-12-12,390
2013-12-13,15.77,2013-12-13,390
2013-12-16,16.03,2013-12-16,390
2013-12-17,16.23,2013-12-17,390
2013-12-18,13.84,2013-12-18,390
2013-12-19,14.17,2013-12-19,390
2013-12-20,13.86,2013-12-20,390
2013-12-23,13.07,2013-12-23,390
2013-12-24,12.48,2013-12-24,224
2013-12-26,12.31,2013-12-26,390
2013-12-27,12.51,2013-12-27,390
2013-12-30,13.54,2013-12-30,390
2013-12-31,14.05,2013-12-31,390
2014-01-02,14.24,2014-01-02,390
2014-01-03,13.87,2014-01-03,390
2014-01-06,13.56,2014-01-06,390
2014-01-07,12.92,2014-01-07,390
2014-01-08,12.94,2014-01-08,390
2014-01-09,12.86,2014-01-09,390
2014-01-10,12.18,2014-01-10,390
2014-01-13,13.4,2014-01-13,390
2014-01-14,12.27,2014-01-14,390
2014-01-15,12.22,2014-01-15,390
2014-01-16,12.45,2014-01-16,390
2014-01-17,12.7,2014-01-17,390
2014-01-21,12.86,2014-01-21,390
2014-01-22,12.9,2014-01-22,390
2014-01-23,13.87,2014-01-23,390
2014-01-24,17.8,2014-01-24,390
2014-01-27,17.41,2014-01-27,390
2014-01-28,15.96,2014-01-28,390
2014-01-29,17.5,2014-01-29,390
2014-01-30,16.85,2014-01-30,390
2014-01-31,18.43,2014-01-31,390
2014-02-03,21.08,2014-02-03,390
2014-02-04,18.64,2014-02-04,390
2014-02-05,19.72,2014-02-05,390
2014-02-06,17.23,2014-02-06,390
2014-02-07,15.29,2014-02-07,390
2014-02-10,15.27,2014-02-10,390
2014-02-11,14.44,2014-02-11,390
2014-02-12,14.35,2014-02-12,390
2014-02-13,14.18,2014-02-13,390
2014-02-14,13.68,2014-02-14,390
2014-02-18,13.86,2014-02-18,390
2014-02-19,15.49,2014-02-19,390
2014-02-20,14.88,2014-02-20,390
2014-02-21,14.75,2014-02-21,390
2014-02-24,14.36,2014-02-24,390
2014-02-25,14.12,2014-02-25,390
2014-02-26,14.3,2014-02-26,390
2014-02-27,14.09,2014-02-27,390
2014-02-28,13.98,2014-02-28,390
2014-03-03,16.09,2014-03-03,390
2014-03-04,14.12,2014-03-04,390
2014-03-05,13.96,2014-03-05,390
2014-03-06,14.17,2014-03-06,390
2014-03-07,14.12,2014-03-07,390
2014-03-10,14.26,2014-03-10,390
2014-03-11,14.7,2014-03-11,390
2014-03-12,14.53,2014-03-12,390
2014-03-13,16.1,2014-03-13,390
2014-03-14,17.8,2014-03-14,390
2014-03-17,15.69,2014-03-17,390
2014-03-18,14.58,2014-03-18,390
2014-03-19,14.97,2014-03-19,390
2014-03-20,14.79,2014-03-20,390
2014-03-21,15.08,2014-03-21,390
2014-03-24,15.12,2014-03-24,390
2014-03-25,14.07,2014-03-25,390
2014-03-26,14.94,2014-03-26,390
2014-03-27,14.52,2014-03-27,390
2014-03-28,14.55,2014-03-28,390
2014-03-31,13.83,2014-03-31,390
2014-04-01,13.15,2014-04-01,390
2014-04-02,13.1,2014-04-02,390
2014-04-03,13.48,2014-04-03,390
2014-04-04,14.06,2014-04-04,390
2014-04-07,15.58,2014-04-07,390
2014-04-08,14.83,2014-04-08,390
2014-04-09,13.74,2014-04-09,390
2014-04-10,15.95,2014-04-10,390
2014-04-11,17.19,2014-04-11,390
2014-04-14,16.19,2014-04-14,390
2014-04-15,15.61,2014-04-15,390
2014-04-16,14.06,2014-04-16,389
2014-04-17,13.43,2014-04-17,390
2014-04-21,13.23,2014-04-21,390
2014-04-22,13.21,2014-04-22,390
2014-04-23,13.35,2014-04-23,390
2014-04-24,13.46,2014-04-24,390
2014-04-25,14.11,2014-04-25,390
2014-04-28,14.01,2014-04-28,390
2014-04-29,13.71,2014-04-29,390
2014-04-30,13.45,2014-04-30,390
2014-05-01,13.3,2014-05-01,390
2014-05-02,12.92,2014-05-02,390
2014-05-05,13.17,2014-05-05,390
2014-05-06,13.86,2014-05-06,390
2014-05-07,13.45,2014-05-07,390
2014-05-08,13.52,2014-05-08,390
2014-05-09,12.9,2014-05-09,390
2014-05-12,12.17,2014-05-12,390
2014-05-13,12.16,2014-05-13,390
2014-05-14,12.21,2014-05-14,390
2014-05-15,13.12,2014-05-15,390
2014-05-16,12.3,2014-05-16,390
2014-05-19,12.36,2014-05-19,390
2014-05-20,12.88,2014-05-20,390
2014-05-21,11.96,2014-05-21,390
2014-05-22,12.01,2014-05-22,390
2014-05-23,11.38,2014-05-23,390
2014-05-27,11.55,2014-05-27,390
2014-05-28,11.72,2014-05-28,390
2014-05-29,11.62,2014-05-29,390
2014-05-30,11.39,2014-05-30,390
2014-06-02,11.63,2014-06-02,390
2014-06-03,11.79,2014-06-03,390
2014-06-04,12.09,2014-06-04,390
2014-06-05,11.71,2014-06-05,390
2014-06-06,10.79,2014-06-06,390
2014-06-09,11.07,2014-06-09,390
2014-06-10,11.05,2014-06-10,390
2014-06-11,11.63,2014-06-11,390
2014-06-12,12.58,2014-06-12,390
2014-06-13,12.04,2014-06-13,390
2014-06-16,12.64,2014-06-16,390
2014-06-17,12.2,2014-06-17,389
2014-06-18,10.59,2014-06-18,388
2014-06-19,10.71,2014-06-19,390
2014-06-20,10.71,2014-06-20,390
2014-06-23,10.99,2014-06-23,390
2014-06-24,12.06,2014-06-24,390
2014-06-25,11.43,2014-06-25,390
2014-06-26,11.53,2014-06-26,390
2014-06-27,11.28,2014-06-27,390
2014-06-30,11.67,2014-06-30,390
2014-07-01,11.04,2014-07-01,390
2014-07-02,10.88,2014-07-02,390
2014-07-03,10.32,2014-07-03,224
2014-07-07,11.34,2014-07-07,390
2014-07-08,12.13,2014-07-08,390
2014-07-09,11.6,2014-07-09,390
2014-07-10,12.58,2014-07-10,390
2014-07-11,12.12,2014-07-11,390
2014-07-14,11.82,2014-07-14,390
2014-07-15,12.11,2014-07-15,390
2014-07-16,10.81,2014-07-16,389
2014-07-17,14.88,2014-07-17,390
2014-07-18,12.3,2014-07-18,390
2014-07-21,12.48,2014-07-21,390
2014-07-22,11.84,2014-07-22,390
2014-07-23,11.54,2014-07-23,390
2014-07-24,11.89,2014-07-24,390
2014-07-25,12.55,2014-07-25,390
2014-07-28,12.65,2014-07-28,390
2014-07-29,13.26,2014-07-29,390
2014-07-30,13.42,2014-07-30,390
2014-07-31,17.09,2014-07-31,390
2014-08-01,17.02,2014-08-01,390
2014-08-04,15.0,2014-08-04,390
2014-08-05,16.59,2014-08-05,390
2014-08-06,16.3,2014-08-06,390
2014-08-07,16.7,2014-08-07,390
2014-08-08,15.75,2014-08-08,390
2014-08-11,14.17,2014-08-11,390
2014-08-12,14.15,2014-08-12,390
2014-08-13,12.99,2014-08-13,390
2014-08-14,12.54,2014-08-14,390
2014-08-15,13.37,2014-08-15,390
2014-08-18,12.35,2014-08-18,390
2014-08-19,12.16,2014-08-19,390
2014-08-20,11.79,2014-08-20,390
2014-08-21,11.73,2014-08-21,390
2014-08-22,11.59,2014-08-22,390
2014-08-25,11.66,2014-08-25,390
2014-08-26,11.62,2014-08-26,390
2014-08-27,11.79,2014-08-27,390
2014-08-28,12.11,2014-08-28,390
2014-08-29,12.15,2014-08-29,390
2014-09-02,12.27,2014-09-02,390
2014-09-03,12.35,2014-09-03,390
2014-09-04,12.68,2014-09-04,390
2014-09-05,12.14,2014-09-05,390
2014-09-08,12.72,2014-09-08,390
2014-09-09,13.62,2014-09-09,390
2014-09-10,12.89,2014-09-10,390
2014-09-11,12.67,2014-09-11,390
2014-09-12,13.37,2014-09-12,390
2014-09-15,14.07,2014-09-15,390
2014-09-16,12.94,2014-09-16,390
2014-09-17,12.62,2014-09-17,390
2014-09-18,12.02,2014-09-18,390
2014-09-19,12.2,2014-09-19,390
2014-09-22,13.68,2014-09-22,390
2014-09-23,14.73,2014-09-23,390
2014-09-24,13.25,2014-09-24,390
2014-09-25,15.91,2014-09-25,390
2014-09-26,14.82,2014-09-26,390
2014-09-29,15.94,2014-09-29,390
2014-09-30,16.2,2014-09-30,390
2014-10-01,16.8,2014-10-01,390
2014-10-02,16.26,2014-10-02,390
2014-10-03,14.68,2014-10-03,390
2014-10-06,15.29,2014-10-06,390
2014-10-07,17.43,2014-10-07,390
2014-10-08,15.11,2014-10-08,390
2014-10-09,18.98,2014-10-09,390
2014-10-10,21.24,2014-10-10,390
2014-10-13,24.28,2014-10-13,390
2014-10-14,23.42,2014-10-14,390
2014-10-15,24.89,2014-10-15,390
2014-10-16,25.25,2014-10-16,390
2014-10-17,22.13,2014-10-17,390
2014-10-20,18.75,2014-10-20,390
2014-10-21,16.34,2014-10-21,390
2014-10-22,18.26,2014-10-22,388
2014-10-23,16.63,2014-10-23,390
2014-10-24,16.36,2014-10-24,390
2014-10-27,16.18,2014-10-27,390
2014-10-28,14.53,2014-10-28,390
2014-10-29,14.94,2014-10-29,390
2014-10-30,14.52,2014-10-30,390
2014-10-31,14.03,2014-10-31,390
2014-11-03,14.73,2014-11-03,390
2014-11-04,15.0,2014-11-04,390
2014-11-05,14.29,2014-11-05,390
2014-11-06,13.96,2014-11-06,390
2014-11-07,13.04,2014-11-07,390
2014-11-10,12.64,2014-11-10,390
2014-11-11,12.92,2014-11-11,390
2014-11-12,13.14,2014-11-12,390
2014-11-13,13.69,2014-11-13,390
2014-11-14,13.44,2014-11-14,390
2014-11-17,14.04,2014-11-17,390
2014-11-18,13.88,2014-11-18,390
2014-11-19,14.05,2014-11-19,389
2014-11-20,13.73,2014-11-20,390
2014-11-21,13.01,2014-11-21,390
2014-11-24,12.65,2014-11-24,390
2014-11-25,12.29,2014-11-25,390
2014-11-26,12.21,2014-11-26,390
2014-11-28,13.33,2014-11-28,224
2014-12-01,14.13,2014-12-01,390
2014-12-02,12.97,2014-12-02,390
2014-12-03,12.39,2014-12-03,390
2014-12-04,12.5,2014-12-04,390
2014-12-05,11.96,2014-12-05,390
2014-12-08,14.13,2014-12-08,390
2014-12-09,14.96,2014-12-09,390
2014-12-10,18.53,2014-12-10,390
2014-12-11,19.34,2014-12-11,390
2014-12-12,21.92,2014-12-12,390
2014-12-15,20.7,2014-12-15,390
2014-12-16,23.35,2014-12-16,390
2014-12-17,19.42,2014-12-17,389
2014-12-18,16.82,2014-12-18,390
2014-12-19,16.89,2014-12-19,390
2014-12-22,15.03,2014-12-22,390
2014-12-23,14.85,2014-12-23,390
2014-12-24,14.37,2014-12-24,224
2014-12-26,14.79,2014-12-26,390
2014-12-29,15.24,2014-12-29,390
2014-12-30,16.12,2014-12-30,390
2014-12-31,19.17,2014-12-31,390
2015-01-02,17.84,2015-01-02,390
2015-01-05,20.17,2015-01-05,390
2015-01-06,21.47,2015-01-06,390
2015-01-07,19.48,2015-01-07,390
2015-01-08,17.0,2015-01-08,390
2015-01-09,17.82,2015-01-09,390
2015-01-12,19.53,2015-01-12,390
2015-01-13,20.44,2015-01-13,390
2015-01-14,21.84,2015-01-14,390
2015-01-15,22.84,2015-01-15,390
2015-01-16,21.32,2015-01-16,390
2015-01-20,20.01,2015-01-20,390
2015-01-21,18.93,2015-01-21,390
2015-01-22,16.39,2015-01-22,390
2015-01-23,16.64,2015-01-23,390
2015-01-26,15.76,2015-01-26,390
2015-01-27,17.93,2015-01-27,390
2015-01-28,19.97,2015-01-28,390
2015-01-29,19.03,2015-01-29,390
2015-01-30,22.01,2015-01-30,390
2015-02-02,19.59,2015-02-02,390
2015-02-03,17.29,2015-02-03,390
2015-02-04,18.14,2015-02-04,390
2015-02-05,16.96,2015-02-05,390
2015-02-06,18.11,2015-02-06,390
2015-02-09,18.63,2015-02-09,390
2015-02-10,17.2,2015-02-10,390
2015-02-11,17.18,2015-02-11,390
2015-02-12,15.3,2015-02-12,390
2015-02-13,14.8,2015-02-13,390
2015-02-17,15.8,2015-02-17,390
2015-02-18,15.46,2015-02-18,390
2015-02-19,15.29,2015-02-19,390
2015-02-20,14.33,2015-02-20,390
2015-02-23,14.53,2015-02-23,390
2015-02-24,13.66,2015-02-24,390
2015-02-25,13.82,2015-02-25,390
2015-02-26,14.0,2015-02-26,390
2015-02-27,13.5,2015-02-27,390
2015-03-02,12.92,2015-03-02,390
2015-03-03,13.78,2015-03-03,390
2015-03-04,14.28,2015-03-04,390
2015-03-05,14.09,2015-03-05,390
2015-03-06,15.49,2015-03-06,390
2015-03-09,15.06,2015-03-09,390
2015-03-10,16.59,2015-03-10,390
2015-03-11,17.03,2015-03-11,390
2015-03-12,15.37,2015-03-12,390
2015-03-13,15.93,2015-03-13,390
2015-03-16,15.39,2015-03-16,390
2015-03-17,15.98,2015-03-17,390
2015-03-18,13.99,2015-03-18,390
2015-03-19,14.14,2015-03-19,390
2015-03-20,13.1,2015-03-20,390
2015-03-23,13.3,2015-03-23,390
2015-03-24,13.66,2015-03-24,390
2015-03-25,15.5,2015-03-25,390
2015-03-26,15.71,2015-03-26,390
2015-03-27,15.0,2015-03-27,390
2015-03-30,14.27,2015-03-30,390
2015-03-31,15.44,2015-03-31,390
2015-04-01,15.23,2015-04-01,390
2015-04-02,14.51,2015-04-02,390
2015-04-06,14.72,2015-04-06,390
2015-04-07,14.81,2015-04-07,390
2015-04-08,14.02,2015-04-08,390
2015-04-09,13.17,2015-04-09,390
2015-04-10,12.59,2015-04-10,390
2015-04-13,14.06,2015-04-13,390
2015-04-14,13.85,2015-04-14,390
2015-04-15,12.89,2015-04-15,389
2015-04-16,12.77,2015-04-16,390
2015-04-17,14.01,2015-04-17,390
2015-04-20,13.21,2015-04-20,390
2015-04-21,13.24,2015-04-21,390
2015-04-22,12.61,2015-04-22,390
2015-04-23,12.61,2015-04-23,390
2015-04-24,12.31,2015-04-24,390
2015-04-27,13.19,2015-04-27,390
2015-04-28,12.5,2015-04-28,390
2015-04-29,13.19,2015-04-29,390
2015-04-30,14.62,2015-04-30,390
2015-05-01,12.75,2015-05-01,390
2015-05-04,12.96,2015-05-04,390
2015-05-05,14.3,2015-05-05,390
2015-05-06,15.04,2015-05-06,390
2015-05-07,15.24,2015-05-07,390
2015-05-08,12.9,2015-05-08,390
2015-05-11,13.61,2015-05-11,390
2015-05-12,13.97,2015-05-12,390
2015-05-13,13.76,2015-05-13,390
2015-05-14,12.77,2015-05-14,390
2015-05-15,12.36,2015-05-15,390
2015-05-18,12.74,2015-05-18,390
2015-05-19,12.85,2015-05-19,390
2015-05-20,12.88,2015-05-20,390
2015-05-21,12.22,2015-05-21,390
2015-05-22,12.21,2015-05-22,390
2015-05-26,14.25,2015-05-26,390
2015-05-27,13.27,2015-05-27,390
2015-05-28,13.5,2015-05-28,390
2015-05-29,14.15,2015-05-29,390
2015-06-01,14.07,2015-06-01,390
2015-06-02,14.29,2015-06-02,390
2015-06-03,13.7,2015-06-03,390
2015-06-04,14.92,2015-06-04,390
2015-06-05,14.31,2015-06-05,390
2015-06-08,15.19,2015-06-08,390
2015-06-09,14.79,2015-06-09,390
2015-06-10,13.5,2015-06-10,390
2015-06-11,12.69,2015-06-11,390
2015-06-12,13.88,2015-06-12,390
2015-06-15,15.39,2015-06-15,390
2015-06-16,14.86,2015-06-16,390
2015-06-17,14.39,2015-06-17,390
2015-06-18,13.22,2015-06-18,390
2015-06-19,13.98,2015-06-19,390
2015-06-22,12.7,2015-06-22,390
2015-06-23,12.16,2015-06-23,390
2015-06-24,13.23,2015-06-24,390
2015-06-25,14.12,2015-06-25,390
2015-06-26,14.19,2015-06-26,390
2015-06-29,19.2,2015-06-29,390
2015-06-30,18.55,2015-06-30,390
2015-07-01,16.11,2015-07-01,390
2015-07-02,17.01,2015-07-02,390
2015-07-06,17.37,2015-07-06,390
2015-07-07,16.1,2015-07-07,390
2015-07-08,19.73,2015-07-08,390
2015-07-09,19.62,2015-07-09,390
2015-07-10,16.73,2015-07-10,390
2015-07-13,13.94,2015-07-13,390
2015-07-14,13.33,2015-07-14,390
2015-07-15,13.7,2015-07-15,390
2015-07-16,12.12,2015-07-16,390
2015-07-17,12.05,2015-07-17,390
2015-07-20,12.37,2015-07-20,390
2015-07-21,12.34,2015-07-21,390
2015-07-22,12.18,2015-07-22,390
2015-07-23,12.84,2015-07-23,390
2015-07-24,13.92,2015-07-24,390
2015-07-27,15.86,2015-07-27,390
2015-07-28,13.44,2015-07-28,390
2015-07-29,12.47,2015-07-29,390
2015-07-30,12.22,2015-07-30,390
2015-07-31,12.18,2015-07-31,390
2015-08-03,12.59,2015-08-03,390
2015-08-04,12.84,2015-08-04,390
2015-08-05,12.4,2015-08-05,390
2015-08-06,13.98,2015-08-06,390
2015-08-07,13.29,2015-08-07,390
2015-08-10,12.22,2015-08-10,390
2015-08-11,13.79,2015-08-11,390
2015-08-12,13.82,2015-08-12,390
2015-08-13,13.53,2015-08-13,390
2015-08-14,12.95,2015-08-14,390
2015-08-17,13.05,2015-08-17,390
2015-08-18,13.85,2015-08-18,389
2015-08-19,15.09,2015-08-19,390
2015-08-20,18.89,2015-08-20,390
2015-08-21,27.68,2015-08-21,390
2015-08-24,39.65,2015-08-24,387
2015-08-25,37.42,2015-08-25,390
2015-08-26,29.88,2015-08-26,390
2015-08-27,26.18,2015-08-27,390
2015-08-28,27.07,2015-08-28,390
2015-08-31,28.41,2015-08-31,390
2015-09-01,32.31,2015-09-01,390
2015-09-02,26.17,2015-09-02,390
2015-09-03,25.52,2015-09-03,390
2015-09-04,27.87,2015-09-04,390
2015-09-08,24.77,2015-09-08,390
2015-09-09,26.49,2015-09-09,390
2015-09-10,24.98,2015-09-10,390
2015-09-11,23.48,2015-09-11,390
2015-09-14,24.25,2015-09-14,390
2015-09-15,22.55,2015-09-15,390
2015-09-16,21.78,2015-09-16,390
2015-09-17,21.42,2015-09-17,390
2015-09-18,23.22,2015-09-18,390
2015-09-21,20.43,2015-09-21,390
2015-09-22,22.81,2015-09-22,390
2015-09-23,22.02,2015-09-23,390
2015-09-24,23.14,2015-09-24,390
2015-09-25,23.24,2015-09-25,390
2015-09-28,27.52,2015-09-28,390
2015-09-29,26.69,2015-09-29,390
2015-09-30,24.34,2015-09-30,390
2015-10-01,22.75,2015-10-01,390
2015-10-02,20.96,2015-10-02,390
2015-10-05,19.27,2015-10-05,390
2015-10-06,19.39,2015-10-06,390
2015-10-07,18.39,2015-10-07,390
2015-10-08,17.68,2015-10-08,390
2015-10-09,17.07,2015-10-09,390
2015-10-12,16.29,2015-10-12,390
2015-10-13,17.54,2015-10-13,390
2015-10-14,17.8,2015-10-14,390
2015-10-15,16.3,2015-10-15,390
2015-10-16,15.3,2015-10-16,390
2015-10-19,14.9,2015-10-19,390
2015-10-20,15.5,2015-10-20,390
2015-10-21,16.34,2015-10-21,390
2015-10-22,14.87,2015-10-22,390
2015-10-23,14.38,2015-10-23,390
2015-10-26,15.26,2015-10-26,390
2015-10-27,15.5,2015-10-27,390
2015-10-28,14.2,2015-10-28,390
2015-10-29,14.74,2015-10-29,390
2015-10-30,15.25,2015-10-30,390
2015-11-02,14.14,2015-11-02,390
2015-11-03,14.66,2015-11-03,390
2015-11-04,15.41,2015-11-04,390
2015-11-05,15.19,2015-11-05,390
2015-11-06,14.37,2015-11-06,390
2015-11-09,16.28,2015-11-09,390
2015-11-10,15.39,2015-11-10,390
2015-11-11,16.04,2015-11-11,390
2015-11-12,18.18,2015-11-12,390
2015-11-13,20.35,2015-11-13,390
2015-11-16,17.97,2015-11-16,390
2015-11-17,18.92,2015-11-17,390
2015-11-18,16.85,2015-11-18,390
2015-11-19,17.07,2015-11-19,390
2015-11-20,15.81,2015-11-20,390
2015-11-23,15.69,2015-11-23,390
2015-11-24,15.7,2015-11-24,390
2015-11-25,15.18,2015-11-25,390
2015-11-27,15.12,2015-11-27,224
2015-11-30,16.23,2015-11-30,390
2015-12-01,14.71,2015-12-01,390
2015-12-02,16.05,2015-12-02,390
2015-12-03,18.35,2015-12-03,390
2015-12-04,14.97,2015-12-04,390
2015-12-07,16.14,2015-12-07,390
2015-12-08,17.45,2015-12-08,390
2015-12-09,19.23,2015-12-09,390
2015-12-10,19.28,2015-12-10,390
2015-12-11,24.59,2015-12-11,390
2015-12-14,22.34,2015-12-14,389
2015-12-15,21.08,2015-12-15,390
2015-12-16,17.75,2015-12-16,390
2015-12-17,18.72,2015-12-17,390
2015-12-18,20.58,2015-12-18,390
2015-12-21,18.88,2015-12-21,390
2015-12-22,16.85,2015-12-22,390
2015-12-23,15.35,2015-12-23,390
2015-12-24,15.74,2015-12-24,224
2015-12-28,17.03,2015-12-28,390
2015-12-29,16.13,2015-12-29,390
2015-12-30,17.32,2015-12-30,390
2015-12-31,18.59,2015-12-31,390
2016-01-04,21.01,2016-01-04,390
2016-01-05,19.37,2016-01-05,390
2016-01-06,20.44,2016-01-06,390
2016-01-07,24.81,2016-01-07,390
2016-01-08,26.76,2016-01-08,390
2016-01-11,24.28,2016-01-11,390
2016-01-12,22.14,2016-01-12,390
2016-01-13,25.21,2016-01-13,390
2016-01-14,23.92,2016-01-14,390
2016-01-15,27.17,2016-01-15,390
2016-01-19,25.96,2016-01-19,390
2016-01-20,27.65,2016-01-20,390
2016-01-21,26.84,2016-01-21,390
2016-01-22,22.31,2016-01-22,390
2016-01-25,24.19,2016-01-25,390
2016-01-26,22.51,2016-01-26,390
2016-01-27,23.3,2016-01-27,390
2016-01-28,22.1,2016-01-28,390
2016-01-29,20.18,2016-01-29,390
2016-02-01,19.97,2016-02-01,390
2016-02-02,21.98,2016-02-02,390
2016-02-03,21.68,2016-02-03,390
2016-02-04,21.88,2016-02-04,390
2016-02-05,23.45,2016-02-05,390
2016-02-08,26.18,2016-02-08,390
2016-02-09,26.48,2016-02-09,390
2016-02-10,26.34,2016-02-10,390
2016-02-11,28.35,2016-02-11,390
2016-02-12,25.29,2016-02-12,390
2016-02-16,23.97,2016-02-16,390
2016-02-17,22.35,2016-02-17,390
2016-02-18,21.64,2016-02-18,390
2016-02-19,20.59,2016-02-19,390
2016-02-22,19.28,2016-02-22,390
2016-02-23,20.91,2016-02-23,390
2016-02-24,20.85,2016-02-24,390
2016-02-25,19.22,2016-02-25,390
2016-02-26,19.69,2016-02-26,390
2016-02-29,20.63,2016-02-29,390
2016-03-01,17.77,2016-03-01,390
2016-03-02,16.82,2016-03-02,390
2016-03-03,16.64,2016-03-03,390
2016-03-04,16.73,2016-03-04,390
2016-03-07,17.22,2016-03-07,390
2016-03-08,18.61,2016-03-08,390
2016-03-09,18.38,2016-03-09,390
2016-03-10,18.05,2016-03-10,390
2016-03-11,16.55,2016-03-11,390
2016-03-14,16.88,2016-03-14,390
2016-03-15,17.01,2016-03-15,390
2016-03-16,15.03,2016-03-16,382
2016-03-17,14.4,2016-03-17,390
2016-03-18,13.96,2016-03-18,390
2016-03-21,13.89,2016-03-21,390
2016-03-22,14.25,2016-03-22,390
2016-03-23,14.89,2016-03-23,390
2016-03-24,14.82,2016-03-24,390
2016-03-28,15.23,2016-03-28,390
2016-03-29,13.86,2016-03-29,390
2016-03-30,13.49,2016-03-30,390
2016-03-31,14.04,2016-03-31,390
2016-04-01,13.11,2016-04-01,390
2016-04-04,14.07,2016-04-04,390
2016-04-05,15.5,2016-04-05,390
2016-04-06,14.08,2016-04-06,390
2016-04-07,16.17,2016-04-07,390
2016-04-08,15.38,2016-04-08,390
2016-04-11,16.07,2016-04-11,390
2016-04-12,14.98,2016-04-12,390
2016-04-13,13.82,2016-04-13,390
2016-04-14,13.73,2016-04-14,390
2016-04-15,13.7,2016-04-15,750
2016-04-18,13.36,2016-04-18,750
2016-04-19,13.26,2016-04-19,750
2016-04-20,13.26,2016-04-20,750
2016-04-21,13.67,2016-04-21,750
2016-04-22,13.26,2016-04-22,750
2016-04-25,14.1,2016-04-25,750
2016-04-26,13.92,2016-04-26,750
2016-04-27,13.9,2016-04-27,677
2016-04-28,15.42,2016-04-28,750
2016-04-29,15.67,2016-04-29,750
2016-05-02,14.64,2016-05-02,751
2016-05-03,15.53,2016-05-03,750
2016-05-04,16.14,2016-05-04,676
2016-05-05,15.95,2016-05-05,750
2016-05-06,14.74,2016-05-06,750
2016-05-09,14.56,2016-05-09,750
2016-05-10,13.61,2016-05-10,750
2016-05-11,14.57,2016-05-11,710
2016-05-12,14.36,2016-05-12,750
2016-05-13,15.08,2016-05-13,750
2016-05-16,14.62,2016-05-16,750
2016-05-17,15.66,2016-05-17,750
2016-05-18,15.9,2016-05-18,675
2016-05-19,16.45,2016-05-19,750
2016-05-20,15.2,2016-05-20,750
2016-05-23,15.71,2016-05-23,750
2016-05-24,14.54,2016-05-24,750
2016-05-25,13.96,2016-05-25,675
2016-05-26,13.58,2016-05-26,750
2016-05-27,13.09,2016-05-27,750
2016-05-31,14.51,2016-05-31,750
2016-06-01,14.24,2016-06-01,676
2016-06-02,13.63,2016-06-02,750
2016-06-03,13.38,2016-06-03,750
2016-06-06,13.63,2016-06-06,750
2016-06-07,13.91,2016-06-07,750
2016-06-08,14.06,2016-06-08,675
2016-06-09,14.55,2016-06-09,750
2016-06-10,16.96,2016-06-10,750
2016-06-13,20.88,2016-06-13,750
2016-06-14,20.49,2016-06-14,750
2016-06-15,20.11,2016-06-15,702
2016-06-16,19.43,2016-06-16,750
2016-06-17,19.16,2016-06-17,750
2016-06-20,18.26,2016-06-20,750
2016-06-21,18.51,2016-06-21,750
2016-06-22,21.04,2016-06-22,675
2016-06-23,17.51,2016-06-23,750
2016-06-24,24.6,2016-06-24,750
2016-06-27,23.46,2016-06-27,750
2016-06-28,18.87,2016-06-28,750
2016-06-29,16.96,2016-06-29,676
2016-06-30,16.01,2016-06-30,750
2016-07-01,14.78,2016-07-01,750
2016-07-05,15.77,2016-07-05,750
2016-07-06,15.19,2016-07-06,676
2016-07-07,14.98,2016-07-07,750
2016-07-08,13.27,2016-07-08,749
2016-07-11,13.64,2016-07-11,750
2016-07-12,13.5,2016-07-12,750
2016-07-13,12.99,2016-07-13,676
2016-07-14,12.9,2016-07-14,750
2016-07-15,12.45,2016-07-15,750
2016-07-18,12.42,2016-07-18,750
2016-07-19,12.18,2016-07-19,750
2016-07-20,11.72,2016-07-20,675
2016-07-21,12.73,2016-07-21,750
2016-07-22,11.99,2016-07-22,750
2016-07-25,12.9,2016-07-25,750
2016-07-26,12.97,2016-07-26,735
2016-07-27,12.73,2016-07-27,676
2016-07-28,12.73,2016-07-28,750
2016-07-29,12.03,2016-07-29,750
2016-08-01,12.44,2016-08-01,750
2016-08-02,13.32,2016-08-02,750
2016-08-03,12.86,2016-08-03,675
2016-08-04,12.36,2016-08-04,750
2016-08-05,11.26,2016-08-05,750
2016-08-08,11.46,2016-08-08,750
2016-08-09,11.64,2016-08-09,750
2016-08-10,12.06,2016-08-10,676
2016-08-11,11.74,2016-08-11,750
2016-08-12,11.49,2016-08-12,750
2016-08-15,11.82,2016-08-15,750
2016-08-16,12.63,2016-08-16,750
2016-08-17,12.18,2016-08-17,750
2016-08-18,11.44,2016-08-18,750
2016-08-19,11.46,2016-08-19,750
2016-08-22,12.26,2016-08-22,750
2016-08-23,12.39,2016-08-23,750
2016-08-24,13.48,2016-08-24,750
2016-08-25,13.7,2016-08-25,750
2016-08-26,13.73,2016-08-26,750
2016-08-29,13.06,2016-08-29,750
2016-08-30,13.07,2016-08-30,750
2016-08-31,13.48,2016-08-31,750
2016-09-01,13.51,2016-09-01,749
2016-09-02,11.92,2016-09-02,750
2016-09-06,11.96,2016-09-06,750
2016-09-07,11.91,2016-09-07,750
2016-09-08,12.28,2016-09-08,750
2016-09-09,17.17,2016-09-09,750
2016-09-12,15.13,2016-09-12,750
2016-09-13,18.13,2016-09-13,750
2016-09-14,17.66,2016-09-14,750
2016-09-15,16.13,2016-09-15,750
2016-09-16,15.47,2016-09-16,750
2016-09-19,15.56,2016-09-19,750
2016-09-20,15.82,2016-09-20,750
2016-09-21,13.18,2016-09-21,750
2016-09-22,11.99,2016-09-22,750
2016-09-23,12.16,2016-09-23,750
2016-09-26,14.47,2016-09-26,750
2016-09-27,13.04,2016-09-27,750
2016-09-28,12.42,2016-09-28,750
2016-09-29,14.33,2016-09-29,750
2016-09-30,13.23,2016-09-30,750
2016-10-03,13.5,2016-10-03,750
2016-10-04,13.79,2016-10-04,750
2016-10-05,13.06,2016-10-05,750
2016-10-06,12.91,2016-10-06,750
2016-10-07,13.42,2016-10-07,750
2016-10-10,13.49,2016-10-10,750
2016-10-11,15.45,2016-10-11,750
2016-10-12,15.78,2016-10-12,750
2016-10-13,16.56,2016-10-13,750
2016-10-14,16.0,2016-10-14,750
2016-10-17,16.24,2016-10-17,750
2016-10-18,15.2,2016-10-18,750
2016-10-19,14.38,2016-10-19,750
2016-10-20,13.83,2016-10-20,750
2016-10-21,13.39,2016-10-21,750
2016-10-24,13.06,2016-10-24,750
2016-10-25,13.59,2016-10-25,750
2016-10-26,14.3,2016-10-26,750
2016-10-27,15.05,2016-10-27,750
2016-10-28,16.17,2016-10-28,750
2016-10-31,17.24,2016-10-31,750
2016-11-01,18.35,2016-11-01,750
2016-11-02,19.25,2016-11-02,750
2016-11-03,22.15,2016-11-03,750
2016-11-04,22.84,2016-11-04,750
2016-11-07,18.8,2016-11-07,750
2016-11-08,18.27,2016-11-08,750
2016-11-09,14.72,2016-11-09,750
2016-11-10,15.03,2016-11-10,750
2016-11-11,14.29,2016-11-11,750
2016-11-14,14.54,2016-11-14,750
2016-11-15,13.47,2016-11-15,750
2016-11-16,13.74,2016-11-16,750
2016-11-17,13.33,2016-11-17,750
2016-11-18,12.94,2016-11-18,750
2016-11-21,12.21,2016-11-21,750
2016-11-22,12.31,2016-11-22,750
2016-11-23,12.39,2016-11-23,750
2016-11-25,12.34,2016-11-25,726
2016-11-28,13.09,2016-11-28,750
2016-11-29,12.89,2016-11-29,750
2016-11-30,13.35,2016-11-30,750
2016-12-01,14.18,2016-12-01,750
2016-12-02,14.07,2016-12-02,750
2016-12-05,12.21,2016-12-05,750
2016-12-06,11.75,2016-12-06,750
2016-12-07,12.12,2016-12-07,750
2016-12-08,12.4,2016-12-08,750
2016-12-09,11.72,2016-12-09,750
2016-12-12,12.62,2016-12-12,750
2016-12-13,12.77,2016-12-13,750
2016-12-14,13.23,2016-12-14,750
2016-12-15,12.79,2016-12-15,750
2016-12-16,12.19,2016-12-16,750
2016-12-19,11.72,2016-12-19,750
2016-12-20,11.47,2016-12-20,750
2016-12-21,11.26,2016-12-21,750
2016-12-22,11.47,2016-12-22,750
2016-12-23,11.45,2016-12-23,750
2016-12-27,11.93,2016-12-27,750
2016-12-28,12.9,2016-12-28,750
2016-12-29,13.41,2016-12-29,750
2016-12-30,14.15,2016-12-30,750
2017-01-03,12.96,2017-01-03,750
2017-01-04,11.83,2017-01-04,750
2017-01-05,11.69,2017-01-05,750
2017-01-06,11.37,2017-01-06,750
2017-01-09,11.62,2017-01-09,750
2017-01-10,11.5,2017-01-10,750
2017-01-11,11.26,2017-01-11,750
2017-01-12,11.47,2017-01-12,750
2017-01-13,11.32,2017-01-13,750
2017-01-17,11.9,2017-01-17,750
2017-01-18,12.44,2017-01-18,750
2017-01-19,12.87,2017-01-19,750
2017-01-20,11.61,2017-01-20,750
2017-01-23,11.82,2017-01-23,750
2017-01-24,11.06,2017-01-24,750
2017-01-25,10.69,2017-01-25,750
2017-01-26,10.74,2017-01-26,750
2017-01-27,10.5,2017-01-27,750
2017-01-30,11.91,2017-01-30,750
2017-01-31,11.97,2017-01-31,750
2017-02-01,11.67,2017-02-01,750
2017-02-02,11.88,2017-02-02,750
2017-02-03,10.82,2017-02-03,750
2017-02-06,11.24,2017-02-06,750
2017-02-07,11.31,2017-02-07,750
2017-02-08,11.35,2017-02-08,750
2017-02-09,10.98,2017-02-09,750
2017-02-10,10.87,2017-02-10,750
2017-02-13,11.14,2017-02-13,750
2017-02-14,10.86,2017-02-14,750
2017-02-15,11.93,2017-02-15,750
2017-02-16,11.83,2017-02-16,750
2017-02-17,11.41,2017-02-17,750
2017-02-21,11.56,2017-02-21,750
2017-02-22,11.71,2017-02-22,750
2017-02-23,11.79,2017-02-23,750
2017-02-24,11.36,2017-02-24,750
2017-02-27,12.1,2017-02-27,750
2017-02-28,12.8,2017-02-28,750
2017-03-01,12.4,2017-03-01,750
2017-03-02,11.96,2017-03-02,750
2017-03-03,10.99,2017-03-03,750
2017-03-06,11.17,2017-03-06,750
2017-03-07,11.47,2017-03-07,750
2017-03-08,11.73,2017-03-08,750
2017-03-09,12.3,2017-03-09,750
2017-03-10,11.59,2017-03-10,750
2017-03-13,11.31,2017-03-13,750
2017-03-14,12.3,2017-03-14,750
2017-03-15,11.5,2017-03-15,750
2017-03-16,11.22,2017-03-16,750
2017-03-17,11.22,2017-03-17,750
2017-03-20,11.35,2017-03-20,750
2017-03-21,12.63,2017-03-21,750
2017-03-22,12.66,2017-03-22,750
2017-03-23,13.14,2017-03-23,750
2017-03-24,13.0,2017-03-24,750
2017-03-27,12.59,2017-03-27,750
2017-03-28,11.49,2017-03-28,750
2017-03-29,11.41,2017-03-29,750
2017-03-30,11.6,2017-03-30,750
2017-03-31,12.29,2017-03-31,750
2017-04-03,12.32,2017-04-03,750
2017-04-04,11.82,2017-04-04,750
2017-04-05,12.55,2017-04-05,750
2017-04-06,12.43,2017-04-06,750
2017-04-07,12.83,2017-04-07,750
2017-04-10,13.99,2017-04-10,750
2017-04-11,15.1,2017-04-11,750
2017-04-12,15.7,2017-04-12,750
2017-04-13,16.01,2017-04-13,750
2017-04-17,14.65,2017-04-17,750
2017-04-18,14.39,2017-04-18,750
2017-04-19,15.0,2017-04-19,750
2017-04-20,14.09,2017-04-20,750
2017-04-21,14.66,2017-04-21,750
2017-04-24,10.88,2017-04-24,750
2017-04-25,10.78,2017-04-25,750
2017-04-26,10.77,2017-04-26,750
2017-04-27,10.44,2017-04-27,750
2017-04-28,10.84,2017-04-28,750
2017-05-01,10.18,2017-05-01,750
2017-05-02,10.47,2017-05-02,750
2017-05-03,10.64,2017-05-03,750
2017-05-04,10.42,2017-05-04,750
2017-05-05,10.63,2017-05-05,750
2017-05-08,9.72,2017-05-08,750
2017-05-09,9.98,2017-05-09,750
2017-05-10,10.07,2017-05-10,750
2017-05-11,10.56,2017-05-11,750
2017-05-12,10.4,2017-05-12,750
2017-05-15,10.28,2017-05-15,750
2017-05-16,10.56,2017-05-16,750
2017-05-17,15.2,2017-05-17,750
2017-05-18,14.53,2017-05-18,750
2017-05-19,12.29,2017-05-19,750
2017-05-22,10.95,2017-05-22,750
2017-05-23,10.73,2017-05-23,750
2017-05-24,9.98,2017-05-24,750
2017-05-25,10.06,2017-05-25,750
2017-05-26,9.79,2017-05-26,750
2017-05-30,10.31,2017-05-30,750
2017-05-31,10.62,2017-05-31,750
2017-06-01,9.87,2017-06-01,750
2017-06-02,9.73,2017-06-02,750
2017-06-05,9.93,2017-06-05,750
2017-06-06,10.56,2017-06-06,750
2017-06-07,10.38,2017-06-07,750
2017-06-08,10.16,2017-06-08,750
2017-06-09,10.83,2017-06-09,750
2017-06-12,11.37,2017-06-12,750
2017-06-13,10.38,2017-06-13,750
2017-06-14,10.59,2017-06-14,750
2017-06-15,11.06,2017-06-15,750
2017-06-16,10.33,2017-06-16,750
2017-06-19,10.25,2017-06-19,750
2017-06-20,10.98,2017-06-20,750
2017-06-21,10.8,2017-06-21,750
2017-06-22,10.46,2017-06-22,750
2017-06-23,9.99,2017-06-23,750
2017-06-26,9.84,2017-06-26,750
2017-06-27,11.25,2017-06-27,750
2017-06-28,10.04,2017-06-28,750
2017-06-29,11.56,2017-06-29,750
2017-06-30,11.06,2017-06-30,750
2017-07-03,11.22,2017-07-03,584
2017-07-05,10.97,2017-07-05,750
2017-07-06,12.67,2017-07-06,750
2017-07-07,11.21,2017-07-07,750
2017-07-10,11.02,2017-07-10,750
2017-07-11,10.96,2017-07-11,750
2017-07-12,10.22,2017-07-12,750
2017-07-13,10.0,2017-07-13,750
2017-07-14,9.7,2017-07-14,750
2017-07-17,9.92,2017-07-17,750
2017-07-18,9.95,2017-07-18,750
2017-07-19,9.78,2017-07-19,750
2017-07-20,9.51,2017-07-20,750
2017-07-21,9.36,2017-07-21,750
2017-07-24,9.42,2017-07-24,750
2017-07-25,9.51,2017-07-25,750
2017-07-26,9.46,2017-07-26,750
2017-07-27,10.08,2017-07-27,750
2017-07-28,10.28,2017-07-28,750
2017-07-31,10.51,2017-07-31,750
2017-08-01,10.01,2017-08-01,750
2017-08-02,10.24,2017-08-02,750
2017-08-03,10.47,2017-08-03,750
2017-08-04,10.0,2017-08-04,750
2017-08-07,9.91,2017-08-07,750
2017-08-08,11.12,2017-08-08,750
2017-08-09,11.42,2017-08-09,750
2017-08-10,15.9,2017-08-10,750
2017-08-11,15.61,2017-08-11,750
2017-08-14,12.41,2017-08-14,750
2017-08-15,11.98,2017-08-15,750
2017-08-16,11.79,2017-08-16,740
2017-08-17,15.56,2017-08-17,750
2017-08-18,14.33,2017-08-18,750
2017-08-21,13.18,2017-08-21,750
2017-08-22,11.46,2017-08-22,750
2017-08-23,11.99,2017-08-23,750
2017-08-24,12.46,2017-08-24,750
2017-08-25,11.27,2017-08-25,750
2017-08-28,11.36,2017-08-28,750
2017-08-29,11.82,2017-08-29,750
2017-08-30,11.12,2017-08-30,750
2017-08-31,10.67,2017-08-31,750
2017-09-01,10.23,2017-09-01,750
2017-09-05,12.5,2017-09-05,750
2017-09-06,11.69,2017-09-06,750
2017-09-07,11.58,2017-09-07,750
2017-09-08,12.3,2017-09-08,750
2017-09-11,10.78,2017-09-11,750
2017-09-12,10.6,2017-09-12,750
2017-09-13,10.41,2017-09-13,750
2017-09-14,10.42,2017-09-14,750
2017-09-15,10.15,2017-09-15,750
2017-09-18,10.1,2017-09-18,750
2017-09-19,10.12,2017-09-19,750
2017-09-20,9.71,2017-09-20,750
2017-09-21,9.72,2017-09-21,750
2017-09-22,9.59,2017-09-22,750
2017-09-25,10.27,2017-09-25,750
2017-09-26,10.16,2017-09-26,750
2017-09-27,9.8,2017-09-27,750
2017-09-28,9.58,2017-09-28,750
2017-09-29,9.43,2017-09-29,750
2017-10-02,9.49,2017-10-02,750
2017-10-03,9.55,2017-10-03,750
2017-10-04,9.71,2017-10-04,750
2017-10-05,9.23,2017-10-05,750
2017-10-06,9.56,2017-10-06,750
2017-10-09,10.37,2017-10-09,750
2017-10-10,10.06,2017-10-10,750
2017-10-11,9.78,2017-10-11,750
2017-10-12,9.91,2017-10-12,750
2017-10-13,9.61,2017-10-13,750
2017-10-16,9.9,2017-10-16,750
2017-10-17,10.27,2017-10-17,750
2017-10-18,10.1,2017-10-18,750
2017-10-19,10.04,2017-10-19,750
2017-10-20,9.81,2017-10-20,750
2017-10-23,10.84,2017-10-23,750
2017-10-24,11.06,2017-10-24,750
2017-10-25,11.52,2017-10-25,750
2017-10-26,11.64,2017-10-26,750
2017-10-27,9.81,2017-10-27,750
2017-10-30,10.45,2017-10-30,750
2017-10-31,10.17,2017-10-31,750
2017-11-01,10.12,2017-11-01,750
2017-11-02,9.83,2017-11-02,750
2017-11-03,9.03,2017-11-03,750
2017-11-06,9.44,2017-11-06,750
2017-11-07,9.96,2017-11-07,750
2017-11-08,9.73,2017-11-08,750
2017-11-09,10.47,2017-11-09,750
2017-11-10,11.23,2017-11-10,688
2017-11-13,11.42,2017-11-13,750
2017-11-14,11.49,2017-11-14,750
2017-11-15,13.22,2017-11-15,750
2017-11-16,11.91,2017-11-16,750
2017-11-17,11.47,2017-11-17,750
2017-11-20,10.76,2017-11-20,750
2017-11-21,9.73,2017-11-21,750
2017-11-22,9.8,2017-11-22,750
2017-11-24,9.67,2017-11-24,617
2017-11-27,9.86,2017-11-27,750
2017-11-28,9.94,2017-11-28,750
2017-11-29,10.66,2017-11-29,750
2017-11-30,11.34,2017-11-30,750
2017-12-01,11.24,2017-12-01,750
2017-12-04,11.8,2017-12-04,750
2017-12-05,11.27,2017-12-05,750
2017-12-06,10.98,2017-12-06,750
2017-12-07,10.22,2017-12-07,750
2017-12-08,9.57,2017-12-08,750
2017-12-11,9.31,2017-12-11,750
2017-12-12,9.86,2017-12-12,750
2017-12-13,10.1,2017-12-13,750
2017-12-14,10.35,2017-12-14,750
2017-12-15,9.54,2017-12-15,750
2017-12-18,9.52,2017-12-18,750
2017-12-19,9.98,2017-12-19,750
2017-12-20,9.66,2017-12-20,749
2017-12-21,9.55,2017-12-21,750
2017-12-22,9.77,2017-12-22,750
2017-12-26,10.21,2017-12-26,750
2017-12-27,10.51,2017-12-27,750
2017-12-28,10.18,2017-12-28,750
2017-12-29,10.61,2017-12-29,750
2018-01-02,9.68,2018-01-02,750
2018-01-03,9.07,2018-01-03,750
2018-01-04,9.29,2018-01-04,750
2018-01-05,9.23,2018-01-05,750
2018-01-08,9.47,2018-01-08,750
2018-01-09,10.05,2018-01-09,750
2018-01-10,9.94,2018-01-10,750
2018-01-11,9.88,2018-01-11,750
2018-01-12,10.09,2018-01-12,750
2018-01-16,11.66,2018-01-16,750
2018-01-17,11.78,2018-01-17,749
2018-01-18,11.96,2018-01-18,750
2018-01-19,11.21,2018-01-19,750
2018-01-22,11.01,2018-01-22,750
2018-01-23,11.01,2018-01-23,750
2018-01-24,11.44,2018-01-24,750
2018-01-25,11.57,2018-01-25,750
2018-01-26,11.18,2018-01-26,750
2018-01-29,13.62,2018-01-29,750
2018-01-30,14.74,2018-01-30,750
2018-01-31,13.66,2018-01-31,750
2018-02-01,13.33,2018-02-01,750
2018-02-02,17.44,2018-02-02,750
2018-02-05,35.02,2018-02-05,750
2018-02-06,29.86,2018-02-06,750
2018-02-07,26.08,2018-02-07,750
2018-02-08,35.54,2018-02-08,750
2018-02-09,29.22,2018-02-09,750
2018-02-12,26.26,2018-02-12,750
2018-02-13,25.25,2018-02-13,750
2018-02-14,19.21,2018-02-14,749
2018-02-15,18.95,2018-02-15,750
2018-02-16,19.39,2018-02-16,750
2018-02-20,20.63,2018-02-20,750
2018-02-21,20.14,2018-02-21,750
2018-02-22,19.32,2018-02-22,750
2018-02-23,16.52,2018-02-23,750
2018-02-26,15.95,2018-02-26,750
2018-02-27,18.94,2018-02-27,750
2018-02-28,20.36,2018-02-28,750
2018-03-01,22.52,2018-03-01,750
2018-03-02,19.75,2018-03-02,750
2018-03-05,18.6,2018-03-05,750
2018-03-06,18.24,2018-03-06,750
2018-03-07,17.78,2018-03-07,750
2018-03-08,16.67,2018-03-08,750
2018-03-09,14.6,2018-03-09,750
2018-03-12,15.79,2018-03-12,750
2018-03-13,16.44,2018-03-13,750
2018-03-14,17.14,2018-03-14,750
2018-03-15,16.58,2018-03-15,750
2018-03-16,15.79,2018-03-16,750
2018-03-19,19.48,2018-03-19,750
2018-03-20,18.55,2018-03-20,750
2018-03-21,17.97,2018-03-21,750
2018-03-22,23.33,2018-03-22,750
2018-03-23,25.56,2018-03-23,750
2018-03-26,20.91,2018-03-26,750
2018-03-27,22.59,2018-03-27,750
2018-03-28,22.88,2018-03-28,749
2018-03-29,19.82,2018-03-29,750
2018-04-02,23.36,2018-04-02,750
2018-04-03,21.2,2018-04-03,750
2018-04-04,20.35,2018-04-04,750
2018-04-05,18.93,2018-04-05,750
2018-04-06,21.42,2018-04-06,750
2018-04-09,21.94,2018-04-09,750
2018-04-10,20.38,2018-04-10,750
2018-04-11,20.18,2018-04-11,750
2018-04-12,18.54,2018-04-12,750
2018-04-13,17.51,2018-04-13,750
2018-04-16,16.42,2018-04-16,750
2018-04-17,15.3,2018-04-17,750
2018-04-18,15.57,2018-04-18,750
2018-04-19,16.05,2018-04-19,750
2018-04-20,16.84,2018-04-20,750
2018-04-23,16.49,2018-04-23,750
2018-04-24,18.11,2018-04-24,750
2018-04-25,17.87,2018-04-25,750
2018-04-26,16.48,2018-04-26,750
2018-04-27,15.45,2018-04-27,750
2018-04-30,16.05,2018-04-30,750
2018-05-01,15.5,2018-05-01,750
2018-05-02,15.72,2018-05-02,750
2018-05-03,16.25,2018-05-03,750
2018-05-04,14.86,2018-05-04,750
2018-05-07,14.7,2018-05-07,750
2018-05-08,14.63,2018-05-08,750
2018-05-09,13.43,2018-05-09,750
2018-05-10,13.11,2018-05-10,750
2018-05-11,12.72,2018-05-11,750
2018-05-14,12.81,2018-05-14,750
2018-05-15,14.48,2018-05-15,750
2018-05-16,13.49,2018-05-16,750
2018-05-17,13.36,2018-05-17,750
2018-05-18,13.38,2018-05-18,750
2018-05-21,13.14,2018-05-21,750
2018-05-22,13.25,2018-05-22,750
2018-05-23,12.56,2018-05-23,750
2018-05-24,12.59,2018-05-24,750
2018-05-25,13.23,2018-05-25,750
2018-05-29,17.15,2018-05-29,750
2018-05-30,14.94,2018-05-30,750
2018-05-31,15.51,2018-05-31,751
2018-06-01,13.52,2018-06-01,750
2018-06-04,12.73,2018-06-04,750
2018-06-05,12.52,2018-06-05,750
2018-06-06,11.64,2018-06-06,750
2018-06-07,12.25,2018-06-07,750
2018-06-08,12.13,2018-06-08,750
2018-06-11,12.35,2018-06-11,750
2018-06-12,12.18,2018-06-12,749
2018-06-13,12.81,2018-06-13,750
2018-06-14,12.11,2018-06-14,750
2018-06-15,12.06,2018-06-15,750
2018-06-18,12.35,2018-06-18,750
2018-06-19,13.38,2018-06-19,750
2018-06-20,12.74,2018-06-20,750
2018-06-21,14.63,2018-06-21,750
2018-06-22,13.72,2018-06-22,750
2018-06-25,17.51,2018-06-25,750
2018-06-26,16.09,2018-06-26,750
2018-06-27,17.94,2018-06-27,750
2018-06-28,16.94,2018-06-28,750
2018-06-29,16.08,2018-06-29,750
2018-07-02,15.64,2018-07-02,750
2018-07-03,16.14,2018-07-03,584
2018-07-05,15.09,2018-07-05,750
2018-07-06,13.35,2018-07-06,750
2018-07-09,12.66,2018-07-09,750
2018-07-10,12.62,2018-07-10,750
2018-07-11,13.48,2018-07-11,750
2018-07-12,12.46,2018-07-12,750
2018-07-13,12.26,2018-07-13,750
2018-07-16,12.6,2018-07-16,750
2018-07-17,12.02,2018-07-17,750
2018-07-18,11.99,2018-07-18,750
2018-07-19,12.91,2018-07-19,750
2018-07-20,12.81,2018-07-20,750
2018-07-23,12.7,2018-07-23,750
2018-07-24,12.42,2018-07-24,750
2018-07-25,12.0,2018-07-25,750
2018-07-26,12.27,2018-07-26,750
2018-07-27,13.08,2018-07-27,750
2018-07-30,14.17,2018-07-30,750
2018-07-31,12.99,2018-07-31,750
2018-08-01,12.99,2018-08-01,750
2018-08-02,12.21,2018-08-02,750
2018-08-03,11.72,2018-08-03,750
2018-08-06,11.26,2018-08-06,750
2018-08-07,10.92,2018-08-07,750
2018-08-08,10.71,2018-08-08,750
2018-08-09,11.21,2018-08-09,750
2018-08-10,13.15,2018-08-10,750
2018-08-13,14.77,2018-08-13,750
2018-08-14,13.29,2018-08-14,750
2018-08-15,14.87,2018-08-15,750
2018-08-16,13.51,2018-08-16,750
2018-08-17,12.65,2018-08-17,750
2018-08-20,12.46,2018-08-20,750
2018-08-21,12.78,2018-08-21,750
2018-08-22,12.12,2018-08-22,750
2018-08-23,12.38,2018-08-23,750
2018-08-24,12.09,2018-08-24,750
2018-08-27,12.14,2018-08-27,750
2018-08-28,12.36,2018-08-28,750
2018-08-29,12.15,2018-08-29,750
2018-08-30,13.4,2018-08-30,750
2018-08-31,13.06,2018-08-31,750
2018-09-04,13.18,2018-09-04,750
2018-09-05,13.59,2018-09-05,750
2018-09-06,14.55,2018-09-06,750
2018-09-07,14.97,2018-09-07,750
2018-09-10,14.18,2018-09-10,750
2018-09-11,13.34,2018-09-11,750
2018-09-12,13.1,2018-09-12,750
2018-09-13,12.33,2018-09-13,750
2018-09-14,12.07,2018-09-14,750
2018-09-17,13.48,2018-09-17,750
2018-09-18,12.95,2018-09-18,750
2018-09-19,11.78,2018-09-19,750
2018-09-20,11.91,2018-09-20,750
2018-09-21,11.62,2018-09-21,750
2018-09-24,12.22,2018-09-24,750
2018-09-25,12.48,2018-09-25,750
2018-09-26,12.98,2018-09-26,750
2018-09-27,12.39,2018-09-27,750
2018-09-28,12.33,2018-09-28,750
2018-10-01,12.11,2018-10-01,750
2018-10-02,12.07,2018-10-02,750
2018-10-03,11.71,2018-10-03,750
2018-10-04,14.01,2018-10-04,750
2018-10-05,15.06,2018-10-05,750
2018-10-08,15.82,2018-10-08,750
2018-10-09,16.14,2018-10-09,750
2018-10-10,22.36,2018-10-10,750
2018-10-11,25.86,2018-10-11,750
2018-10-12,21.53,2018-10-12,750
2018-10-15,21.1,2018-10-15,750
2018-10-16,18.0,2018-10-16,750
2018-10-17,17.53,2018-10-17,750
2018-10-18,19.8,2018-10-18,750
2018-10-19,19.85,2018-10-19,750
2018-10-22,19.57,2018-10-22,750
2018-10-23,21.06,2018-10-23,750
2018-10-24,25.55,2018-10-24,750
2018-10-25,23.04,2018-10-25,750
2018-10-26,25.16,2018-10-26,750
2018-10-29,25.09,2018-10-29,750
2018-10-30,23.37,2018-10-30,750
2018-10-31,21.17,2018-10-31,750
2018-11-01,19.36,2018-11-01,750
2018-11-02,19.53,2018-11-02,750
2018-11-05,19.86,2018-11-05,750
2018-11-06,20.05,2018-11-06,750
2018-11-07,16.45,2018-11-07,750
2018-11-08,16.72,2018-11-08,750
2018-11-09,17.38,2018-11-09,750
2018-11-12,20.26,2018-11-12,750
2018-11-13,20.53,2018-11-13,750
2018-11-14,21.02,2018-11-14,750
2018-11-15,20.12,2018-11-15,750
2018-11-16,18.43,2018-11-16,750
2018-11-19,20.29,2018-11-19,750
2018-11-20,22.71,2018-11-20,750
2018-11-21,20.83,2018-11-21,750
2018-11-23,21.52,2018-11-23,584
2018-11-26,18.7,2018-11-26,750
2018-11-27,18.91,2018-11-27,750
2018-11-28,18.35,2018-11-28,750
2018-11-29,18.98,2018-11-29,750
2018-11-30,18.4,2018-11-30,750
2018-12-03,16.29,2018-12-03,750
2018-12-04,20.77,2018-12-04,750
2018-12-06,21.07,2018-12-06,750
2018-12-07,23.38,2018-12-07,750
2018-12-10,22.62,2018-12-10,750
2018-12-11,21.96,2018-12-11,750
2018-12-12,21.4,2018-12-12,750
2018-12-13,20.67,2018-12-13,750
2018-12-14,21.86,2018-12-14,750
2018-12-17,24.81,2018-12-17,750
2018-12-18,25.71,2018-12-18,750
2018-12-19,24.98,2018-12-19,750
2018-12-20,28.39,2018-12-20,750
2018-12-21,29.95,2018-12-21,750
2018-12-24,36.07,2018-12-24,584
2018-12-26,29.83,2018-12-26,750
2018-12-27,29.84,2018-12-27,750
2018-12-28,28.57,2018-12-28,750
2018-12-31,25.86,2018-12-31,750
2019-01-02,23.1,2019-01-02,750
2019-01-03,25.02,2019-01-03,750
2019-01-04,21.33,2019-01-04,750
2019-01-07,21.21,2019-01-07,750
2019-01-08,20.24,2019-01-08,750
2019-01-09,19.81,2019-01-09,750
2019-01-10,19.39,2019-01-10,750
2019-01-11,18.2,2019-01-11,750
2019-01-14,19.01,2019-01-14,750
2019-01-15,18.2,2019-01-15,750
2019-01-16,18.77,2019-01-16,750
2019-01-17,18.1,2019-01-17,750
2019-01-18,17.73,2019-01-18,750
2019-01-22,20.39,2019-01-22,750
2019-01-23,19.64,2019-01-23,750
2019-01-24,18.7,2019-01-24,750
2019-01-25,17.43,2019-01-25,750
2019-01-28,18.97,2019-01-28,750
2019-01-29,19.2,2019-01-29,750
2019-01-30,17.67,2019-01-30,750
2019-01-31,16.7,2019-01-31,750
2019-02-01,16.17,2019-02-01,750
2019-02-04,15.67,2019-02-04,750
2019-02-05,15.51,2019-02-05,750
2019-02-06,15.35,2019-02-06,750
2019-02-07,16.33,2019-02-07,750
2019-02-08,15.7,2019-02-08,750
2019-02-11,16.03,2019-02-11,750
2019-02-12,15.41,2019-02-12,750
2019-02-13,15.55,2019-02-13,750
2019-02-14,16.18,2019-02-14,750
2019-02-15,14.88,2019-02-15,750
2019-02-19,14.89,2019-02-19,750
2019-02-20,14.08,2019-02-20,750
2019-02-21,14.36,2019-02-21,750
2019-02-22,13.62,2019-02-22,750
2019-02-25,14.81,2019-02-25,750
2019-02-26,15.06,2019-02-26,750
2019-02-27,14.84,2019-02-27,750
2019-02-28,15.04,2019-02-28,750
2019-03-01,13.53,2019-03-01,750
2019-03-04,14.5,2019-03-04,750
2019-03-05,14.74,2019-03-05,750
2019-03-06,15.56,2019-03-06,750
2019-03-07,16.65,2019-03-07,750
2019-03-08,16.34,2019-03-08,750
2019-03-11,14.39,2019-03-11,750
2019-03-12,13.77,2019-03-12,750
2019-03-13,13.55,2019-03-13,750
2019-03-14,13.43,2019-03-14,750
2019-03-15,12.92,2019-03-15,750
2019-03-18,13.12,2019-03-18,750
2019-03-19,13.49,2019-03-19,750
2019-03-20,13.75,2019-03-20,750
2019-03-21,13.65,2019-03-21,750
2019-03-22,16.92,2019-03-22,750
2019-03-25,16.55,2019-03-25,750
2019-03-26,14.8,2019-03-26,750
2019-03-27,15.28,2019-03-27,750
2019-03-28,14.55,2019-03-28,750
2019-03-29,13.75,2019-03-29,750
2019-04-01,13.47,2019-04-01,750
2019-04-02,13.28,2019-04-02,750
2019-04-03,13.77,2019-04-03,750
2019-04-04,13.51,2019-04-04,750
2019-04-05,12.75,2019-04-05,750
2019-04-08,13.17,2019-04-08,750
2019-04-09,14.19,2019-04-09,750
2019-04-10,13.34,2019-04-10,750
2019-04-11,13.11,2019-04-11,750
2019-04-12,12.04,2019-04-12,750
2019-04-15,12.29,2019-04-15,750
2019-04-16,12.18,2019-04-16,750
2019-04-17,12.51,2019-04-17,750
2019-04-18,12.09,2019-04-18,750
2019-04-22,12.46,2019-04-22,750
2019-04-23,12.28,2019-04-23,750
2019-04-24,13.08,2019-04-24,750
2019-04-25,13.23,2019-04-25,750
2019-04-26,12.64,2019-04-26,750
2019-04-29,13.05,2019-04-29,750
2019-04-30,13.18,2019-04-30,750
2019-05-01,14.62,2019-05-01,750
2019-05-02,14.49,2019-05-02,750
2019-05-03,12.97,2019-05-03,750
2019-05-06,15.25,2019-05-06,728
2019-05-07,19.91,2019-05-07,750
2019-05-08,19.89,2019-05-08,750
2019-05-09,19.2,2019-05-09,750
2019-05-10,16.13,2019-05-10,750
2019-05-13,20.28,2019-05-13,750
2019-05-14,18.28,2019-05-14,749
2019-05-15,16.59,2019-05-15,750
2019-05-16,15.38,2019-05-16,750
2019-05-17,16.12,2019-05-17,750
2019-05-20,16.42,2019-05-20,750
2019-05-21,14.94,2019-05-21,750
2019-05-22,14.77,2019-05-22,750
2019-05-23,16.91,2019-05-23,750
2019-05-24,16.11,2019-05-24,750
2019-05-28,17.53,2019-05-28,750
2019-05-29,17.85,2019-05-29,750
2019-05-30,17.4,2019-05-30,750
2019-05-31,18.69,2019-05-31,750
2019-06-03,19.02,2019-06-03,750
2019-06-04,17.06,2019-06-04,750
2019-06-05,16.07,2019-06-05,750
2019-06-06,15.88,2019-06-06,750
2019-06-07,16.34,2019-06-07,750
2019-06-10,16.11,2019-06-10,750
2019-06-11,16.12,2019-06-11,750
2019-06-12,15.93,2019-06-12,750
2019-06-13,15.78,2019-06-13,750
2019-06-14,15.3,2019-06-14,750
2019-06-17,15.4,2019-06-17,750
2019-06-18,15.23,2019-06-18,750
2019-06-19,14.3,2019-06-19,750
2019-06-20,14.87,2019-06-20,750
2019-06-21,15.32,2019-06-21,750
2019-06-24,15.37,2019-06-24,750
2019-06-25,16.33,2019-06-25,750
2019-06-26,16.3,2019-06-26,750
2019-06-27,15.91,2019-06-27,750
2019-06-28,15.55,2019-06-28,750
2019-07-01,14.05,2019-07-01,750
2019-07-02,13.04,2019-07-02,750
2019-07-03,12.57,2019-07-03,584
2019-07-05,13.18,2019-07-05,750
2019-07-08,13.9,2019-07-08,750
2019-07-09,14.1,2019-07-09,750
2019-07-10,13.04,2019-07-10,750
2019-07-11,12.92,2019-07-11,750
2019-07-12,12.33,2019-07-12,750
2019-07-15,12.72,2019-07-15,750
2019-07-16,12.88,2019-07-16,750
2019-07-17,13.71,2019-07-17,750
2019-07-18,13.52,2019-07-18,750
2019-07-19,14.31,2019-07-19,750
2019-07-22,13.54,2019-07-22,750
2019-07-23,12.61,2019-07-23,750
2019-07-24,12.14,2019-07-24,750
2019-07-25,12.79,2019-07-25,750
2019-07-26,12.14,2019-07-26,750
2019-07-29,12.91,2019-07-29,750
2019-07-30,13.8,2019-07-30,750
2019-07-31,15.84,2019-07-31,750
2019-08-01,17.99,2019-08-01,750
2019-08-02,18.19,2019-08-02,750
2019-08-05,23.4,2019-08-05,750
2019-08-06,19.78,2019-08-06,750
2019-08-07,19.29,2019-08-07,750
2019-08-08,16.85,2019-08-08,750
2019-08-09,18.05,2019-08-09,750
2019-08-12,20.71,2019-08-12,750
2019-08-13,17.9,2019-08-13,750
2019-08-14,22.24,2019-08-14,750
2019-08-15,21.17,2019-08-15,750
2019-08-16,18.64,2019-08-16,750
2019-08-19,16.72,2019-08-19,750
2019-08-20,17.55,2019-08-20,750
2019-08-21,15.94,2019-08-21,750
2019-08-22,16.62,2019-08-22,750
2019-08-23,20.33,2019-08-23,750
2019-08-26,19.23,2019-08-26,750
2019-08-27,20.39,2019-08-27,750
2019-08-28,19.36,2019-08-28,750
2019-08-29,18.0,2019-08-29,750
2019-08-30,18.86,2019-08-30,750
2019-09-03,19.71,2019-09-03,750
2019-09-04,17.32,2019-09-04,750
2019-09-05,16.04,2019-09-05,750
2019-09-06,15.11,2019-09-06,750
2019-09-09,15.3,2019-09-09,750
2019-09-10,15.19,2019-09-10,750
2019-09-11,14.66,2019-09-11,750
2019-09-12,14.3,2019-09-12,750
2019-09-13,13.81,2019-09-13,750
2019-09-16,14.83,2019-09-16,750
2019-09-17,14.44,2019-09-17,750
2019-09-18,14.04,2019-09-18,750
2019-09-19,14.01,2019-09-19,750
2019-09-20,15.13,2019-09-20,750
2019-09-23,15.11,2019-09-23,749
2019-09-24,17.02,2019-09-24,750
2019-09-25,15.85,2019-09-25,750
2019-09-26,16.01,2019-09-26,750
2019-09-27,17.19,2019-09-27,750
2019-09-30,16.51,2019-09-30,750
2019-10-01,18.39,2019-10-01,750
2019-10-02,20.34,2019-10-02,750
2019-10-03,19.08,2019-10-03,750
2019-10-04,17.03,2019-10-04,750
2019-10-07,17.88,2019-10-07,750
2019-10-08,20.33,2019-10-08,750
2019-10-09,18.75,2019-10-09,750
2019-10-10,17.67,2019-10-10,750
2019-10-11,15.8,2019-10-11,750
2019-10-14,14.82,2019-10-14,750
2019-10-15,13.53,2019-10-15,750
2019-10-16,13.7,2019-10-16,749
2019-10-17,13.8,2019-10-17,750
2019-10-18,14.37,2019-10-18,750
2019-10-21,14.11,2019-10-21,750
2019-10-22,14.52,2019-10-22,750
2019-10-23,14.06,2019-10-23,750
2019-10-24,13.46,2019-10-24,750
2019-10-25,12.72,2019-10-25,750
2019-10-28,13.06,2019-10-28,750
2019-10-29,13.18,2019-10-29,750
2019-10-30,12.4,2019-10-30,750
2019-10-31,13.19,2019-10-31,750
2019-11-01,12.31,2019-11-01,750
2019-11-04,12.78,2019-11-04,750
2019-11-05,13.05,2019-11-05,750
2019-11-06,12.71,2019-11-06,750
2019-11-07,12.71,2019-11-07,750
2019-11-08,12.06,2019-11-08,750
2019-11-11,12.77,2019-11-11,750
2019-11-12,12.71,2019-11-12,750
2019-11-13,13.06,2019-11-13,750
2019-11-14,13.0,2019-11-14,750
2019-11-15,11.93,2019-11-15,750
2019-11-18,12.52,2019-11-18,750
2019-11-19,12.84,2019-11-19,750
2019-11-20,12.86,2019-11-20,750
2019-11-21,13.24,2019-11-21,750
2019-11-22,12.45,2019-11-22,750
2019-11-25,11.89,2019-11-25,750
2019-11-26,11.77,2019-11-26,750
2019-11-27,11.69,2019-11-27,750
2019-11-29,12.62,2019-11-29,584
2019-12-02,14.65,2019-12-02,750
2019-12-03,15.84,2019-12-03,750
2019-12-04,14.78,2019-12-04,750
2019-12-05,14.54,2019-12-05,750
2019-12-06,13.6,2019-12-06,750
2019-12-09,15.85,2019-12-09,750
2019-12-10,15.86,2019-12-10,750
2019-12-11,15.14,2019-12-11,750
2019-12-12,13.91,2019-12-12,750
2019-12-13,12.66,2019-12-13,750
2019-12-16,12.31,2019-12-16,750
2019-12-17,12.31,2019-12-17,750
2019-12-18,12.7,2019-12-18,749
2019-12-19,12.47,2019-12-19,750
2019-12-20,12.45,2019-12-20,750
2019-12-23,12.75,2019-12-23,750
2019-12-24,12.67,2019-12-24,584
2019-12-26,12.58,2019-12-26,750
2019-12-27,13.34,2019-12-27,750
2019-12-30,14.76,2019-12-30,750
2019-12-31,13.94,2019-12-31,750
2020-01-02,12.47,2020-01-02,750
2020-01-03,14.24,2020-01-03,750
2020-01-06,13.63,2020-01-06,750
2020-01-07,13.75,2020-01-07,750
2020-01-08,13.72,2020-01-08,750
2020-01-09,12.61,2020-01-09,750
2020-01-10,12.56,2020-01-10,750
2020-01-13,12.4,2020-01-13,750
2020-01-14,12.49,2020-01-14,750
2020-01-15,12.48,2020-01-15,750
2020-01-16,12.32,2020-01-16,750
2020-01-17,12.1,2020-01-17,750
2020-01-21,12.76,2020-01-21,750
2020-01-22,12.82,2020-01-22,750
2020-01-23,13.02,2020-01-23,750
2020-01-24,14.69,2020-01-24,750
2020-01-27,18.1,2020-01-27,749
2020-01-28,16.3,2020-01-28,750
2020-01-29,16.32,2020-01-29,750
2020-01-30,15.61,2020-01-30,750
2020-01-31,19.01,2020-01-31,750
2020-02-03,18.03,2020-02-03,750
2020-02-04,16.12,2020-02-04,750
2020-02-05,15.11,2020-02-05,750
2020-02-06,14.89,2020-02-06,750
2020-02-07,15.59,2020-02-07,750
2020-02-10,15.14,2020-02-10,750
2020-02-11,15.18,2020-02-11,750
2020-02-12,13.84,2020-02-12,750
2020-02-13,14.27,2020-02-13,750
2020-02-14,13.81,2020-02-14,750
2020-02-18,14.73,2020-02-18,750
2020-02-19,14.4,2020-02-19,750
2020-02-20,15.35,2020-02-20,750
2020-02-21,17.16,2020-02-21,750
2020-02-24,25.04,2020-02-24,750
2020-02-25,28.49,2020-02-25,750
2020-02-26,27.37,2020-02-26,750
2020-02-27,37.23,2020-02-27,750
2020-02-28,42.24,2020-02-28,750
2020-03-02,32.0,2020-03-02,750
2020-03-03,37.74,2020-03-03,750
2020-03-04,31.9,2020-03-04,750
2020-03-05,39.74,2020-03-05,750
2020-03-06,41.79,2020-03-06,750
2020-03-09,55.95,2020-03-09,376
2020-03-10,46.62,2020-03-10,749
2020-03-11,54.24,2020-03-11,750
2020-03-12,76.83,2020-03-12,668
2020-03-13,55.17,2020-03-13,632
2020-03-16,83.05,2020-03-16,375
2020-03-17,74.85,2020-03-17,667
2020-03-18,75.85,2020-03-18,350
2020-03-19,72.13,2020-03-19,750
2020-03-20,66.78,2020-03-20,750
2020-03-23,61.62,2020-03-23,750
2020-03-24,60.56,2020-03-24,623
2020-03-25,64.52,2020-03-25,741
2020-03-26,61.18,2020-03-26,750
2020-03-27,64.8,2020-03-27,750
2020-03-30,57.12,2020-03-30,750
2020-03-31,53.41,2020-03-31,750
2020-04-01,56.85,2020-04-01,744
2020-04-02,50.81,2020-04-02,750
2020-04-03,47.05,2020-04-03,750
2020-04-06,45.01,2020-04-06,750
2020-04-07,46.11,2020-04-07,750
2020-04-08,43.25,2020-04-08,738
2020-04-09,41.58,2020-04-09,750
2020-04-13,41.35,2020-04-13,750
2020-04-14,37.96,2020-04-14,750
2020-04-15,40.85,2020-04-15,750
2020-04-16,39.98,2020-04-16,750
2020-04-17,38.06,2020-04-17,750
2020-04-20,43.16,2020-04-20,750
2020-04-21,45.36,2020-04-21,750
2020-04-22,42.05,2020-04-22,749
2020-04-23,40.9,2020-04-23,750
2020-04-24,35.61,2020-04-24,750
2020-04-27,33.07,2020-04-27,750
2020-04-28,34.15,2020-04-28,750
2020-04-29,31.41,2020-04-29,749
2020-04-30,34.3,2020-04-30,750
2020-05-01,36.92,2020-05-01,750
2020-05-04,35.77,2020-05-04,750
2020-05-05,33.46,2020-05-05,750
2020-05-06,33.97,2020-05-06,749
2020-05-07,31.77,2020-05-07,750
2020-05-08,28.14,2020-05-08,750
2020-05-11,27.57,2020-05-11,750
2020-05-12,32.18,2020-05-12,750
2020-05-13,35.17,2020-05-13,749
2020-05-14,32.5,2020-05-14,750
2020-05-15,31.25,2020-05-15,750
2020-05-18,29.14,2020-05-18,750
2020-05-19,30.58,2020-05-19,750
2020-05-20,27.93,2020-05-20,749
2020-05-21,29.03,2020-05-21,750
2020-05-22,28.12,2020-05-22,750
2020-05-26,28.21,2020-05-26,750
2020-05-27,27.58,2020-05-27,749
2020-05-28,28.92,2020-05-28,750
2020-05-29,27.65,2020-05-29,750
2020-06-01,28.3,2020-06-01,750
2020-06-02,26.73,2020-06-02,750
2020-06-03,25.51,2020-06-03,750
2020-06-04,25.5,2020-06-04,750
2020-06-05,24.09,2020-06-05,750
2020-06-08,25.72,2020-06-08,750
2020-06-09,27.36,2020-06-09,750
2020-06-10,27.27,2020-06-10,750
2020-06-11,40.71,2020-06-11,750
2020-06-12,35.94,2020-06-12,750
2020-06-15,34.74,2020-06-15,750
2020-06-16,33.82,2020-06-16,750
2020-06-17,33.8,2020-06-17,749
2020-06-18,32.39,2020-06-18,751
2020-06-19,33.39,2020-06-19,750
2020-06-22,31.88,2020-06-22,750
2020-06-23,31.08,2020-06-23,750
2020-06-24,33.88,2020-06-24,749
2020-06-25,32.14,2020-06-25,750
2020-06-26,34.76,2020-06-26,750
2020-06-29,32.07,2020-06-29,750
2020-06-30,30.31,2020-06-30,750
2020-07-01,28.85,2020-07-01,750
2020-07-02,27.79,2020-07-02,750
2020-07-06,27.9,2020-07-06,750
2020-07-07,29.35,2020-07-07,750
2020-07-08,28.05,2020-07-08,750
2020-07-09,29.17,2020-07-09,750
2020-07-10,27.38,2020-07-10,750
2020-07-13,32.05,2020-07-13,750
2020-07-14,29.57,2020-07-14,750
2020-07-15,27.85,2020-07-15,749
2020-07-16,27.55,2020-07-16,750
2020-07-17,25.57,2020-07-17,750
2020-07-20,24.48,2020-07-20,750
2020-07-21,25.04,2020-07-21,750
2020-07-22,24.18,2020-07-22,749
2020-07-23,26.03,2020-07-23,750
2020-07-24,25.74,2020-07-24,750
2020-07-27,24.79,2020-07-27,750
2020-07-28,25.5,2020-07-28,750
2020-07-29,24.13,2020-07-29,749
2020-07-30,25.28,2020-07-30,750
2020-07-31,23.78,2020-07-31,750
2020-08-03,24.58,2020-08-03,750
2020-08-04,23.79,2020-08-04,750
2020-08-05,23.02,2020-08-05,749
2020-08-06,22.67,2020-08-06,750
2020-08-07,22.15,2020-08-07,750
2020-08-10,22.03,2020-08-10,750
2020-08-11,24.42,2020-08-11,750
2020-08-12,22.2,2020-08-12,749
2020-08-13,22.23,2020-08-13,750
2020-08-14,21.94,2020-08-14,750
2020-08-17,21.56,2020-08-17,750
2020-08-18,21.68,2020-08-18,750
2020-08-19,22.72,2020-08-19,749
2020-08-20,22.56,2020-08-20,750
2020-08-21,22.24,2020-08-21,750
2020-08-24,22.38,2020-08-24,750
2020-08-25,22.08,2020-08-25,750
2020-08-26,23.14,2020-08-26,749
2020-08-27,24.51,2020-08-27,750
2020-08-28,22.74,2020-08-28,750
2020-08-31,26.41,2020-08-31,750
2020-09-01,26.22,2020-09-01,750
2020-09-02,26.63,2020-09-02,748
2020-09-03,33.55,2020-09-03,750
2020-09-04,30.35,2020-09-04,750
2020-09-08,31.55,2020-09-08,750
2020-09-09,29.42,2020-09-09,749
2020-09-10,29.98,2020-09-10,750
2020-09-11,26.6,2020-09-11,750
2020-09-14,25.72,2020-09-14,750
2020-09-15,25.62,2020-09-15,750
2020-09-16,26.0,2020-09-16,749
2020-09-17,26.42,2020-09-17,750
2020-09-18,25.93,2020-09-18,750
2020-09-21,27.55,2020-09-21,750
2020-09-22,26.65,2020-09-22,750
2020-09-23,29.04,2020-09-23,749
2020-09-24,28.62,2020-09-24,750
2020-09-25,26.22,2020-09-25,750
2020-09-28,26.31,2020-09-28,750
2020-09-29,26.6,2020-09-29,750
2020-09-30,26.15,2020-09-30,749
2020-10-01,26.75,2020-10-01,750
2020-10-02,27.46,2020-10-02,750
2020-10-05,28.1,2020-10-05,750
2020-10-06,29.59,2020-10-06,750
2020-10-07,28.25,2020-10-07,749
2020-10-08,26.36,2020-10-08,750
2020-10-09,24.81,2020-10-09,750
2020-10-12,25.16,2020-10-12,750
2020-10-13,26.04,2020-10-13,750
2020-10-14,26.41,2020-10-14,748
2020-10-15,26.94,2020-10-15,750
2020-10-16,26.99,2020-10-16,750
2020-10-19,29.08,2020-10-19,750
2020-10-20,29.56,2020-10-20,750
2020-10-21,28.6,2020-10-21,749
2020-10-22,27.81,2020-10-22,750
2020-10-23,27.4,2020-10-23,750
2020-10-26,32.39,2020-10-26,750
2020-10-27,33.08,2020-10-27,750
2020-10-28,40.36,2020-10-28,749
2020-10-29,37.09,2020-10-29,750
2020-10-30,37.43,2020-10-30,750
2020-11-02,37.08,2020-11-02,750
2020-11-03,35.02,2020-11-03,750
2020-11-04,29.78,2020-11-04,749
2020-11-05,27.85,2020-11-05,750
2020-11-06,24.82,2020-11-06,750
2020-11-09,25.64,2020-11-09,750
2020-11-10,24.73,2020-11-10,750
2020-11-11,23.58,2020-11-11,749
2020-11-12,25.48,2020-11-12,750
2020-11-13,23.08,2020-11-13,750
2020-11-16,22.6,2020-11-16,750
2020-11-17,22.72,2020-11-17,750
2020-11-18,23.72,2020-11-18,749
2020-11-19,22.79,2020-11-19,750
2020-11-20,23.61,2020-11-20,750
2020-11-23,22.67,2020-11-23,750
2020-11-24,21.69,2020-11-24,749
2020-11-25,21.18,2020-11-25,750
2020-11-27,20.84,2020-11-27,584
2020-11-30,20.66,2020-11-30,750
2020-12-01,20.87,2020-12-01,749
2020-12-02,21.15,2020-12-02,750
2020-12-03,21.44,2020-12-03,750
2020-12-04,20.59,2020-12-04,750
2020-12-07,21.26,2020-12-07,750
2020-12-08,20.52,2020-12-08,750
2020-12-09,22.35,2020-12-09,750
2020-12-10,22.43,2020-12-10,750
2020-12-11,23.5,2020-12-11,750
2020-12-14,24.69,2020-12-14,750
2020-12-15,22.88,2020-12-15,750
2020-12-16,22.49,2020-12-16,749
2020-12-17,21.75,2020-12-17,750
2020-12-18,21.95,2020-12-18,750
2020-12-21,25.26,2020-12-21,750
2020-12-22,24.16,2020-12-22,750
2020-12-23,22.99,2020-12-23,749
2020-12-24,21.53,2020-12-24,584
2020-12-28,21.8,2020-12-28,750
2020-12-29,23.2,2020-12-29,750
2020-12-30,22.69,2020-12-30,749
2020-12-31,22.5,2020-12-31,750
2021-01-04,26.69,2021-01-04,750
2021-01-05,25.26,2021-01-05,750
2021-01-06,26.48,2021-01-06,749
2021-01-07,22.36,2021-01-07,750
2021-01-08,21.56,2021-01-08,750
2021-01-11,24.14,2021-01-11,750
2021-01-12,23.27,2021-01-12,750
2021-01-13,22.32,2021-01-13,749
2021-01-14,23.21,2021-01-14,750
2021-01-15,23.95,2021-01-15,750
2021-01-19,23.07,2021-01-19,750
2021-01-20,21.66,2021-01-20,749
2021-01-21,21.31,2021-01-21,750
2021-01-22,21.74,2021-01-22,750
2021-01-25,23.19,2021-01-25,750
2021-01-26,23.54,2021-01-26,750
2021-01-27,31.76,2021-01-27,749
2021-01-28,30.7,2021-01-28,750
2021-01-29,32.56,2021-01-29,750
2021-02-01,29.88,2021-02-01,750
2021-02-02,26.23,2021-02-02,750
2021-02-03,23.68,2021-02-03,749
2021-02-04,21.8,2021-02-04,750
2021-02-05,20.94,2021-02-05,750
2021-02-08,21.28,2021-02-08,750
2021-02-09,21.47,2021-02-09,750
2021-02-10,22.02,2021-02-10,749
2021-02-11,21.17,2021-02-11,750
2021-02-12,19.97,2021-02-12,750
2021-02-16,21.32,2021-02-16,750
2021-02-17,21.39,2021-02-17,749
2021-02-18,22.32,2021-02-18,750
2021-02-19,21.73,2021-02-19,750
2021-02-22,23.59,2021-02-22,750
2021-02-23,22.94,2021-02-23,750
2021-02-24,21.47,2021-02-24,749
2021-02-25,29.19,2021-02-25,750
2021-02-26,27.2,2021-02-26,750
2021-03-01,23.37,2021-03-01,750
2021-03-02,24.45,2021-03-02,749
2021-03-03,26.79,2021-03-03,750
2021-03-04,28.42,2021-03-04,750
2021-03-05,24.75,2021-03-05,750
2021-03-08,26.22,2021-03-08,750
2021-03-09,23.97,2021-03-09,750
2021-03-10,22.75,2021-03-10,749
2021-03-11,21.92,2021-03-11,750
2021-03-12,20.74,2021-03-12,750
2021-03-15,19.92,2021-03-15,750
2021-03-16,20.07,2021-03-16,750
2021-03-17,19.28,2021-03-17,749
2021-03-18,21.76,2021-03-18,750
2021-03-19,20.74,2021-03-19,750
2021-03-22,18.96,2021-03-22,750
2021-03-23,20.78,2021-03-23,750
2021-03-24,21.49,2021-03-24,749
2021-03-25,20.17,2021-03-25,750
2021-03-26,19.02,2021-03-26,750
2021-03-29,20.88,2021-03-29,750
2021-03-30,19.53,2021-03-30,750
2021-03-31,18.91,2021-03-31,749
2021-04-01,17.38,2021-04-01,750
2021-04-05,17.91,2021-04-05,750
2021-04-06,18.09,2021-04-06,750
2021-04-07,17.25,2021-04-07,748
2021-04-08,16.96,2021-04-08,750
2021-04-09,16.66,2021-04-09,750
2021-04-12,16.83,2021-04-12,750
2021-04-13,16.62,2021-04-13,750
2021-04-14,17.07,2021-04-14,749
2021-04-15,16.48,2021-04-15,750
2021-04-16,16.11,2021-04-16,750
2021-04-19,17.26,2021-04-19,750
2021-04-20,18.53,2021-04-20,750
2021-04-21,17.2,2021-04-21,749
2021-04-22,18.63,2021-04-22,750
2021-04-23,17.1,2021-04-23,750
2021-04-26,17.62,2021-04-26,750
2021-04-27,17.55,2021-04-27,750
2021-04-28,17.37,2021-04-28,749
2021-04-29,17.5,2021-04-29,750
2021-04-30,18.42,2021-04-30,750
2021-05-03,18.16,2021-05-03,750
2021-05-04,19.25,2021-05-04,750
2021-05-05,19.04,2021-05-05,749
2021-05-06,18.35,2021-05-06,750
2021-05-07,16.79,2021-05-07,750
2021-05-10,19.37,2021-05-10,750
2021-05-11,21.34,2021-05-11,750
2021-05-12,27.4,2021-05-12,749
2021-05-13,23.32,2021-05-13,750
2021-05-14,18.97,2021-05-14,750
2021-05-17,19.99,2021-05-17,750
2021-05-18,21.44,2021-05-18,750
2021-05-19,21.89,2021-05-19,748
2021-05-20,20.63,2021-05-20,750
2021-05-21,20.04,2021-05-21,750
2021-05-24,18.51,2021-05-24,750
2021-05-25,18.86,2021-05-25,750
2021-05-26,17.44,2021-05-26,749
2021-05-27,16.96,2021-05-27,750
2021-05-28,16.61,2021-05-28,750
2021-06-01,18.05,2021-06-01,750
2021-06-02,17.34,2021-06-02,749
2021-06-03,18.02,2021-06-03,750
2021-06-04,16.52,2021-06-04,750
2021-06-07,16.41,2021-06-07,750
2021-06-08,16.98,2021-06-08,750
2021-06-09,17.94,2021-06-09,749
2021-06-10,16.02,2021-06-10,750
2021-06-11,15.73,2021-06-11,750
2021-06-14,16.27,2021-06-14,750
2021-06-15,16.97,2021-06-15,750
2021-06-16,17.94,2021-06-16,750
2021-06-17,17.63,2021-06-17,750
2021-06-18,20.75,2021-06-18,750
2021-06-21,17.98,2021-06-21,750
2021-06-22,16.74,2021-06-22,748
2021-06-23,16.3,2021-06-23,749
2021-06-24,16.01,2021-06-24,750
2021-06-25,15.34,2021-06-25,750
2021-06-28,15.87,2021-06-28,750
2021-06-29,16.15,2021-06-29,750
2021-06-30,15.67,2021-06-30,750
2021-07-01,15.34,2021-07-01,750
2021-07-02,15.12,2021-07-02,750
2021-07-06,16.33,2021-07-06,750
2021-07-07,16.24,2021-07-07,749
2021-07-08,18.82,2021-07-08,750
2021-07-09,16.23,2021-07-09,750
2021-07-12,16.23,2021-07-12,750
2021-07-13,17.07,2021-07-13,750
2021-07-14,16.23,2021-07-14,749
2021-07-15,16.85,2021-07-15,750
2021-07-16,18.16,2021-07-16,750
2021-07-19,22.61,2021-07-19,750
2021-07-20,19.86,2021-07-20,750
2021-07-21,17.81,2021-07-21,749
2021-07-22,17.74,2021-07-22,750
2021-07-23,17.13,2021-07-23,750
2021-07-26,17.59,2021-07-26,750
2021-07-27,18.87,2021-07-27,750
2021-07-28,18.11,2021-07-28,749
2021-07-29,17.36,2021-07-29,750
2021-07-30,18.0,2021-07-30,750
2021-08-02,19.58,2021-08-02,750
2021-08-03,17.83,2021-08-03,750
2021-08-04,18.12,2021-08-04,749
2021-08-05,17.27,2021-08-05,750
2021-08-06,16.29,2021-08-06,750
2021-08-09,16.79,2021-08-09,750
2021-08-10,16.7,2021-08-10,750
2021-08-11,16.02,2021-08-11,750
2021-08-12,15.72,2021-08-12,750
2021-08-13,15.29,2021-08-13,750
2021-08-16,16.03,2021-08-16,750
2021-08-17,17.65,2021-08-17,750
2021-08-18,20.9,2021-08-18,750
2021-08-19,21.68,2021-08-19,750
2021-08-20,18.46,2021-08-20,750
2021-08-23,17.2,2021-08-23,750
2021-08-24,17.2,2021-08-24,750
2021-08-25,16.58,2021-08-25,750
2021-08-26,18.71,2021-08-26,750
2021-08-27,16.39,2021-08-27,750
2021-08-30,16.13,2021-08-30,750
2021-08-31,16.51,2021-08-31,750
2021-09-01,15.96,2021-09-01,750
2021-09-02,16.33,2021-09-02,750
2021-09-03,16.31,2021-09-03,750
2021-09-07,17.9,2021-09-07,750
2021-09-08,17.83,2021-09-08,750
2021-09-09,18.73,2021-09-09,750
2021-09-10,20.9,2021-09-10,750
2021-09-13,19.35,2021-09-13,750
2021-09-14,19.68,2021-09-14,750
2021-09-15,18.18,2021-09-15,750
2021-09-16,18.69,2021-09-16,750
2021-09-17,21.15,2021-09-17,750
2021-09-20,24.99,2021-09-20,750
2021-09-21,24.06,2021-09-21,750
2021-09-22,21.08,2021-09-22,750
2021-09-23,18.76,2021-09-23,750
2021-09-24,17.85,2021-09-24,750
2021-09-27,18.69,2021-09-27,751
2021-09-28,23.1,2021-09-28,751
2021-09-29,22.79,2021-09-29,750
2021-09-30,23.54,2021-09-30,751
2021-10-01,21.23,2021-10-01,751
2021-10-04,22.93,2021-10-04,751
2021-10-05,21.43,2021-10-05,751
2021-10-06,21.07,2021-10-06,749
2021-10-07,19.48,2021-10-07,751
2021-10-08,18.77,2021-10-08,751
2021-10-11,20.05,2021-10-11,751
2021-10-12,19.69,2021-10-12,751
2021-10-13,18.55,2021-10-13,750
2021-10-14,16.87,2021-10-14,751
2021-10-15,16.32,2021-10-15,751
2021-10-18,16.34,2021-10-18,751
2021-10-19,15.62,2021-10-19,751
2021-10-20,15.52,2021-10-20,750
2021-10-21,14.96,2021-10-21,751
2021-10-22,15.51,2021-10-22,751
2021-10-25,15.11,2021-10-25,751
2021-10-26,16.04,2021-10-26,751
2021-10-27,17.17,2021-10-27,750
2021-10-28,16.25,2021-10-28,751
2021-10-29,16.3,2021-10-29,751
2021-11-01,16.4,2021-11-01,751
2021-11-02,15.98,2021-11-02,751
2021-11-03,15.27,2021-11-03,750
2021-11-04,15.51,2021-11-04,751
2021-11-05,16.52,2021-11-05,751
2021-11-08,17.18,2021-11-08,751
2021-11-09,17.79,2021-11-09,751
2021-11-10,18.8,2021-11-10,750
2021-11-11,17.75,2021-11-11,751
2021-11-12,16.34,2021-11-12,751
2021-11-15,16.54,2021-11-15,751
2021-11-16,16.42,2021-11-16,751
2021-11-17,17.06,2021-11-17,750
2021-11-18,17.42,2021-11-18,751
2021-11-19,18.06,2021-11-19,751
2021-11-22,19.54,2021-11-22,751
2021-11-23,19.14,2021-11-23,750
2021-11-24,18.57,2021-11-24,751
2021-11-26,28.62,2021-11-26,534
2021-11-29,22.56,2021-11-29,751
2021-11-30,27.35,2021-11-30,751
2021-12-01,31.94,2021-12-01,750
2021-12-02,27.78,2021-12-02,751
2021-12-03,30.78,2021-12-03,751
2021-12-06,27.5,2021-12-06,751
2021-12-07,22.04,2021-12-07,751
2021-12-08,19.99,2021-12-08,750
2021-12-09,21.62,2021-12-09,751
2021-12-10,18.76,2021-12-10,751
2021-12-13,20.45,2021-12-13,751
2021-12-14,21.71,2021-12-14,751
2021-12-15,19.19,2021-12-15,750
2021-12-16,20.97,2021-12-16,751
2021-12-17,21.93,2021-12-17,751
2021-12-20,23.21,2021-12-20,751
2021-12-21,21.08,2021-12-21,751
2021-12-22,18.74,2021-12-22,750
2021-12-23,17.98,2021-12-23,751
2021-12-27,17.58,2021-12-27,751
2021-12-28,17.65,2021-12-28,751
2021-12-29,17.02,2021-12-29,750
2021-12-30,17.48,2021-12-30,751
2021-12-31,17.32,2021-12-31,751
2022-01-03,16.63,2022-01-03,751
2022-01-04,16.86,2022-01-04,751
2022-01-05,19.97,2022-01-05,750
2022-01-06,19.76,2022-01-06,751
2022-01-07,18.9,2022-01-07,751
2022-01-10,19.4,2022-01-10,751
2022-01-11,18.32,2022-01-11,751
2022-01-12,17.65,2022-01-12,750
2022-01-13,20.05,2022-01-13,751
2022-01-14,19.28,2022-01-14,751
2022-01-18,22.88,2022-01-18,751
2022-01-19,23.89,2022-01-19,750
2022-01-20,25.59,2022-01-20,751
2022-01-21,29.37,2022-01-21,751
2022-01-24,29.76,2022-01-24,751
2022-01-25,30.67,2022-01-25,751
2022-01-26,31.01,2022-01-26,750
2022-01-27,30.93,2022-01-27,751
2022-01-28,27.33,2022-01-28,751
2022-01-31,24.98,2022-01-31,751
2022-02-01,22.23,2022-02-01,751
2022-02-02,20.81,2022-02-02,750
2022-02-03,25.43,2022-02-03,751
2022-02-04,23.31,2022-02-04,751
2022-02-07,22.93,2022-02-07,751
2022-02-08,21.68,2022-02-08,751
2022-02-09,20.09,2022-02-09,751
2022-02-10,24.09,2022-02-10,751
2022-02-11,28.1,2022-02-11,751
2022-02-14,28.78,2022-02-14,751
2022-02-15,25.46,2022-02-15,751
2022-02-16,24.34,2022-02-16,750
2022-02-17,28.1,2022-02-17,751
2022-02-18,27.97,2022-02-18,751
2022-02-22,29.13,2022-02-22,751
2022-02-23,30.8,2022-02-23,751
2022-02-24,29.54,2022-02-24,751
2022-02-25,27.61,2022-02-25,751
2022-02-28,29.94,2022-02-28,751
2022-03-01,33.9,2022-03-01,751
2022-03-02,30.53,2022-03-02,751
2022-03-03,30.76,2022-03-03,751
2022-03-04,31.95,2022-03-04,751
2022-03-07,36.06,2022-03-07,751
2022-03-08,35.5,2022-03-08,751
2022-03-09,32.12,2022-03-09,751
2022-03-10,30.74,2022-03-10,751
2022-03-11,30.98,2022-03-11,751
2022-03-14,32.01,2022-03-14,712
2022-03-15,29.96,2022-03-15,750
2022-03-16,26.32,2022-03-16,751
2022-03-17,25.35,2022-03-17,751
2022-03-18,24.1,2022-03-18,751
2022-03-21,23.71,2022-03-21,751
2022-03-22,22.89,2022-03-22,751
2022-03-23,23.55,2022-03-23,751
2022-03-24,21.57,2022-03-24,751
2022-03-25,20.93,2022-03-25,751
2022-03-28,19.58,2022-03-28,751
2022-03-29,18.89,2022-03-29,751
2022-03-30,19.43,2022-03-30,750
2022-03-31,21.23,2022-03-31,751
2022-04-01,19.55,2022-04-01,751
2022-04-04,18.48,2022-04-04,751
2022-04-05,21.18,2022-04-05,751
2022-04-06,22.09,2022-04-06,750
2022-04-07,21.5,2022-04-07,751
2022-04-08,21.11,2022-04-08,751
2022-04-11,24.18,2022-04-11,751
2022-04-12,24.54,2022-04-12,751
2022-04-13,21.71,2022-04-13,751
2022-04-14,22.51,2022-04-14,751
2022-04-18,22.31,2022-04-18,751
2022-04-19,20.84,2022-04-19,751
2022-04-20,20.64,2022-04-20,751
2022-04-21,22.92,2022-04-21,751
2022-04-22,27.97,2022-04-22,751
2022-04-25,26.91,2022-04-25,751
2022-04-26,32.84,2022-04-26,751
2022-04-27,31.9,2022-04-27,751
2022-04-28,29.29,2022-04-28,751
2022-04-29,33.69,2022-04-29,751
2022-05-02,31.98,2022-05-02,751
2022-05-03,29.51,2022-05-03,751
2022-05-04,25.19,2022-05-04,751
2022-05-05,31.36,2022-05-05,751
2022-05-06,30.19,2022-05-06,751
2022-05-09,34.82,2022-05-09,751
2022-05-10,33.09,2022-05-10,751
2022-05-11,32.82,2022-05-11,750
2022-05-12,31.84,2022-05-12,751
2022-05-13,28.83,2022-05-13,751
2022-05-16,27.48,2022-05-16,751
2022-05-17,26.16,2022-05-17,751
2022-05-18,30.79,2022-05-18,751
2022-05-19,29.48,2022-05-19,751
2022-05-20,29.61,2022-05-20,751
2022-05-23,28.39,2022-05-23,751
2022-05-24,29.34,2022-05-24,751
2022-05-25,28.33,2022-05-25,751
2022-05-26,27.25,2022-05-26,751
2022-05-27,25.59,2022-05-27,751
2022-05-30,26.54,2022-05-30,496
2022-05-31,26.35,2022-05-31,751
2022-06-01,25.63,2022-06-01,748
2022-06-02,24.71,2022-06-02,738
2022-06-03,25.14,2022-06-03,720
2022-06-06,25.04,2022-06-06,751
2022-06-07,24.02,2022-06-07,751
2022-06-08,24.0,2022-06-08,751
2022-06-09,26.19,2022-06-09,751
2022-06-10,28.06,2022-06-10,751
2022-06-13,34.34,2022-06-13,751
2022-06-14,32.23,2022-06-14,751
2022-06-15,29.39,2022-06-15,745
2022-06-16,33.19,2022-06-16,751
2022-06-17,31.04,2022-06-17,751
2022-06-20,31.03,2022-06-20,496
2022-06-21,30.05,2022-06-21,751
2022-06-22,29.12,2022-06-22,751
2022-06-23,29.05,2022-06-23,751
2022-06-24,27.29,2022-06-24,751
2022-06-27,27.09,2022-06-27,751
2022-06-28,28.32,2022-06-28,751
2022-06-29,28.2,2022-06-29,751
2022-06-30,28.61,2022-06-30,751
2022-07-01,26.69,2022-07-01,751
2022-07-04,27.53,2022-07-04,496
2022-07-05,27.47,2022-07-05,751
2022-07-06,26.79,2022-07-06,751
2022-07-07,25.94,2022-07-07,751
2022-07-08,24.82,2022-07-08,751
2022-07-11,26.24,2022-07-11,751
2022-07-12,27.25,2022-07-12,751
2022-07-13,26.65,2022-07-13,751
2022-07-14,26.3,2022-07-14,751
2022-07-15,24.2,2022-07-15,751
2022-07-18,25.31,2022-07-18,751
2022-07-19,24.58,2022-07-19,751
2022-07-20,23.81,2022-07-20,751
2022-07-21,22.94,2022-07-21,751
2022-07-22,23.08,2022-07-22,751
2022-07-25,23.21,2022-07-25,751
2022-07-26,25.06,2022-07-26,751
2022-07-27,23.19,2022-07-27,751
2022-07-28,22.48,2022-07-28,751
2022-07-29,21.51,2022-07-29,751
2022-08-01,22.93,2022-08-01,751
2022-08-02,23.81,2022-08-02,751
2022-08-03,21.88,2022-08-03,751
2022-08-04,21.58,2022-08-04,751
2022-08-05,20.95,2022-08-05,751
2022-08-08,21.33,2022-08-08,751
2022-08-09,21.79,2022-08-09,751
2022-08-10,19.69,2022-08-10,751
2022-08-11,20.14,2022-08-11,751
2022-08-12,19.55,2022-08-12,751
2022-08-15,19.85,2022-08-15,751
2022-08-16,19.67,2022-08-16,751
2022-08-17,20.06,2022-08-17,751
2022-08-18,19.55,2022-08-18,751
2022-08-19,20.54,2022-08-19,751
2022-08-22,23.95,2022-08-22,751
2022-08-23,23.95,2022-08-23,751
2022-08-24,22.89,2022-08-24,751
2022-08-25,21.88,2022-08-25,751
2022-08-26,25.69,2022-08-26,751
2022-08-29,26.12,2022-08-29,751
2022-08-30,26.37,2022-08-30,751
2022-08-31,25.94,2022-08-31,751
2022-09-01,25.36,2022-09-01,751
2022-09-02,25.62,2022-09-02,751
2022-09-06,26.83,2022-09-06,751
2022-09-07,24.66,2022-09-07,751
2022-09-08,23.59,2022-09-08,751
2022-09-09,22.95,2022-09-09,751
2022-09-12,23.96,2022-09-12,751
2022-09-13,27.03,2022-09-13,751
2022-09-14,26.3,2022-09-14,750
2022-09-15,26.36,2022-09-15,751
2022-09-16,26.23,2022-09-16,751
2022-09-19,25.75,2022-09-19,751
2022-09-20,27.18,2022-09-20,751
2022-09-21,28.19,2022-09-21,751
2022-09-22,27.34,2022-09-22,751
2022-09-23,29.64,2022-09-23,751
2022-09-26,32.07,2022-09-26,751
2022-09-27,32.82,2022-09-27,751
2022-09-28,30.37,2022-09-28,751
2022-09-29,31.79,2022-09-29,751
2022-09-30,33.25,2022-09-30,751
2022-10-03,30.1,2022-10-03,751
2022-10-04,29.05,2022-10-04,751
2022-10-05,28.78,2022-10-05,751
2022-10-06,30.44,2022-10-06,751
2022-10-07,31.27,2022-10-07,751
2022-10-10,32.55,2022-10-10,751
2022-10-11,33.7,2022-10-11,751
2022-10-12,33.7,2022-10-12,750
2022-10-13,32.11,2022-10-13,751
2022-10-14,31.99,2022-10-14,751
2022-10-17,31.26,2022-10-17,751
2022-10-18,30.7,2022-10-18,751
2022-10-19,31.0,2022-10-19,751
2022-10-20,30.15,2022-10-20,751
2022-10-21,29.96,2022-10-21,751
2022-10-24,29.83,2022-10-24,751
2022-10-25,28.28,2022-10-25,751
2022-10-26,27.47,2022-10-26,751
2022-10-27,27.01,2022-10-27,751
2022-10-28,26.02,2022-10-28,751
2022-10-31,25.93,2022-10-31,751
2022-11-01,25.7,2022-11-01,751
2022-11-02,25.9,2022-11-02,751
2022-11-03,25.22,2022-11-03,751
2022-11-04,24.63,2022-11-04,751
2022-11-07,24.47,2022-11-07,751
2022-11-08,25.43,2022-11-08,751
2022-11-09,26.09,2022-11-09,751
2022-11-10,23.46,2022-11-10,751
2022-11-11,22.52,2022-11-11,751
2022-11-14,23.88,2022-11-14,751
2022-11-15,24.24,2022-11-15,751
2022-11-16,24.19,2022-11-16,751
2022-11-17,23.83,2022-11-17,751
2022-11-18,23.09,2022-11-18,751
2022-11-21,22.39,2022-11-21,751
2022-11-22,21.35,2022-11-22,751
2022-11-23,20.46,2022-11-23,751
2022-11-25,20.5,2022-11-25,586
2022-11-28,22.1,2022-11-28,751
2022-11-29,21.85,2022-11-29,751
2022-11-30,20.59,2022-11-30,751
2022-12-01,19.92,2022-12-01,751
2022-12-02,19.03,2022-12-02,751
2022-12-05,20.61,2022-12-05,751
2022-12-06,22.1,2022-12-06,751
2022-12-07,22.59,2022-12-07,750
2022-12-08,22.3,2022-12-08,751
2022-12-09,22.85,2022-12-09,751
2022-12-12,25.03,2022-12-12,751
2022-12-13,22.68,2022-12-13,751
2022-12-14,21.37,2022-12-14,751
2022-12-15,22.76,2022-12-15,750
2022-12-16,22.51,2022-12-16,751
2022-12-19,22.3,2022-12-19,751
2022-12-20,21.48,2022-12-20,751
2022-12-21,20.09,2022-12-21,751
2022-12-22,21.85,2022-12-22,751
2022-12-23,20.96,2022-12-23,751
2022-12-27,21.78,2022-12-27,751
2022-12-28,22.2,2022-12-28,751
2022-12-29,21.47,2022-12-29,751
2022-12-30,21.67,2022-12-30,751
2023-01-03,22.86,2023-01-03,751
2023-01-04,22.07,2023-01-04,751
2023-01-05,22.49,2023-01-05,751
2023-01-06,21.14,2023-01-06,751
2023-01-09,21.88,2023-01-09,751
2023-01-10,20.64,2023-01-10,751
2023-01-11,21.16,2023-01-11,751
2023-01-12,18.9,2023-01-12,751
2023-01-13,18.23,2023-01-13,751
2023-01-17,19.29,2023-01-17,751
2023-01-18,20.34,2023-01-18,751
2023-01-19,20.48,2023-01-19,751
2023-01-20,19.77,2023-01-20,751
2023-01-23,19.79,2023-01-23,751
2023-01-24,19.39,2023-01-24,751
2023-01-25,19.04,2023-01-25,751
2023-01-26,18.79,2023-01-26,751
2023-01-27,18.42,2023-01-27,751
2023-01-30,19.93,2023-01-30,751
2023-01-31,19.35,2023-01-31,751
2023-02-01,18.14,2023-02-01,751
2023-02-02,18.4,2023-02-02,751
2023-02-03,18.43,2023-02-03,751
2023-02-06,19.44,2023-02-06,751
2023-02-07,18.58,2023-02-07,751
2023-02-08,19.57,2023-02-08,751
2023-02-09,20.73,2023-02-09,751
2023-02-10,20.53,2023-02-10,751
2023-02-13,20.38,2023-02-13,751
2023-02-14,18.75,2023-02-14,751
2023-02-15,18.24,2023-02-15,750
2023-02-16,20.21,2023-02-16,751
2023-02-17,19.9,2023-02-17,751
2023-02-21,22.88,2023-02-21,751
2023-02-22,22.33,2023-02-22,750
2023-02-23,21.12,2023-02-23,751
2023-02-24,21.63,2023-02-24,751
2023-02-27,20.92,2023-02-27,751
2023-02-28,20.62,2023-02-28,751
2023-03-01,20.68,2023-03-01,750
2023-03-02,19.66,2023-03-02,751
2023-03-03,18.53,2023-03-03,751
2023-03-06,18.65,2023-03-06,751
2023-03-07,19.58,2023-03-07,750
2023-03-08,19.06,2023-03-08,751
2023-03-09,22.36,2023-03-09,751
2023-03-10,24.71,2023-03-10,751
2023-03-13,26.81,2023-03-13,730
2023-03-14,23.69,2023-03-14,751
2023-03-15,25.82,2023-03-15,750
2023-03-16,23.19,2023-03-16,751
2023-03-17,25.44,2023-03-17,751
2023-03-20,24.15,2023-03-20,751
2023-03-21,21.48,2023-03-21,751
2023-03-22,22.23,2023-03-22,750
2023-03-23,22.89,2023-03-23,751
2023-03-24,21.76,2023-03-24,751
2023-03-27,20.74,2023-03-27,751
2023-03-28,20.03,2023-03-28,751
2023-03-29,19.16,2023-03-29,750
2023-03-30,19.06,2023-03-30,751
2023-03-31,18.82,2023-03-31,751
2023-04-03,18.58,2023-04-03,751
2023-04-04,19.02,2023-04-04,751
2023-04-05,19.06,2023-04-05,750
2023-04-06,18.43,2023-04-06,751
2023-04-10,18.99,2023-04-10,751
2023-04-11,19.12,2023-04-11,751
2023-04-12,19.1,2023-04-12,750
2023-04-13,17.85,2023-04-13,751
2023-04-14,17.09,2023-04-14,751
2023-04-17,16.93,2023-04-17,751
2023-04-18,16.88,2023-04-18,751
2023-04-19,16.39,2023-04-19,750
2023-04-20,17.16,2023-04-20,751
2023-04-21,16.7,2023-04-21,751
2023-04-24,16.77,2023-04-24,751
2023-04-25,19.64,2023-04-25,750
2023-04-26,19.08,2023-04-26,750
2023-04-27,16.99,2023-04-27,751
2023-04-28,15.79,2023-04-28,751
2023-05-01,16.08,2023-05-01,751
2023-05-02,17.79,2023-05-02,751
2023-05-03,18.63,2023-05-03,750
2023-05-04,20.04,2023-05-04,751
2023-05-05,17.03,2023-05-05,751
2023-05-08,17.03,2023-05-08,751
2023-05-09,17.7,2023-05-09,751
2023-05-10,16.85,2023-05-10,750
2023-05-11,16.89,2023-05-11,751
2023-05-12,16.89,2023-05-12,751
2023-05-15,17.16,2023-05-15,751
2023-05-16,18.12,2023-05-16,751
2023-05-17,16.88,2023-05-17,750
2023-05-18,16.16,2023-05-18,751
2023-05-19,16.69,2023-05-19,751
2023-05-22,17.26,2023-05-22,751
2023-05-23,18.63,2023-05-23,751
2023-05-24,20.12,2023-05-24,749
2023-05-25,19.02,2023-05-25,751
2023-05-26,17.96,2023-05-26,751
2023-05-30,17.55,2023-05-30,751
2023-05-31,17.56,2023-05-31,750
2023-06-01,15.79,2023-06-01,751
2023-06-02,14.58,2023-06-02,751
2023-06-05,14.73,2023-06-05,751
2023-06-06,14.01,2023-06-06,751
2023-06-07,13.91,2023-06-07,750
2023-06-08,13.69,2023-06-08,751
2023-06-09,13.84,2023-06-09,751
2023-06-12,14.88,2023-06-12,751
2023-06-13,14.6,2023-06-13,751
2023-06-14,13.86,2023-06-14,750
2023-06-15,14.37,2023-06-15,751
2023-06-16,13.5,2023-06-16,751
2023-06-20,13.93,2023-06-20,751
2023-06-21,13.25,2023-06-21,750
2023-06-22,12.84,2023-06-22,751
2023-06-23,13.33,2023-06-23,751
2023-06-26,14.14,2023-06-26,751
2023-06-27,13.76,2023-06-27,751
2023-06-28,13.44,2023-06-28,750
2023-06-29,13.45,2023-06-29,751
2023-06-30,13.3,2023-06-30,751
2023-07-03,13.57,2023-07-03,586
2023-07-05,14.18,2023-07-05,750
2023-07-06,15.37,2023-07-06,751
2023-07-07,14.85,2023-07-07,751
2023-07-10,15.06,2023-07-10,751
2023-07-11,14.9,2023-07-11,751
2023-07-12,13.55,2023-07-12,750
2023-07-13,13.55,2023-07-13,751
2023-07-14,13.23,2023-07-14,751
2023-07-17,13.51,2023-07-17,751
2023-07-18,13.32,2023-07-18,751
2023-07-19,13.81,2023-07-19,750
2023-07-20,14.0,2023-07-20,751
2023-07-21,13.62,2023-07-21,751
2023-07-24,13.88,2023-07-24,751
2023-07-25,13.98,2023-07-25,751
2023-07-26,13.25,2023-07-26,751
2023-07-27,14.56,2023-07-27,751
2023-07-28,13.33,2023-07-28,751
2023-07-31,13.59,2023-07-31,751
2023-08-01,13.89,2023-08-01,751
2023-08-02,16.1,2023-08-02,751
2023-08-03,16.41,2023-08-03,751
2023-08-04,17.18,2023-08-04,751
2023-08-07,15.84,2023-08-07,751
2023-08-08,16.0,2023-08-08,751
2023-08-09,16.03,2023-08-09,750
2023-08-10,15.9,2023-08-10,751
2023-08-11,14.99,2023-08-11,751
2023-08-14,14.79,2023-08-14,751
2023-08-15,16.35,2023-08-15,751
2023-08-16,16.83,2023-08-16,747
2023-08-17,17.95,2023-08-17,751
2023-08-18,17.22,2023-08-18,751
2023-08-21,17.08,2023-08-21,751
2023-08-22,16.98,2023-08-22,751
2023-08-23,15.99,2023-08-23,750
2023-08-24,17.29,2023-08-24,751
2023-08-25,15.63,2023-08-25,751
2023-08-28,15.14,2023-08-28,751
2023-08-29,14.4,2023-08-29,751
2023-08-30,13.89,2023-08-30,751
2023-08-31,13.56,2023-08-31,751
2023-09-01,13.09,2023-09-01,751
2023-09-05,13.94,2023-09-05,751
2023-09-06,14.4,2023-09-06,751
2023-09-07,14.49,2023-09-07,751
2023-09-08,13.95,2023-09-08,751
2023-09-11,13.8,2023-09-11,751
2023-09-12,14.23,2023-09-12,751
2023-09-13,13.49,2023-09-13,751
2023-09-14,12.86,2023-09-14,751
2023-09-15,13.88,2023-09-15,751
2023-09-18,14.07,2023-09-18,751
2023-09-19,14.11,2023-09-19,751
2023-09-20,14.99,2023-09-20,750
2023-09-21,17.22,2023-09-21,751
2023-09-22,17.08,2023-09-22,751
2023-09-25,16.8,2023-09-25,751
2023-09-26,19.1,2023-09-26,751
2023-09-27,18.31,2023-09-27,750
2023-09-28,17.39,2023-09-28,751
2023-09-29,17.74,2023-09-29,751
2023-10-02,17.6,2023-10-02,751
2023-10-03,19.84,2023-10-03,751
2023-10-04,18.52,2023-10-04,750
2023-10-05,18.36,2023-10-05,751
2023-10-06,17.52,2023-10-06,751
2023-10-09,17.7,2023-10-09,751
2023-10-10,17.07,2023-10-10,751
2023-10-11,16.25,2023-10-11,751
2023-10-12,16.73,2023-10-12,751
2023-10-13,19.28,2023-10-13,751
2023-10-16,17.36,2023-10-16,751
2023-10-17,17.79,2023-10-17,751
2023-10-18,19.52,2023-10-18,750
2023-10-19,20.96,2023-10-19,751
2023-10-20,21.44,2023-10-20,751
2023-10-23,20.51,2023-10-23,751
2023-10-24,18.97,2023-10-24,751
2023-10-25,20.45,2023-10-25,750
2023-10-26,21.04,2023-10-26,751
2023-10-27,21.24,2023-10-27,751
2023-10-30,19.7,2023-10-30,751
2023-10-31,18.04,2023-10-31,751
2023-11-01,16.85,2023-11-01,750
2023-11-02,15.59,2023-11-02,751
2023-11-03,15.09,2023-11-03,751
2023-11-06,14.86,2023-11-06,751
2023-11-07,14.83,2023-11-07,751
2023-11-08,14.43,2023-11-08,750
2023-11-09,15.35,2023-11-09,751
2023-11-10,14.21,2023-11-10,751
2023-11-13,14.76,2023-11-13,751
2023-11-14,14.09,2023-11-14,751
2023-11-15,14.1,2023-11-15,750
2023-11-16,14.23,2023-11-16,751
2023-11-17,13.78,2023-11-17,751
2023-11-20,13.42,2023-11-20,751
2023-11-21,13.31,2023-11-21,751
2023-11-22,12.9,2023-11-22,750
2023-11-24,12.46,2023-11-24,586
2023-11-27,12.71,2023-11-27,751
2023-11-28,12.63,2023-11-28,751
2023-11-29,12.98,2023-11-29,750
2023-11-30,12.87,2023-11-30,751
2023-12-01,12.64,2023-12-01,751
2023-12-04,13.05,2023-12-04,751
2023-12-05,12.83,2023-12-05,751
2023-12-06,12.94,2023-12-06,751
2023-12-07,13.05,2023-12-07,751
2023-12-08,12.45,2023-12-08,751
2023-12-11,12.66,2023-12-11,751
2023-12-12,12.03,2023-12-12,751
2023-12-13,12.13,2023-12-13,750
2023-12-14,12.35,2023-12-14,751
2023-12-15,12.31,2023-12-15,751
2023-12-18,12.51,2023-12-18,751
2023-12-19,12.5,2023-12-19,751
2023-12-20,13.78,2023-12-20,750
2023-12-21,13.59,2023-12-21,751
2023-12-22,13.03,2023-12-22,751
2023-12-26,12.97,2023-12-26,751
2023-12-27,12.39,2023-12-27,750
2023-12-28,12.47,2023-12-28,751
2023-12-29,12.44,2023-12-29,751
2024-01-02,13.23,2024-01-02,751
2024-01-03,13.96,2024-01-03,750
2024-01-04,14.08,2024-01-04,751
2024-01-05,13.38,2024-01-05,751
2024-01-08,13.03,2024-01-08,751
2024-01-09,12.76,2024-01-09,751
2024-01-10,12.71,2024-01-10,750
2024-01-11,12.44,2024-01-11,751
2024-01-12,12.69,2024-01-12,751
2024-01-16,13.82,2024-01-16,751
2024-01-17,14.77,2024-01-17,750
2024-01-18,14.23,2024-01-18,751
2024-01-19,13.32,2024-01-19,751
2024-01-22,13.2,2024-01-22,751
2024-01-23,12.58,2024-01-23,751
2024-01-24,13.01,2024-01-24,750
2024-01-25,13.46,2024-01-25,751
2024-01-26,13.24,2024-01-26,751
2024-01-29,13.61,2024-01-29,751
2024-01-30,13.27,2024-01-30,751
2024-01-31,14.6,2024-01-31,750
2024-02-01,14.15,2024-02-01,751
2024-02-02,13.95,2024-02-02,751
2024-02-05,13.72,2024-02-05,751
2024-02-06,13.01,2024-02-06,751
2024-02-07,12.85,2024-02-07,751
2024-02-08,12.77,2024-02-08,751
2024-02-09,12.93,2024-02-09,751
2024-02-12,13.86,2024-02-12,751
2024-02-13,15.94,2024-02-13,751
2024-02-14,14.42,2024-02-14,751
2024-02-15,14.18,2024-02-15,751
2024-02-16,14.23,2024-02-16,751
2024-02-20,15.31,2024-02-20,751
2024-02-21,15.26,2024-02-21,750
2024-02-22,14.58,2024-02-22,751
2024-02-23,13.77,2024-02-23,751
2024-02-26,13.73,2024-02-26,751
2024-02-27,13.46,2024-02-27,750
2024-02-28,13.68,2024-02-28,751
2024-02-29,13.44,2024-02-29,751
2024-03-01,13.16,2024-03-01,751
2024-03-04,13.49,2024-03-04,751
2024-03-05,14.49,2024-03-05,751
2024-03-06,14.43,2024-03-06,751
2024-03-07,14.41,2024-03-07,751
2024-03-08,14.76,2024-03-08,751
2024-03-11,15.16,2024-03-11,751
2024-03-12,13.86,2024-03-12,751
2024-03-13,13.78,2024-03-13,751
2024-03-14,14.42,2024-03-14,751
2024-03-15,14.43,2024-03-15,751
2024-03-18,14.4,2024-03-18,751
2024-03-19,13.84,2024-03-19,751
2024-03-20,13.03,2024-03-20,750
2024-03-21,13.01,2024-03-21,751
2024-03-22,13.04,2024-03-22,751
2024-03-25,13.16,2024-03-25,751
2024-03-26,13.31,2024-03-26,751
2024-03-27,12.69,2024-03-27,750
2024-03-28,13.09,2024-03-28,751
2024-04-01,13.69,2024-04-01,751
2024-04-02,14.59,2024-04-02,751
2024-04-03,14.35,2024-04-03,751
2024-04-04,16.49,2024-04-04,751
2024-04-05,16.13,2024-04-05,751
2024-04-08,15.22,2024-04-08,751
2024-04-09,15.04,2024-04-09,751
2024-04-10,15.79,2024-04-10,750
2024-04-11,15.07,2024-04-11,751
2024-04-12,17.35,2024-04-12,751
2024-04-15,19.21,2024-04-15,751
2024-04-16,18.39,2024-04-16,751
2024-04-17,18.2,2024-04-17,750
2024-04-18,18.02,2024-04-18,751
2024-04-19,18.84,2024-04-19,751
2024-04-22,16.89,2024-04-22,751
2024-04-23,15.78,2024-04-23,751
2024-04-24,15.64,2024-04-24,750
2024-04-25,15.96,2024-04-25,751
2024-04-26,15.06,2024-04-26,751
2024-04-29,14.66,2024-04-29,751
2024-04-30,15.87,2024-04-30,751
2024-05-01,15.43,2024-05-01,750
2024-05-02,14.65,2024-05-02,751
2024-05-03,13.52,2024-05-03,751
2024-05-06,13.44,2024-05-06,751
2024-05-07,13.23,2024-05-07,751
2024-05-08,12.99,2024-05-08,751
2024-05-09,12.72,2024-05-09,751
2024-05-10,12.57,2024-05-10,751
2024-05-13,13.59,2024-05-13,751
2024-05-14,13.37,2024-05-14,751
2024-05-15,12.42,2024-05-15,750
2024-05-16,12.46,2024-05-16,751
2024-05-17,11.96,2024-05-17,751
2024-05-20,12.09,2024-05-20,751
2024-05-21,11.91,2024-05-21,751
2024-05-22,12.19,2024-05-22,751
2024-05-23,12.97,2024-05-23,751
2024-05-24,11.91,2024-05-24,751
2024-05-28,12.73,2024-05-28,751
2024-05-29,14.11,2024-05-29,751
2024-05-30,14.25,2024-05-30,751
2024-05-31,13.03,2024-05-31,751
2024-06-03,13.09,2024-06-03,751
2024-06-04,13.17,2024-06-04,751
2024-06-05,12.64,2024-06-05,751
2024-06-06,12.56,2024-06-06,751
2024-06-07,12.22,2024-06-07,751
2024-06-10,12.74,2024-06-10,751
2024-06-11,12.94,2024-06-11,751
2024-06-12,12.03,2024-06-12,751
2024-06-13,11.95,2024-06-13,751
2024-06-14,12.54,2024-06-14,751
2024-06-17,12.71,2024-06-17,751
2024-06-18,12.28,2024-06-18,751
2024-06-20,13.34,2024-06-20,751
2024-06-21,13.16,2024-06-21,751
2024-06-24,13.41,2024-06-24,751
2024-06-25,12.92,2024-06-25,751
2024-06-26,12.47,2024-06-26,750
2024-06-27,12.24,2024-06-27,751
2024-06-28,12.44,2024-06-28,751
2024-07-01,12.11,2024-07-01,751
2024-07-02,12.0,2024-07-02,751
2024-07-03,12.09,2024-07-03,585
2024-07-05,12.34,2024-07-05,751
2024-07-08,12.38,2024-07-08,751
2024-07-09,12.48,2024-07-09,751
2024-07-10,12.88,2024-07-10,750
2024-07-11,13.02,2024-07-11,751
2024-07-12,12.35,2024-07-12,751
2024-07-15,13.09,2024-07-15,751
2024-07-16,13.24,2024-07-16,751
2024-07-17,14.52,2024-07-17,751
2024-07-18,15.99,2024-07-18,751
2024-07-19,16.45,2024-07-19,751
2024-07-22,14.8,2024-07-22,751
2024-07-23,14.54,2024-07-23,751
2024-07-24,18.23,2024-07-24,751
2024-07-25,18.4,2024-07-25,751
2024-07-26,16.38,2024-07-26,751
2024-07-29,16.49,2024-07-29,751
2024-07-30,17.42,2024-07-30,751
2024-07-31,16.38,2024-07-31,750
2024-08-01,18.27,2024-08-01,751
2024-08-02,23.68,2024-08-02,751
2024-08-05,37.73,2024-08-05,751
2024-08-06,27.59,2024-08-06,751
2024-08-07,28.25,2024-08-07,748
2024-08-08,23.4,2024-08-08,751
2024-08-09,20.38,2024-08-09,751
2024-08-12,20.59,2024-08-12,751
2024-08-13,18.08,2024-08-13,751
2024-08-14,16.24,2024-08-14,750
2024-08-15,15.13,2024-08-15,751
2024-08-16,14.77,2024-08-16,751
2024-08-19,14.52,2024-08-19,751
2024-08-20,15.8,2024-08-20,751
2024-08-21,16.31,2024-08-21,750
2024-08-22,17.58,2024-08-22,751
2024-08-23,15.74,2024-08-23,751
2024-08-26,15.97,2024-08-26,761
2024-08-27,15.47,2024-08-27,761
2024-08-28,17.09,2024-08-28,760
2024-08-29,15.79,2024-08-29,761
2024-08-30,15.0,2024-08-30,761
2024-09-03,20.66,2024-09-03,761
2024-09-04,21.11,2024-09-04,758
2024-09-05,19.91,2024-09-05,761
2024-09-06,22.29,2024-09-06,761
2024-09-09,19.53,2024-09-09,761
2024-09-10,19.08,2024-09-10,761
2024-09-11,17.69,2024-09-11,759
2024-09-12,16.97,2024-09-12,761
2024-09-13,16.52,2024-09-13,761
2024-09-16,17.13,2024-09-16,761
2024-09-17,17.63,2024-09-17,761
2024-09-18,18.33,2024-09-18,757
2024-09-19,16.38,2024-09-19,761
2024-09-20,16.05,2024-09-20,761
2024-09-23,15.81,2024-09-23,761
2024-09-24,15.32,2024-09-24,761
2024-09-25,15.52,2024-09-25,760
2024-09-26,15.49,2024-09-26,761
2024-09-27,16.8,2024-09-27,761
2024-09-30,16.73,2024-09-30,761
2024-10-01,19.16,2024-10-01,761
2024-10-02,19.03,2024-10-02,760
2024-10-03,20.48,2024-10-03,761
2024-10-04,18.69,2024-10-04,761
2024-10-07,22.66,2024-10-07,761
2024-10-08,21.49,2024-10-08,761
2024-10-09,20.87,2024-10-09,761
2024-10-10,20.84,2024-10-10,761
2024-10-11,20.5,2024-10-11,761
2024-10-14,19.75,2024-10-14,761
2024-10-15,20.49,2024-10-15,761
2024-10-16,19.57,2024-10-16,760
2024-10-17,19.05,2024-10-17,761
2024-10-18,18.11,2024-10-18,761
2024-10-21,18.44,2024-10-21,761
2024-10-22,18.19,2024-10-22,761
2024-10-23,19.43,2024-10-23,760
2024-10-24,19.16,2024-10-24,761
2024-10-25,20.28,2024-10-25,761
2024-10-28,19.77,2024-10-28,761
2024-10-29,19.55,2024-10-29,761
2024-10-30,20.05,2024-10-30,760
2024-10-31,23.02,2024-10-31,761
2024-11-01,21.95,2024-11-01,761
2024-11-04,22.02,2024-11-04,761
2024-11-05,20.52,2024-11-05,761
2024-11-06,16.21,2024-11-06,759
2024-11-07,15.2,2024-11-07,761
2024-11-08,14.88,2024-11-08,761
2024-11-11,14.96,2024-11-11,761
2024-11-12,14.75,2024-11-12,761
2024-11-13,14.08,2024-11-13,761
2024-11-14,14.07,2024-11-14,761
2024-11-15,16.1,2024-11-15,761
2024-11-18,15.53,2024-11-18,761
2024-11-19,16.23,2024-11-19,761
2024-11-20,17.24,2024-11-20,761
2024-11-21,16.8,2024-11-21,761
2024-11-22,15.38,2024-11-22,761
2024-11-25,14.72,2024-11-25,761
2024-11-26,14.08,2024-11-26,761
2024-11-27,14.08,2024-11-27,760
2024-11-29,13.51,2024-11-29,596
2024-12-02,13.39,2024-12-02,761
2024-12-03,13.32,2024-12-03,761
2024-12-04,13.46,2024-12-04,760
2024-12-05,13.42,2024-12-05,761
2024-12-06,12.73,2024-12-06,761
2024-12-09,14.04,2024-12-09,761
2024-12-10,14.21,2024-12-10,761
2024-12-11,13.58,2024-12-11,761
2024-12-12,13.81,2024-12-12,761
2024-12-13,13.78,2024-12-13,761
2024-12-16,14.51,2024-12-16,761
2024-12-17,15.77,2024-12-17,761
2024-12-18,24.6,2024-12-18,760
2024-12-19,23.64,2024-12-19,761
2024-12-20,17.97,2024-12-20,761
2024-12-23,16.81,2024-12-23,761
2024-12-24,14.27,2024-12-24,595
2024-12-26,14.73,2024-12-26,761
2024-12-27,16.1,2024-12-27,761
2024-12-30,17.23,2024-12-30,761
2024-12-31,17.42,2024-12-31,760
2025-01-02,17.94,2025-01-02,761
2025-01-03,16.15,2025-01-03,761
2025-01-06,16.02,2025-01-06,761
2025-01-07,18.01,2025-01-07,761
2025-01-08,17.57,2025-01-08,761
2025-01-09,18.07,2025-01-09,376
2025-01-10,19.5,2025-01-10,761
2025-01-13,19.22,2025-01-13,761
2025-01-14,18.86,2025-01-14,761
2025-01-15,16.17,2025-01-15,760
2025-01-16,16.3,2025-01-16,761
2025-01-17,15.93,2025-01-17,761
2025-01-21,14.97,2025-01-21,761
2025-01-22,15.11,2025-01-22,754
2025-01-23,14.96,2025-01-23,761
2025-01-24,14.82,2025-01-24,761
2025-01-27,18.02,2025-01-27,761
2025-01-28,16.43,2025-01-28,761
2025-01-29,16.4,2025-01-29,760
2025-01-30,15.85,2025-01-30,761
2025-01-31,16.64,2025-01-31,761
2025-02-03,18.46,2025-02-03,761
2025-02-04,16.86,2025-02-04,761
2025-02-05,15.85,2025-02-05,760
2025-02-06,15.34,2025-02-06,761
2025-02-07,16.57,2025-02-07,761
2025-02-10,15.8,2025-02-10,761
2025-02-11,15.94,2025-02-11,761
2025-02-12,15.88,2025-02-12,761
2025-02-13,15.04,2025-02-13,761
2025-02-14,14.88,2025-02-14,761
2025-02-18,15.37,2025-02-18,761
2025-02-19,15.21,2025-02-19,760
2025-02-20,15.42,2025-02-20,761
2025-02-21,18.2,2025-02-21,761
2025-02-24,19.09,2025-02-24,761
2025-02-25,19.52,2025-02-25,761
2025-02-26,19.0,2025-02-26,760
2025-02-27,21.14,2025-02-27,761
2025-02-28,19.36,2025-02-28,761
2025-03-03,22.79,2025-03-03,761
2025-03-04,23.46,2025-03-04,761
2025-03-05,21.89,2025-03-05,758
2025-03-06,25.19,2025-03-06,761
2025-03-07,23.33,2025-03-07,761
2025-03-10,28.0,2025-03-10,761
2025-03-11,27.09,2025-03-11,761
2025-03-12,24.05,2025-03-12,760
2025-03-13,24.89,2025-03-13,761
2025-03-14,21.74,2025-03-14,761
2025-03-17,20.52,2025-03-17,761
2025-03-18,21.65,2025-03-18,758
2025-03-19,20.02,2025-03-19,761
2025-03-20,19.86,2025-03-20,761
2025-03-21,19.3,2025-03-21,761
2025-03-24,17.5,2025-03-24,761
2025-03-25,17.02,2025-03-25,761
2025-03-26,18.36,2025-03-26,761
2025-03-27,18.63,2025-03-27,761
2025-03-28,21.54,2025-03-28,761
2025-03-31,22.18,2025-03-31,761
2025-04-01,21.84,2025-04-01,761
2025-04-02,21.57,2025-04-02,760
2025-04-03,29.49,2025-04-03,761
2025-04-04,43.51,2025-04-04,761
2025-04-07,48.37,2025-04-07,761
2025-04-08,52.35,2025-04-08,761
2025-04-09,33.16,2025-04-09,758
2025-04-10,40.94,2025-04-10,761
2025-04-11,37.79,2025-04-11,761
2025-04-14,30.58,2025-04-14,761
2025-04-15,30.03,2025-04-15,761
2025-04-16,32.81,2025-04-16,761
2025-04-17,30.02,2025-04-17,761
2025-04-21,33.7,2025-04-21,761
2025-04-22,30.36,2025-04-22,761
2025-04-23,28.45,2025-04-23,759
2025-04-24,26.6,2025-04-24,761
2025-04-25,25.01,2025-04-25,761
2025-04-28,25.03,2025-04-28,761
2025-04-29,24.17,2025-04-29,761
2025-04-30,24.92,2025-04-30,760
2025-05-01,24.03,2025-05-01,761
2025-05-02,22.64,2025-05-02,761
2025-05-05,23.54,2025-05-05,761
2025-05-06,24.73,2025-05-06,761
2025-05-07,23.55,2025-05-07,760
2025-05-08,22.48,2025-05-08,761
2025-05-09,21.99,2025-05-09,761
2025-05-12,18.26,2025-05-12,761
2025-05-13,18.27,2025-05-13,761
2025-05-14,18.67,2025-05-14,761
2025-05-15,17.81,2025-05-15,761
2025-05-16,17.24,2025-05-16,761
2025-05-19,18.05,2025-05-19,761
2025-05-20,17.95,2025-05-20,761
2025-05-21,20.74,2025-05-21,760
2025-05-22,20.22,2025-05-22,761
2025-05-23,22.32,2025-05-23,761
2025-05-27,19.0,2025-05-27,761
2025-05-28,19.33,2025-05-28,761
2025-05-29,19.06,2025-05-29,761
2025-05-30,18.68,2025-05-30,761
2025-06-02,18.46,2025-06-02,761
2025-06-03,17.73,2025-06-03,761
2025-06-04,17.6,2025-06-04,761
2025-06-05,18.44,2025-06-05,761
2025-06-06,16.84,2025-06-06,761
2025-06-09,17.14,2025-06-09,761
2025-06-10,16.81,2025-06-10,761
2025-06-11,17.39,2025-06-11,761
2025-06-12,17.97,2025-06-12,761
2025-06-13,21.04,2025-06-13,761
2025-06-16,19.1,2025-06-16,761
2025-06-17,21.4,2025-06-17,761
2025-06-18,20.13,2025-06-18,759
2025-06-20,20.32,2025-06-20,761
2025-06-23,19.97,2025-06-23,761
2025-06-24,17.52,2025-06-24,761
2025-06-25,16.75,2025-06-25,761
2025-06-26,16.48,2025-06-26,761
2025-06-27,16.36,2025-06-27,761
2025-06-30,16.65,2025-06-30,761
2025-07-01,16.73,2025-07-01,761
2025-07-02,16.65,2025-07-02,761
2025-07-03,16.38,2025-07-03,596
2025-07-07,17.76,2025-07-07,761
2025-07-08,16.84,2025-07-08,761
2025-07-09,15.89,2025-07-09,761
2025-07-10,15.75,2025-07-10,761
2025-07-11,16.3,2025-07-11,761
2025-07-14,17.19,2025-07-14,761
2025-07-15,17.28,2025-07-15,761
2025-07-16,17.14,2025-07-16,755
2025-07-17,16.61,2025-07-17,761
2025-07-18,16.46,2025-07-18,761
2025-07-21,16.71,2025-07-21,761
2025-07-22,16.55,2025-07-22,761
2025-07-23,15.47,2025-07-23,761
2025-07-24,15.5,2025-07-24,761
2025-07-25,14.97,2025-07-25,761
2025-07-28,15.04,2025-07-28,761
2025-07-29,15.94,2025-07-29,761
2025-07-30,16.06,2025-07-30,760
2025-07-31,16.6,2025-07-31,761
2025-08-01,20.63,2025-08-01,761
2025-08-04,17.62,2025-08-04,761
2025-08-05,17.93,2025-08-05,761
2025-08-06,16.71,2025-08-06,761
2025-08-07,16.7,2025-08-07,761
2025-08-08,15.36,2025-08-08,761
2025-08-11,16.04,2025-08-11,761
2025-08-12,14.8,2025-08-12,761
2025-08-13,14.4,2025-08-13,761
2025-08-14,14.74,2025-08-14,761
2025-08-15,15.05,2025-08-15,761
2025-08-18,15.03,2025-08-18,761
2025-08-19,15.54,2025-08-19,761
2025-08-20,15.74,2025-08-20,760
2025-08-21,16.7,2025-08-21,761
2025-08-22,14.23,2025-08-22,761
2025-08-25,14.87,2025-08-25,761
2025-08-26,14.81,2025-08-26,761
2025-08-27,14.94,2025-08-27,760
2025-08-28,14.36,2025-08-28,761
2025-08-29,15.29,2025-08-29,761
2025-09-02,17.51,2025-09-02,761
2025-09-03,16.36,2025-09-03,760
2025-09-04,15.43,2025-09-04,761
2025-09-05,15.22,2025-09-05,761
2025-09-08,15.24,2025-09-08,761
2025-09-09,15.15,2025-09-09,761
2025-09-10,15.32,2025-09-10,761
2025-09-11,14.7,2025-09-11,761
2025-09-12,14.76,2025-09-12,761
2025-09-15,15.63,2025-09-15,761
2025-09-16,16.35,2025-09-16,761
2025-09-17,15.67,2025-09-17,760
2025-09-18,15.74,2025-09-18,761
2025-09-19,15.48,2025-09-19,761
2025-09-22,16.08,2025-09-22,761
2025-09-23,16.72,2025-09-23,761
2025-09-24,16.31,2025-09-24,761
2025-09-25,16.7,2025-09-25,761
2025-09-26,15.33,2025-09-26,761
2025-09-29,16.04,2025-09-29,761
2025-09-30,16.2,2025-09-30,761
2025-10-01,16.18,2025-10-01,761
2025-10-02,16.6,2025-10-02,761
2025-10-03,16.54,2025-10-03,761
2025-10-06,16.37,2025-10-06,761
2025-10-07,17.19,2025-10-07,761
2025-10-08,16.29,2025-10-08,761
2025-10-09,16.45,2025-10-09,761
2025-10-10,21.99,2025-10-10,761
2025-10-13,18.97,2025-10-13,761
2025-10-14,20.31,2025-10-14,761
2025-10-15,20.45,2025-10-15,761
2025-10-16,24.59,2025-10-16,761
2025-10-17,21.09,2025-10-17,761
2025-10-20,18.35,2025-10-20,478
2025-10-21,17.77,2025-10-21,761
2025-10-22,18.56,2025-10-22,758
2025-10-23,17.32,2025-10-23,761
2025-10-24,16.42,2025-10-24,761
2025-10-27,15.8,2025-10-27,761
2025-10-28,16.42,2025-10-28,761
2025-10-29,16.97,2025-10-29,761
2025-10-30,17.27,2025-10-30,761
2025-10-31,17.41,2025-10-31,761
2025-11-03,17.21,2025-11-03,761
2025-11-04,18.84,2025-11-04,761
2025-11-05,17.93,2025-11-05,761
2025-11-06,19.63,2025-11-06,761
2025-11-07,19.25,2025-11-07,761
2025-11-10,17.71,2025-11-10,761
2025-11-11,17.25,2025-11-11,761
2025-11-12,17.48,2025-11-12,760
2025-11-13,20.34,2025-11-13,761
2025-11-14,20.08,2025-11-14,761
2025-11-17,22.33,2025-11-17,761
2025-11-18,24.39,2025-11-18,761
2025-11-19,23.6,2025-11-19,760
2025-11-20,26.32,2025-11-20,761
2025-11-21,23.59,2025-11-21,761
2025-11-24,20.66,2025-11-24,761
2025-11-25,18.61,2025-11-25,761
2025-11-26,17.19,2025-11-26,761
2025-11-28,16.35,2025-11-28,596
2025-12-01,17.23,2025-12-01,761
2025-12-02,16.58,2025-12-02,761
2025-12-03,16.11,2025-12-03,760
2025-12-04,15.78,2025-12-04,761
2025-12-05,15.32,2025-12-05,761
2025-12-08,16.65,2025-12-08,761
2025-12-09,16.87,2025-12-09,761
2025-12-10,15.86,2025-12-10,760
2025-12-11,14.97,2025-12-11,761
2025-12-12,15.76,2025-12-12,761
2025-12-15,16.54,2025-12-15,761
2025-12-16,16.45,2025-12-16,761
2025-12-17,17.83,2025-12-17,761
2025-12-18,16.82,2025-12-18,761
2025-12-19,15.05,2025-12-19,761
2025-12-22,14.06,2025-12-22,761
2025-12-23,13.88,2025-12-23,761
2025-12-24,13.47,2025-12-24,595
2025-12-26,13.58,2025-12-26,761
2025-12-29,14.14,2025-12-29,761
2025-12-30,14.3,2025-12-30,761
2025-12-31,15.01,2025-12-31,760
2026-01-02,14.47,2026-01-02,761
2026-01-05,14.95,2026-01-05,761
